2025-02-14 16:26:14 [background-preinit] INFO  o.h.validator.internal.util.Version - HV000001: Hibernate Validator 7.0.0.Final
2025-02-14 16:26:14 [main] INFO  c.s.c.CampaignApiApplication - Starting CampaignApiApplication using Java 17.0.8.1 with PID 18932 (D:\project\camp-api\campaignapi\target\classes started by shibi in D:\project\camp-api\campaignapi)
2025-02-14 16:26:14 [main] INFO  c.s.c.CampaignApiApplication - No active profile set, falling back to 1 default profile: "default"
2025-02-14 16:26:15 [main] INFO  o.s.d.r.c.RepositoryConfigurationDelegate - Bootstrapping Spring Data JPA repositories in DEFAULT mode.
2025-02-14 16:26:15 [main] INFO  o.s.d.r.c.RepositoryConfigurationDelegate - Finished Spring Data repository scanning in 60 ms. Found 9 JPA repository interfaces.
2025-02-14 16:26:15 [main] INFO  o.s.b.w.e.tomcat.TomcatWebServer - Tomcat initialized with port(s): 8080 (http)
2025-02-14 16:26:15 [main] INFO  o.a.coyote.http11.Http11NioProtocol - Initializing ProtocolHandler ["http-nio-8080"]
2025-02-14 16:26:15 [main] INFO  o.a.catalina.core.StandardService - Starting service [Tomcat]
2025-02-14 16:26:15 [main] INFO  o.a.catalina.core.StandardEngine - Starting Servlet engine: [Apache Tomcat/10.1.13]
2025-02-14 16:26:15 [main] INFO  o.a.c.c.C.[.[localhost].[/api] - Initializing Spring embedded WebApplicationContext
2025-02-14 16:26:15 [main] INFO  o.s.b.w.s.c.ServletWebServerApplicationContext - Root WebApplicationContext: initialization completed in 1551 ms
2025-02-14 16:26:16 [main] INFO  o.h.jpa.internal.util.LogHelper - HHH000204: Processing PersistenceUnitInfo [name: default]
2025-02-14 16:26:16 [main] INFO  org.hibernate.Version - HHH000412: Hibernate ORM core version 6.2.9.Final
2025-02-14 16:26:16 [main] INFO  org.hibernate.cfg.Environment - HHH000406: Using bytecode reflection optimizer
2025-02-14 16:26:16 [main] INFO  o.h.b.i.BytecodeProviderInitiator - HHH000021: Bytecode provider name : bytebuddy
2025-02-14 16:26:16 [main] INFO  o.s.o.j.p.SpringPersistenceUnitInfo - No LoadTimeWeaver setup: ignoring JPA class transformer
2025-02-14 16:26:16 [main] INFO  com.zaxxer.hikari.HikariDataSource - HikariPool-1 - Starting...
2025-02-14 16:26:16 [main] INFO  com.zaxxer.hikari.pool.HikariPool - HikariPool-1 - Added connection com.mysql.cj.jdbc.ConnectionImpl@56872fcb
2025-02-14 16:26:16 [main] INFO  com.zaxxer.hikari.HikariDataSource - HikariPool-1 - Start completed.
2025-02-14 16:26:16 [main] INFO  o.h.b.i.BytecodeProviderInitiator - HHH000021: Bytecode provider name : bytebuddy
2025-02-14 16:26:17 [main] INFO  o.h.e.t.j.p.i.JtaPlatformInitiator - HHH000490: Using JtaPlatform implementation: [org.hibernate.engine.transaction.jta.platform.internal.NoJtaPlatform]
2025-02-14 16:26:17 [main] INFO  o.s.o.j.LocalContainerEntityManagerFactoryBean - Initialized JPA EntityManagerFactory for persistence unit 'default'
2025-02-14 16:26:18 [main] INFO  c.s.c.config.FirebaseConfig - Firebase initialized successfully.
2025-02-14 16:26:18 [main] INFO  c.s.c.service.AuthenticationService - AuthenticationService initialized.
2025-02-14 16:26:18 [main] INFO  o.s.b.f.a.AutowiredAnnotationBeanPostProcessor - Autowired annotation is not supported on static fields: private static final org.slf4j.Logger com.shiel.campaignapi.service.BookingService.logger
2025-02-14 16:26:18 [main] WARN  o.s.b.w.s.c.AnnotationConfigServletWebServerApplicationContext - Exception encountered during context initialization - cancelling refresh attempt: org.springframework.beans.factory.UnsatisfiedDependencyException: Error creating bean with name 'bookingController': Unsatisfied dependency expressed through field 'bookingService': Error creating bean with name 'bookingService': Unsatisfied dependency expressed through field 'dependentRepository': Error creating bean with name 'dependentRepository' defined in com.shiel.campaignapi.repository.DependentRepository defined in @EnableJpaRepositories declared on JpaRepositoriesRegistrar.EnableJpaRepositoriesConfiguration: Could not create query for public abstract boolean com.shiel.campaignapi.repository.DependentRepository.existsByBookingId(java.lang.Long); Reason: Failed to create query for method public abstract boolean com.shiel.campaignapi.repository.DependentRepository.existsByBookingId(java.lang.Long); Can't compare test expression of type [Booking] with element of type [basicType@5(java.lang.Long,-5)]
2025-02-14 16:26:18 [main] INFO  o.s.o.j.LocalContainerEntityManagerFactoryBean - Closing JPA EntityManagerFactory for persistence unit 'default'
2025-02-14 16:26:18 [main] INFO  com.zaxxer.hikari.HikariDataSource - HikariPool-1 - Shutdown initiated...
2025-02-14 16:26:18 [main] INFO  com.zaxxer.hikari.HikariDataSource - HikariPool-1 - Shutdown completed.
2025-02-14 16:26:18 [main] INFO  o.a.catalina.core.StandardService - Stopping service [Tomcat]
2025-02-14 16:26:18 [main] INFO  o.s.b.a.l.ConditionEvaluationReportLogger - 

Error starting ApplicationContext. To display the condition evaluation report re-run your application with 'debug' enabled.
2025-02-14 16:26:18 [main] ERROR o.s.boot.SpringApplication - Application run failed
org.springframework.beans.factory.UnsatisfiedDependencyException: Error creating bean with name 'bookingController': Unsatisfied dependency expressed through field 'bookingService': Error creating bean with name 'bookingService': Unsatisfied dependency expressed through field 'dependentRepository': Error creating bean with name 'dependentRepository' defined in com.shiel.campaignapi.repository.DependentRepository defined in @EnableJpaRepositories declared on JpaRepositoriesRegistrar.EnableJpaRepositoriesConfiguration: Could not create query for public abstract boolean com.shiel.campaignapi.repository.DependentRepository.existsByBookingId(java.lang.Long); Reason: Failed to create query for method public abstract boolean com.shiel.campaignapi.repository.DependentRepository.existsByBookingId(java.lang.Long); Can't compare test expression of type [Booking] with element of type [basicType@5(java.lang.Long,-5)]
	at org.springframework.beans.factory.annotation.AutowiredAnnotationBeanPostProcessor$AutowiredFieldElement.resolveFieldValue(AutowiredAnnotationBeanPostProcessor.java:767)
	at org.springframework.beans.factory.annotation.AutowiredAnnotationBeanPostProcessor$AutowiredFieldElement.inject(AutowiredAnnotationBeanPostProcessor.java:747)
	at org.springframework.beans.factory.annotation.InjectionMetadata.inject(InjectionMetadata.java:145)
	at org.springframework.beans.factory.annotation.AutowiredAnnotationBeanPostProcessor.postProcessProperties(AutowiredAnnotationBeanPostProcessor.java:492)
	at org.springframework.beans.factory.support.AbstractAutowireCapableBeanFactory.populateBean(AbstractAutowireCapableBeanFactory.java:1416)
	at org.springframework.beans.factory.support.AbstractAutowireCapableBeanFactory.doCreateBean(AbstractAutowireCapableBeanFactory.java:597)
	at org.springframework.beans.factory.support.AbstractAutowireCapableBeanFactory.createBean(AbstractAutowireCapableBeanFactory.java:520)
	at org.springframework.beans.factory.support.AbstractBeanFactory.lambda$doGetBean$0(AbstractBeanFactory.java:325)
	at org.springframework.beans.factory.support.DefaultSingletonBeanRegistry.getSingleton(DefaultSingletonBeanRegistry.java:234)
	at org.springframework.beans.factory.support.AbstractBeanFactory.doGetBean(AbstractBeanFactory.java:323)
	at org.springframework.beans.factory.support.AbstractBeanFactory.getBean(AbstractBeanFactory.java:199)
	at org.springframework.beans.factory.support.DefaultListableBeanFactory.preInstantiateSingletons(DefaultListableBeanFactory.java:973)
	at org.springframework.context.support.AbstractApplicationContext.finishBeanFactoryInitialization(AbstractApplicationContext.java:942)
	at org.springframework.context.support.AbstractApplicationContext.refresh(AbstractApplicationContext.java:608)
	at org.springframework.boot.web.servlet.context.ServletWebServerApplicationContext.refresh(ServletWebServerApplicationContext.java:146)
	at org.springframework.boot.SpringApplication.refresh(SpringApplication.java:737)
	at org.springframework.boot.SpringApplication.refreshContext(SpringApplication.java:439)
	at org.springframework.boot.SpringApplication.run(SpringApplication.java:315)
	at org.springframework.boot.SpringApplication.run(SpringApplication.java:1309)
	at org.springframework.boot.SpringApplication.run(SpringApplication.java:1298)
	at com.shiel.campaignapi.CampaignApiApplication.main(CampaignApiApplication.java:12)
Caused by: org.springframework.beans.factory.UnsatisfiedDependencyException: Error creating bean with name 'bookingService': Unsatisfied dependency expressed through field 'dependentRepository': Error creating bean with name 'dependentRepository' defined in com.shiel.campaignapi.repository.DependentRepository defined in @EnableJpaRepositories declared on JpaRepositoriesRegistrar.EnableJpaRepositoriesConfiguration: Could not create query for public abstract boolean com.shiel.campaignapi.repository.DependentRepository.existsByBookingId(java.lang.Long); Reason: Failed to create query for method public abstract boolean com.shiel.campaignapi.repository.DependentRepository.existsByBookingId(java.lang.Long); Can't compare test expression of type [Booking] with element of type [basicType@5(java.lang.Long,-5)]
	at org.springframework.beans.factory.annotation.AutowiredAnnotationBeanPostProcessor$AutowiredFieldElement.resolveFieldValue(AutowiredAnnotationBeanPostProcessor.java:767)
	at org.springframework.beans.factory.annotation.AutowiredAnnotationBeanPostProcessor$AutowiredFieldElement.inject(AutowiredAnnotationBeanPostProcessor.java:747)
	at org.springframework.beans.factory.annotation.InjectionMetadata.inject(InjectionMetadata.java:145)
	at org.springframework.beans.factory.annotation.AutowiredAnnotationBeanPostProcessor.postProcessProperties(AutowiredAnnotationBeanPostProcessor.java:492)
	at org.springframework.beans.factory.support.AbstractAutowireCapableBeanFactory.populateBean(AbstractAutowireCapableBeanFactory.java:1416)
	at org.springframework.beans.factory.support.AbstractAutowireCapableBeanFactory.doCreateBean(AbstractAutowireCapableBeanFactory.java:597)
	at org.springframework.beans.factory.support.AbstractAutowireCapableBeanFactory.createBean(AbstractAutowireCapableBeanFactory.java:520)
	at org.springframework.beans.factory.support.AbstractBeanFactory.lambda$doGetBean$0(AbstractBeanFactory.java:325)
	at org.springframework.beans.factory.support.DefaultSingletonBeanRegistry.getSingleton(DefaultSingletonBeanRegistry.java:234)
	at org.springframework.beans.factory.support.AbstractBeanFactory.doGetBean(AbstractBeanFactory.java:323)
	at org.springframework.beans.factory.support.AbstractBeanFactory.getBean(AbstractBeanFactory.java:199)
	at org.springframework.beans.factory.config.DependencyDescriptor.resolveCandidate(DependencyDescriptor.java:254)
	at org.springframework.beans.factory.support.DefaultListableBeanFactory.doResolveDependency(DefaultListableBeanFactory.java:1417)
	at org.springframework.beans.factory.support.DefaultListableBeanFactory.resolveDependency(DefaultListableBeanFactory.java:1337)
	at org.springframework.beans.factory.annotation.AutowiredAnnotationBeanPostProcessor$AutowiredFieldElement.resolveFieldValue(AutowiredAnnotationBeanPostProcessor.java:764)
	... 20 common frames omitted
Caused by: org.springframework.beans.factory.BeanCreationException: Error creating bean with name 'dependentRepository' defined in com.shiel.campaignapi.repository.DependentRepository defined in @EnableJpaRepositories declared on JpaRepositoriesRegistrar.EnableJpaRepositoriesConfiguration: Could not create query for public abstract boolean com.shiel.campaignapi.repository.DependentRepository.existsByBookingId(java.lang.Long); Reason: Failed to create query for method public abstract boolean com.shiel.campaignapi.repository.DependentRepository.existsByBookingId(java.lang.Long); Can't compare test expression of type [Booking] with element of type [basicType@5(java.lang.Long,-5)]
	at org.springframework.beans.factory.support.AbstractAutowireCapableBeanFactory.initializeBean(AbstractAutowireCapableBeanFactory.java:1770)
	at org.springframework.beans.factory.support.AbstractAutowireCapableBeanFactory.doCreateBean(AbstractAutowireCapableBeanFactory.java:598)
	at org.springframework.beans.factory.support.AbstractAutowireCapableBeanFactory.createBean(AbstractAutowireCapableBeanFactory.java:520)
	at org.springframework.beans.factory.support.AbstractBeanFactory.lambda$doGetBean$0(AbstractBeanFactory.java:325)
	at org.springframework.beans.factory.support.DefaultSingletonBeanRegistry.getSingleton(DefaultSingletonBeanRegistry.java:234)
	at org.springframework.beans.factory.support.AbstractBeanFactory.doGetBean(AbstractBeanFactory.java:323)
	at org.springframework.beans.factory.support.AbstractBeanFactory.getBean(AbstractBeanFactory.java:199)
	at org.springframework.beans.factory.config.DependencyDescriptor.resolveCandidate(DependencyDescriptor.java:254)
	at org.springframework.beans.factory.support.DefaultListableBeanFactory.doResolveDependency(DefaultListableBeanFactory.java:1417)
	at org.springframework.beans.factory.support.DefaultListableBeanFactory.resolveDependency(DefaultListableBeanFactory.java:1337)
	at org.springframework.beans.factory.annotation.AutowiredAnnotationBeanPostProcessor$AutowiredFieldElement.resolveFieldValue(AutowiredAnnotationBeanPostProcessor.java:764)
	... 34 common frames omitted
Caused by: org.springframework.data.repository.query.QueryCreationException: Could not create query for public abstract boolean com.shiel.campaignapi.repository.DependentRepository.existsByBookingId(java.lang.Long); Reason: Failed to create query for method public abstract boolean com.shiel.campaignapi.repository.DependentRepository.existsByBookingId(java.lang.Long); Can't compare test expression of type [Booking] with element of type [basicType@5(java.lang.Long,-5)]
	at org.springframework.data.repository.query.QueryCreationException.create(QueryCreationException.java:101)
	at org.springframework.data.repository.core.support.QueryExecutorMethodInterceptor.lookupQuery(QueryExecutorMethodInterceptor.java:115)
	at org.springframework.data.repository.core.support.QueryExecutorMethodInterceptor.mapMethodsToQuery(QueryExecutorMethodInterceptor.java:99)
	at org.springframework.data.repository.core.support.QueryExecutorMethodInterceptor.lambda$new$0(QueryExecutorMethodInterceptor.java:88)
	at java.base/java.util.Optional.map(Optional.java:260)
	at org.springframework.data.repository.core.support.QueryExecutorMethodInterceptor.<init>(QueryExecutorMethodInterceptor.java:88)
	at org.springframework.data.repository.core.support.RepositoryFactorySupport.getRepository(RepositoryFactorySupport.java:357)
	at org.springframework.data.repository.core.support.RepositoryFactoryBeanSupport.lambda$afterPropertiesSet$5(RepositoryFactoryBeanSupport.java:279)
	at org.springframework.data.util.Lazy.getNullable(Lazy.java:245)
	at org.springframework.data.util.Lazy.get(Lazy.java:114)
	at org.springframework.data.repository.core.support.RepositoryFactoryBeanSupport.afterPropertiesSet(RepositoryFactoryBeanSupport.java:285)
	at org.springframework.data.jpa.repository.support.JpaRepositoryFactoryBean.afterPropertiesSet(JpaRepositoryFactoryBean.java:132)
	at org.springframework.beans.factory.support.AbstractAutowireCapableBeanFactory.invokeInitMethods(AbstractAutowireCapableBeanFactory.java:1817)
	at org.springframework.beans.factory.support.AbstractAutowireCapableBeanFactory.initializeBean(AbstractAutowireCapableBeanFactory.java:1766)
	... 44 common frames omitted
Caused by: java.lang.IllegalArgumentException: Failed to create query for method public abstract boolean com.shiel.campaignapi.repository.DependentRepository.existsByBookingId(java.lang.Long); Can't compare test expression of type [Booking] with element of type [basicType@5(java.lang.Long,-5)]
	at org.springframework.data.jpa.repository.query.PartTreeJpaQuery.<init>(PartTreeJpaQuery.java:107)
	at org.springframework.data.jpa.repository.query.JpaQueryLookupStrategy$CreateQueryLookupStrategy.resolveQuery(JpaQueryLookupStrategy.java:124)
	at org.springframework.data.jpa.repository.query.JpaQueryLookupStrategy$CreateIfNotFoundQueryLookupStrategy.resolveQuery(JpaQueryLookupStrategy.java:258)
	at org.springframework.data.jpa.repository.query.JpaQueryLookupStrategy$AbstractQueryLookupStrategy.resolveQuery(JpaQueryLookupStrategy.java:95)
	at org.springframework.data.repository.core.support.QueryExecutorMethodInterceptor.lookupQuery(QueryExecutorMethodInterceptor.java:111)
	... 56 common frames omitted
Caused by: java.lang.IllegalArgumentException: Can't compare test expression of type [Booking] with element of type [basicType@5(java.lang.Long,-5)]
	at org.hibernate.query.sqm.internal.SqmCriteriaNodeBuilder.assertComparable(SqmCriteriaNodeBuilder.java:2102)
	at org.hibernate.query.sqm.internal.SqmCriteriaNodeBuilder.equal(SqmCriteriaNodeBuilder.java:2113)
	at org.hibernate.query.sqm.internal.SqmCriteriaNodeBuilder.equal(SqmCriteriaNodeBuilder.java:182)
	at org.springframework.data.jpa.repository.query.JpaQueryCreator$PredicateBuilder.build(JpaQueryCreator.java:312)
	at org.springframework.data.jpa.repository.query.JpaQueryCreator.toPredicate(JpaQueryCreator.java:210)
	at org.springframework.data.jpa.repository.query.JpaQueryCreator.create(JpaQueryCreator.java:121)
	at org.springframework.data.jpa.repository.query.JpaQueryCreator.create(JpaQueryCreator.java:60)
	at org.springframework.data.repository.query.parser.AbstractQueryCreator.createCriteria(AbstractQueryCreator.java:119)
	at org.springframework.data.repository.query.parser.AbstractQueryCreator.createQuery(AbstractQueryCreator.java:95)
	at org.springframework.data.repository.query.parser.AbstractQueryCreator.createQuery(AbstractQueryCreator.java:81)
	at org.springframework.data.jpa.repository.query.PartTreeJpaQuery$QueryPreparer.<init>(PartTreeJpaQuery.java:218)
	at org.springframework.data.jpa.repository.query.PartTreeJpaQuery$CountQueryPreparer.<init>(PartTreeJpaQuery.java:361)
	at org.springframework.data.jpa.repository.query.PartTreeJpaQuery.<init>(PartTreeJpaQuery.java:102)
	... 60 common frames omitted
2025-02-14 16:31:24 [background-preinit] INFO  o.h.validator.internal.util.Version - HV000001: Hibernate Validator 7.0.0.Final
2025-02-14 16:31:24 [main] INFO  c.s.c.CampaignApiApplication - Starting CampaignApiApplication using Java 17.0.8.1 with PID 20200 (D:\project\camp-api\campaignapi\target\classes started by shibi in D:\project\camp-api\campaignapi)
2025-02-14 16:31:24 [main] INFO  c.s.c.CampaignApiApplication - No active profile set, falling back to 1 default profile: "default"
2025-02-14 16:31:25 [main] INFO  o.s.d.r.c.RepositoryConfigurationDelegate - Bootstrapping Spring Data JPA repositories in DEFAULT mode.
2025-02-14 16:31:25 [main] INFO  o.s.d.r.c.RepositoryConfigurationDelegate - Finished Spring Data repository scanning in 62 ms. Found 9 JPA repository interfaces.
2025-02-14 16:31:26 [main] INFO  o.s.b.w.e.tomcat.TomcatWebServer - Tomcat initialized with port(s): 8080 (http)
2025-02-14 16:31:26 [main] INFO  o.a.coyote.http11.Http11NioProtocol - Initializing ProtocolHandler ["http-nio-8080"]
2025-02-14 16:31:26 [main] INFO  o.a.catalina.core.StandardService - Starting service [Tomcat]
2025-02-14 16:31:26 [main] INFO  o.a.catalina.core.StandardEngine - Starting Servlet engine: [Apache Tomcat/10.1.13]
2025-02-14 16:31:26 [main] INFO  o.a.c.c.C.[.[localhost].[/api] - Initializing Spring embedded WebApplicationContext
2025-02-14 16:31:26 [main] INFO  o.s.b.w.s.c.ServletWebServerApplicationContext - Root WebApplicationContext: initialization completed in 1094 ms
2025-02-14 16:31:26 [main] INFO  o.h.jpa.internal.util.LogHelper - HHH000204: Processing PersistenceUnitInfo [name: default]
2025-02-14 16:31:26 [main] INFO  org.hibernate.Version - HHH000412: Hibernate ORM core version 6.2.9.Final
2025-02-14 16:31:26 [main] INFO  org.hibernate.cfg.Environment - HHH000406: Using bytecode reflection optimizer
2025-02-14 16:31:26 [main] INFO  o.h.b.i.BytecodeProviderInitiator - HHH000021: Bytecode provider name : bytebuddy
2025-02-14 16:31:26 [main] INFO  o.s.o.j.p.SpringPersistenceUnitInfo - No LoadTimeWeaver setup: ignoring JPA class transformer
2025-02-14 16:31:26 [main] INFO  com.zaxxer.hikari.HikariDataSource - HikariPool-1 - Starting...
2025-02-14 16:31:26 [main] INFO  com.zaxxer.hikari.pool.HikariPool - HikariPool-1 - Added connection com.mysql.cj.jdbc.ConnectionImpl@6abe62bb
2025-02-14 16:31:26 [main] INFO  com.zaxxer.hikari.HikariDataSource - HikariPool-1 - Start completed.
2025-02-14 16:31:26 [main] INFO  o.h.b.i.BytecodeProviderInitiator - HHH000021: Bytecode provider name : bytebuddy
2025-02-14 16:31:27 [main] INFO  o.h.e.t.j.p.i.JtaPlatformInitiator - HHH000490: Using JtaPlatform implementation: [org.hibernate.engine.transaction.jta.platform.internal.NoJtaPlatform]
2025-02-14 16:31:27 [main] INFO  o.s.o.j.LocalContainerEntityManagerFactoryBean - Initialized JPA EntityManagerFactory for persistence unit 'default'
2025-02-14 16:31:27 [main] INFO  c.s.c.config.FirebaseConfig - Firebase initialized successfully.
2025-02-14 16:31:28 [main] INFO  c.s.c.service.AuthenticationService - AuthenticationService initialized.
2025-02-14 16:31:28 [main] INFO  o.s.b.f.a.AutowiredAnnotationBeanPostProcessor - Autowired annotation is not supported on static fields: private static final org.slf4j.Logger com.shiel.campaignapi.service.BookingService.logger
2025-02-14 16:31:28 [main] INFO  org.quartz.impl.StdSchedulerFactory - Using default implementation for ThreadExecutor
2025-02-14 16:31:28 [main] INFO  o.quartz.core.SchedulerSignalerImpl - Initialized Scheduler Signaller of type: class org.quartz.core.SchedulerSignalerImpl
2025-02-14 16:31:28 [main] INFO  org.quartz.core.QuartzScheduler - Quartz Scheduler v.2.3.2 created.
2025-02-14 16:31:28 [main] INFO  org.quartz.simpl.RAMJobStore - RAMJobStore initialized.
2025-02-14 16:31:28 [main] INFO  org.quartz.core.QuartzScheduler - Scheduler meta-data: Quartz Scheduler (v2.3.2) 'MeetingScheduler' with instanceId 'NON_CLUSTERED'
  Scheduler class: 'org.quartz.core.QuartzScheduler' - running locally.
  NOT STARTED.
  Currently in standby mode.
  Number of jobs executed: 0
  Using thread pool 'org.quartz.simpl.SimpleThreadPool' - with 10 threads.
  Using job-store 'org.quartz.simpl.RAMJobStore' - which does not support persistence. and is not clustered.

2025-02-14 16:31:28 [main] INFO  org.quartz.impl.StdSchedulerFactory - Quartz scheduler 'MeetingScheduler' initialized from an externally provided properties instance.
2025-02-14 16:31:28 [main] INFO  org.quartz.impl.StdSchedulerFactory - Quartz scheduler version: 2.3.2
2025-02-14 16:31:28 [main] INFO  org.quartz.core.QuartzScheduler - JobFactory set to: org.springframework.scheduling.quartz.SpringBeanJobFactory@7d3b4646
2025-02-14 16:31:28 [main] INFO  o.s.s.web.DefaultSecurityFilterChain - Will secure any request with [org.springframework.security.web.session.DisableEncodeUrlFilter@35ab0bf3, org.springframework.security.web.context.request.async.WebAsyncManagerIntegrationFilter@dd26290, org.springframework.security.web.context.SecurityContextHolderFilter@7892635c, org.springframework.security.web.header.HeaderWriterFilter@7f39bcb5, org.springframework.security.web.authentication.logout.LogoutFilter@2cc9a5a2, com.shiel.campaignapi.config.JwtAuthenticationFilter@1a899fcd, org.springframework.security.web.savedrequest.RequestCacheAwareFilter@729a98e9, org.springframework.security.web.servletapi.SecurityContextHolderAwareRequestFilter@28ab7ffb, org.springframework.security.web.authentication.AnonymousAuthenticationFilter@21d30ba5, org.springframework.security.web.session.SessionManagementFilter@29a51ff1, org.springframework.security.web.access.ExceptionTranslationFilter@1676e501, org.springframework.security.web.access.intercept.AuthorizationFilter@2f32fe68]
2025-02-14 16:31:28 [main] INFO  o.a.coyote.http11.Http11NioProtocol - Starting ProtocolHandler ["http-nio-8080"]
2025-02-14 16:31:28 [main] INFO  o.s.b.w.e.tomcat.TomcatWebServer - Tomcat started on port(s): 8080 (http) with context path '/api'
2025-02-14 16:31:28 [main] INFO  o.s.s.quartz.SchedulerFactoryBean - Starting Quartz Scheduler now
2025-02-14 16:31:28 [main] INFO  org.quartz.core.QuartzScheduler - Scheduler MeetingScheduler_$_NON_CLUSTERED started.
2025-02-14 16:31:28 [main] INFO  c.s.c.CampaignApiApplication - Started CampaignApiApplication in 4.033 seconds (process running for 4.682)
2025-02-14 16:37:07 [http-nio-8080-exec-1] INFO  o.a.c.c.C.[.[localhost].[/api] - Initializing Spring DispatcherServlet 'dispatcherServlet'
2025-02-14 16:37:07 [http-nio-8080-exec-1] INFO  o.s.web.servlet.DispatcherServlet - Initializing Servlet 'dispatcherServlet'
2025-02-14 16:37:07 [http-nio-8080-exec-1] INFO  o.s.web.servlet.DispatcherServlet - Completed initialization in 2 ms
2025-02-14 16:38:38 [http-nio-8080-exec-5] INFO  c.s.c.service.AuthenticationService - Attempting authentication for identifier: shibinshibu7078@gmail.com
2025-02-14 16:38:39 [http-nio-8080-exec-5] INFO  c.s.c.service.AuthenticationService - Authentication successful for user with email: shibinshibu7078@gmail.com
2025-02-14 16:39:21 [http-nio-8080-exec-6] INFO  c.s.c.service.BookingService - Fetching all bookings...
2025-02-14 16:39:21 [http-nio-8080-exec-6] INFO  c.s.c.service.BookingService - Found 0 bookings.
2025-02-14 16:40:01 [http-nio-8080-exec-8] INFO  c.s.campaignapi.service.EventService - Finding all events
2025-02-14 16:40:35 [http-nio-8080-exec-9] INFO  c.s.c.service.BookingService - Starting booking process for event ID: 1
2025-02-14 16:40:36 [http-nio-8080-exec-9] INFO  c.s.c.service.BookingService - Created new booking for user: shibinshibu7078@gmail.com
2025-02-14 16:40:36 [http-nio-8080-exec-9] INFO  c.s.c.service.BookingService - Booking saved with ID: 4
2025-02-14 16:41:59 [http-nio-8080-exec-3] INFO  c.s.c.service.BookingService - Fetching all bookings...
2025-02-14 16:41:59 [http-nio-8080-exec-3] INFO  c.s.c.service.BookingService - Found 1 bookings.
2025-02-14 16:42:16 [http-nio-8080-exec-5] INFO  c.s.c.service.BookingService - Fetching all bookings...
2025-02-14 16:42:16 [http-nio-8080-exec-5] INFO  c.s.c.service.BookingService - Found 1 bookings.
2025-02-14 16:42:47 [http-nio-8080-exec-6] INFO  c.s.campaignapi.service.EventService - Finding all events
2025-02-14 16:46:12 [background-preinit] INFO  o.h.validator.internal.util.Version - HV000001: Hibernate Validator 7.0.0.Final
2025-02-14 16:46:12 [main] INFO  c.s.c.CampaignApiApplication - Starting CampaignApiApplication using Java 17.0.8.1 with PID 14368 (D:\project\camp-api\campaignapi\target\classes started by shibi in D:\project\camp-api\campaignapi)
2025-02-14 16:46:12 [main] INFO  c.s.c.CampaignApiApplication - No active profile set, falling back to 1 default profile: "default"
2025-02-14 16:46:13 [main] INFO  o.s.d.r.c.RepositoryConfigurationDelegate - Bootstrapping Spring Data JPA repositories in DEFAULT mode.
2025-02-14 16:46:13 [main] INFO  o.s.d.r.c.RepositoryConfigurationDelegate - Finished Spring Data repository scanning in 56 ms. Found 9 JPA repository interfaces.
2025-02-14 16:46:13 [main] INFO  o.s.b.w.e.tomcat.TomcatWebServer - Tomcat initialized with port(s): 8080 (http)
2025-02-14 16:46:13 [main] INFO  o.a.coyote.http11.Http11NioProtocol - Initializing ProtocolHandler ["http-nio-8080"]
2025-02-14 16:46:13 [main] INFO  o.a.catalina.core.StandardService - Starting service [Tomcat]
2025-02-14 16:46:13 [main] INFO  o.a.catalina.core.StandardEngine - Starting Servlet engine: [Apache Tomcat/10.1.13]
2025-02-14 16:46:13 [main] INFO  o.a.c.c.C.[.[localhost].[/api] - Initializing Spring embedded WebApplicationContext
2025-02-14 16:46:13 [main] INFO  o.s.b.w.s.c.ServletWebServerApplicationContext - Root WebApplicationContext: initialization completed in 1120 ms
2025-02-14 16:46:13 [main] INFO  o.h.jpa.internal.util.LogHelper - HHH000204: Processing PersistenceUnitInfo [name: default]
2025-02-14 16:46:14 [main] INFO  org.hibernate.Version - HHH000412: Hibernate ORM core version 6.2.9.Final
2025-02-14 16:46:14 [main] INFO  org.hibernate.cfg.Environment - HHH000406: Using bytecode reflection optimizer
2025-02-14 16:46:14 [main] INFO  o.h.b.i.BytecodeProviderInitiator - HHH000021: Bytecode provider name : bytebuddy
2025-02-14 16:46:14 [main] INFO  o.s.o.j.p.SpringPersistenceUnitInfo - No LoadTimeWeaver setup: ignoring JPA class transformer
2025-02-14 16:46:14 [main] INFO  com.zaxxer.hikari.HikariDataSource - HikariPool-1 - Starting...
2025-02-14 16:46:14 [main] INFO  com.zaxxer.hikari.pool.HikariPool - HikariPool-1 - Added connection com.mysql.cj.jdbc.ConnectionImpl@61c4cebd
2025-02-14 16:46:14 [main] INFO  com.zaxxer.hikari.HikariDataSource - HikariPool-1 - Start completed.
2025-02-14 16:46:14 [main] INFO  o.h.b.i.BytecodeProviderInitiator - HHH000021: Bytecode provider name : bytebuddy
2025-02-14 16:46:15 [main] INFO  o.h.e.t.j.p.i.JtaPlatformInitiator - HHH000490: Using JtaPlatform implementation: [org.hibernate.engine.transaction.jta.platform.internal.NoJtaPlatform]
2025-02-14 16:46:15 [main] INFO  o.s.o.j.LocalContainerEntityManagerFactoryBean - Initialized JPA EntityManagerFactory for persistence unit 'default'
2025-02-14 16:46:15 [main] INFO  c.s.c.config.FirebaseConfig - Firebase initialized successfully.
2025-02-14 16:46:15 [main] INFO  c.s.c.service.AuthenticationService - AuthenticationService initialized.
2025-02-14 16:46:15 [main] INFO  o.s.b.f.a.AutowiredAnnotationBeanPostProcessor - Autowired annotation is not supported on static fields: private static final org.slf4j.Logger com.shiel.campaignapi.service.BookingService.logger
2025-02-14 16:46:16 [main] INFO  org.quartz.impl.StdSchedulerFactory - Using default implementation for ThreadExecutor
2025-02-14 16:46:16 [main] INFO  o.quartz.core.SchedulerSignalerImpl - Initialized Scheduler Signaller of type: class org.quartz.core.SchedulerSignalerImpl
2025-02-14 16:46:16 [main] INFO  org.quartz.core.QuartzScheduler - Quartz Scheduler v.2.3.2 created.
2025-02-14 16:46:16 [main] INFO  org.quartz.simpl.RAMJobStore - RAMJobStore initialized.
2025-02-14 16:46:16 [main] INFO  org.quartz.core.QuartzScheduler - Scheduler meta-data: Quartz Scheduler (v2.3.2) 'MeetingScheduler' with instanceId 'NON_CLUSTERED'
  Scheduler class: 'org.quartz.core.QuartzScheduler' - running locally.
  NOT STARTED.
  Currently in standby mode.
  Number of jobs executed: 0
  Using thread pool 'org.quartz.simpl.SimpleThreadPool' - with 10 threads.
  Using job-store 'org.quartz.simpl.RAMJobStore' - which does not support persistence. and is not clustered.

2025-02-14 16:46:16 [main] INFO  org.quartz.impl.StdSchedulerFactory - Quartz scheduler 'MeetingScheduler' initialized from an externally provided properties instance.
2025-02-14 16:46:16 [main] INFO  org.quartz.impl.StdSchedulerFactory - Quartz scheduler version: 2.3.2
2025-02-14 16:46:16 [main] INFO  org.quartz.core.QuartzScheduler - JobFactory set to: org.springframework.scheduling.quartz.SpringBeanJobFactory@7e474bd
2025-02-14 16:46:16 [main] INFO  o.s.s.web.DefaultSecurityFilterChain - Will secure any request with [org.springframework.security.web.session.DisableEncodeUrlFilter@35ab83a7, org.springframework.security.web.context.request.async.WebAsyncManagerIntegrationFilter@7a7698f4, org.springframework.security.web.context.SecurityContextHolderFilter@64e6cdad, org.springframework.security.web.header.HeaderWriterFilter@3aa4d595, org.springframework.security.web.authentication.logout.LogoutFilter@d1b9dd7, com.shiel.campaignapi.config.JwtAuthenticationFilter@3985175e, org.springframework.security.web.savedrequest.RequestCacheAwareFilter@2c5e2a44, org.springframework.security.web.servletapi.SecurityContextHolderAwareRequestFilter@16a3d9a7, org.springframework.security.web.authentication.AnonymousAuthenticationFilter@1150b923, org.springframework.security.web.session.SessionManagementFilter@283240b0, org.springframework.security.web.access.ExceptionTranslationFilter@729a98e9, org.springframework.security.web.access.intercept.AuthorizationFilter@5295779]
2025-02-14 16:46:16 [main] INFO  o.a.coyote.http11.Http11NioProtocol - Starting ProtocolHandler ["http-nio-8080"]
2025-02-14 16:46:16 [main] INFO  o.s.b.w.e.tomcat.TomcatWebServer - Tomcat started on port(s): 8080 (http) with context path '/api'
2025-02-14 16:46:16 [main] INFO  o.s.s.quartz.SchedulerFactoryBean - Starting Quartz Scheduler now
2025-02-14 16:46:16 [main] INFO  org.quartz.core.QuartzScheduler - Scheduler MeetingScheduler_$_NON_CLUSTERED started.
2025-02-14 16:46:16 [main] INFO  c.s.c.CampaignApiApplication - Started CampaignApiApplication in 4.068 seconds (process running for 4.709)
2025-02-14 16:47:29 [http-nio-8080-exec-1] INFO  o.a.c.c.C.[.[localhost].[/api] - Initializing Spring DispatcherServlet 'dispatcherServlet'
2025-02-14 16:47:29 [http-nio-8080-exec-1] INFO  o.s.web.servlet.DispatcherServlet - Initializing Servlet 'dispatcherServlet'
2025-02-14 16:47:29 [http-nio-8080-exec-1] INFO  o.s.web.servlet.DispatcherServlet - Completed initialization in 1 ms
2025-02-14 16:47:30 [http-nio-8080-exec-1] INFO  c.s.c.service.BookingService - Fetching all bookings...
2025-02-14 16:47:30 [http-nio-8080-exec-1] INFO  c.s.c.service.BookingService - Found 1 bookings.
2025-02-14 16:47:49 [http-nio-8080-exec-3] INFO  c.s.c.service.BookingService - Starting booking process for event ID: 1
2025-02-14 16:47:49 [http-nio-8080-exec-3] INFO  c.s.c.service.BookingService - Created new booking for user: shibinshibu7078@gmail.com
2025-02-14 16:47:49 [http-nio-8080-exec-3] INFO  c.s.c.service.BookingService - Booking saved with ID: 5
2025-02-14 16:48:06 [http-nio-8080-exec-4] INFO  c.s.c.service.BookingService - Fetching all bookings...
2025-02-14 16:48:06 [http-nio-8080-exec-4] INFO  c.s.c.service.BookingService - Found 1 bookings.
2025-02-14 16:49:03 [http-nio-8080-exec-5] INFO  c.s.c.service.BookingService - Starting booking process for event ID: 1
2025-02-14 16:49:03 [http-nio-8080-exec-5] INFO  c.s.c.service.BookingService - Booking saved with ID: 5
2025-02-14 16:50:18 [http-nio-8080-exec-9] INFO  c.s.c.service.BookingService - Fetching all bookings...
2025-02-14 16:50:18 [http-nio-8080-exec-9] INFO  c.s.c.service.BookingService - Found 1 bookings.
2025-02-14 16:50:30 [http-nio-8080-exec-2] INFO  c.s.c.service.BookingService - Fetching all bookings...
2025-02-14 16:50:30 [http-nio-8080-exec-2] INFO  c.s.c.service.BookingService - Found 1 bookings.
2025-02-14 16:50:42 [http-nio-8080-exec-3] INFO  c.s.c.service.BookingService - Fetching all bookings...
2025-02-14 16:50:42 [http-nio-8080-exec-3] INFO  c.s.c.service.BookingService - Found 1 bookings.
2025-02-14 16:50:58 [http-nio-8080-exec-5] INFO  c.s.c.service.BookingService - Fetching all bookings...
2025-02-14 16:50:58 [http-nio-8080-exec-5] INFO  c.s.c.service.BookingService - Found 1 bookings.
2025-02-14 16:51:22 [http-nio-8080-exec-6] INFO  c.s.c.service.BookingService - Starting booking process for event ID: 1
2025-02-14 16:51:22 [http-nio-8080-exec-6] INFO  c.s.c.service.BookingService - Booking saved with ID: 5
2025-02-14 16:51:35 [http-nio-8080-exec-8] INFO  c.s.c.service.BookingService - Fetching all bookings...
2025-02-14 16:51:35 [http-nio-8080-exec-8] INFO  c.s.c.service.BookingService - Found 1 bookings.
2025-02-14 16:51:46 [http-nio-8080-exec-10] INFO  c.s.c.service.BookingService - Fetching all bookings...
2025-02-14 16:51:46 [http-nio-8080-exec-10] INFO  c.s.c.service.BookingService - Found 1 bookings.
2025-02-14 16:52:19 [http-nio-8080-exec-2] INFO  c.s.c.service.BookingService - Starting booking process for event ID: 1
2025-02-14 16:52:19 [http-nio-8080-exec-2] INFO  c.s.c.service.BookingService - Booking saved with ID: 5
2025-02-14 16:52:26 [http-nio-8080-exec-1] INFO  c.s.c.service.BookingService - Fetching all bookings...
2025-02-14 16:52:26 [http-nio-8080-exec-1] INFO  c.s.c.service.BookingService - Found 1 bookings.
2025-02-14 16:52:55 [http-nio-8080-exec-3] INFO  c.s.c.service.BookingService - Starting booking process for event ID: 1
2025-02-14 16:52:55 [http-nio-8080-exec-3] INFO  c.s.c.service.BookingService - Booking saved with ID: 5
2025-02-14 16:53:42 [http-nio-8080-exec-5] INFO  c.s.c.service.BookingService - Fetching all bookings...
2025-02-14 16:53:42 [http-nio-8080-exec-5] INFO  c.s.c.service.BookingService - Found 1 bookings.
2025-02-14 16:54:05 [http-nio-8080-exec-7] INFO  c.s.c.service.BookingService - Fetching all bookings...
2025-02-14 16:54:05 [http-nio-8080-exec-7] INFO  c.s.c.service.BookingService - Found 1 bookings.
2025-02-14 16:54:12 [http-nio-8080-exec-9] INFO  c.s.c.service.BookingService - Fetching all bookings...
2025-02-14 16:54:12 [http-nio-8080-exec-9] INFO  c.s.c.service.BookingService - Found 1 bookings.
2025-02-14 16:54:26 [http-nio-8080-exec-2] INFO  c.s.c.service.BookingService - Fetching all bookings...
2025-02-14 16:54:26 [http-nio-8080-exec-2] INFO  c.s.c.service.BookingService - Found 1 bookings.
2025-02-14 16:59:23 [http-nio-8080-exec-4] INFO  c.s.c.service.BookingService - Fetching all bookings...
2025-02-14 16:59:23 [http-nio-8080-exec-4] INFO  c.s.c.service.BookingService - Found 0 bookings.
2025-02-14 16:59:35 [http-nio-8080-exec-5] INFO  c.s.c.service.BookingService - Starting booking process for event ID: 1
2025-02-14 16:59:35 [http-nio-8080-exec-5] INFO  c.s.c.service.BookingService - Created new booking for user: shibinshibu7078@gmail.com
2025-02-14 16:59:35 [http-nio-8080-exec-5] INFO  c.s.c.service.BookingService - Booking saved with ID: 6
2025-02-14 16:59:57 [http-nio-8080-exec-6] INFO  c.s.c.service.BookingService - Starting booking process for event ID: 1
2025-02-14 16:59:57 [http-nio-8080-exec-6] INFO  c.s.c.service.BookingService - Booking saved with ID: 6
2025-02-14 17:02:58 [http-nio-8080-exec-3] INFO  c.s.c.service.BookingService - Fetching all bookings...
2025-02-14 17:02:58 [http-nio-8080-exec-3] INFO  c.s.c.service.BookingService - Found 1 bookings.
2025-02-14 17:03:29 [http-nio-8080-exec-4] INFO  c.s.c.service.BookingService - Cancelling booking for booking ID: 6
2025-02-14 17:03:29 [http-nio-8080-exec-4] INFO  c.s.c.service.BookingService - Booking cancelled successfully for booking ID: 6
2025-02-14 17:31:03 [background-preinit] INFO  o.h.validator.internal.util.Version - HV000001: Hibernate Validator 7.0.0.Final
2025-02-14 17:31:03 [main] INFO  c.s.c.CampaignApiApplication - Starting CampaignApiApplication using Java 17.0.8.1 with PID 14940 (D:\project\camp-api\campaignapi\target\classes started by shibi in D:\project\camp-api\campaignapi)
2025-02-14 17:31:03 [main] INFO  c.s.c.CampaignApiApplication - No active profile set, falling back to 1 default profile: "default"
2025-02-14 17:31:04 [main] INFO  o.s.d.r.c.RepositoryConfigurationDelegate - Bootstrapping Spring Data JPA repositories in DEFAULT mode.
2025-02-14 17:31:04 [main] INFO  o.s.d.r.c.RepositoryConfigurationDelegate - Finished Spring Data repository scanning in 72 ms. Found 9 JPA repository interfaces.
2025-02-14 17:31:05 [main] INFO  o.s.b.w.e.tomcat.TomcatWebServer - Tomcat initialized with port(s): 8080 (http)
2025-02-14 17:31:05 [main] INFO  o.a.coyote.http11.Http11NioProtocol - Initializing ProtocolHandler ["http-nio-8080"]
2025-02-14 17:31:05 [main] INFO  o.a.catalina.core.StandardService - Starting service [Tomcat]
2025-02-14 17:31:05 [main] INFO  o.a.catalina.core.StandardEngine - Starting Servlet engine: [Apache Tomcat/10.1.13]
2025-02-14 17:31:05 [main] INFO  o.a.c.c.C.[.[localhost].[/api] - Initializing Spring embedded WebApplicationContext
2025-02-14 17:31:05 [main] INFO  o.s.b.w.s.c.ServletWebServerApplicationContext - Root WebApplicationContext: initialization completed in 1538 ms
2025-02-14 17:31:05 [main] INFO  o.h.jpa.internal.util.LogHelper - HHH000204: Processing PersistenceUnitInfo [name: default]
2025-02-14 17:31:05 [main] INFO  org.hibernate.Version - HHH000412: Hibernate ORM core version 6.2.9.Final
2025-02-14 17:31:05 [main] INFO  org.hibernate.cfg.Environment - HHH000406: Using bytecode reflection optimizer
2025-02-14 17:31:05 [main] INFO  o.h.b.i.BytecodeProviderInitiator - HHH000021: Bytecode provider name : bytebuddy
2025-02-14 17:31:05 [main] INFO  o.s.o.j.p.SpringPersistenceUnitInfo - No LoadTimeWeaver setup: ignoring JPA class transformer
2025-02-14 17:31:05 [main] INFO  com.zaxxer.hikari.HikariDataSource - HikariPool-1 - Starting...
2025-02-14 17:31:05 [main] INFO  com.zaxxer.hikari.pool.HikariPool - HikariPool-1 - Added connection com.mysql.cj.jdbc.ConnectionImpl@655909e2
2025-02-14 17:31:05 [main] INFO  com.zaxxer.hikari.HikariDataSource - HikariPool-1 - Start completed.
2025-02-14 17:31:06 [main] INFO  o.h.b.i.BytecodeProviderInitiator - HHH000021: Bytecode provider name : bytebuddy
2025-02-14 17:31:06 [main] INFO  o.h.e.t.j.p.i.JtaPlatformInitiator - HHH000490: Using JtaPlatform implementation: [org.hibernate.engine.transaction.jta.platform.internal.NoJtaPlatform]
2025-02-14 17:31:07 [main] INFO  o.s.o.j.LocalContainerEntityManagerFactoryBean - Initialized JPA EntityManagerFactory for persistence unit 'default'
2025-02-14 17:31:07 [main] INFO  c.s.c.config.FirebaseConfig - Firebase initialized successfully.
2025-02-14 17:31:07 [main] INFO  c.s.c.service.AuthenticationService - AuthenticationService initialized.
2025-02-14 17:31:07 [main] INFO  o.s.b.f.a.AutowiredAnnotationBeanPostProcessor - Autowired annotation is not supported on static fields: private static final org.slf4j.Logger com.shiel.campaignapi.service.BookingService.logger
2025-02-14 17:31:08 [main] INFO  org.quartz.impl.StdSchedulerFactory - Using default implementation for ThreadExecutor
2025-02-14 17:31:08 [main] INFO  o.quartz.core.SchedulerSignalerImpl - Initialized Scheduler Signaller of type: class org.quartz.core.SchedulerSignalerImpl
2025-02-14 17:31:08 [main] INFO  org.quartz.core.QuartzScheduler - Quartz Scheduler v.2.3.2 created.
2025-02-14 17:31:08 [main] INFO  org.quartz.simpl.RAMJobStore - RAMJobStore initialized.
2025-02-14 17:31:08 [main] INFO  org.quartz.core.QuartzScheduler - Scheduler meta-data: Quartz Scheduler (v2.3.2) 'MeetingScheduler' with instanceId 'NON_CLUSTERED'
  Scheduler class: 'org.quartz.core.QuartzScheduler' - running locally.
  NOT STARTED.
  Currently in standby mode.
  Number of jobs executed: 0
  Using thread pool 'org.quartz.simpl.SimpleThreadPool' - with 10 threads.
  Using job-store 'org.quartz.simpl.RAMJobStore' - which does not support persistence. and is not clustered.

2025-02-14 17:31:08 [main] INFO  org.quartz.impl.StdSchedulerFactory - Quartz scheduler 'MeetingScheduler' initialized from an externally provided properties instance.
2025-02-14 17:31:08 [main] INFO  org.quartz.impl.StdSchedulerFactory - Quartz scheduler version: 2.3.2
2025-02-14 17:31:08 [main] INFO  org.quartz.core.QuartzScheduler - JobFactory set to: org.springframework.scheduling.quartz.SpringBeanJobFactory@324ee3ca
2025-02-14 17:31:08 [main] INFO  o.s.s.web.DefaultSecurityFilterChain - Will secure any request with [org.springframework.security.web.session.DisableEncodeUrlFilter@35ab83a7, org.springframework.security.web.context.request.async.WebAsyncManagerIntegrationFilter@7a7698f4, org.springframework.security.web.context.SecurityContextHolderFilter@64e6cdad, org.springframework.security.web.header.HeaderWriterFilter@3aa4d595, org.springframework.security.web.authentication.logout.LogoutFilter@d1b9dd7, com.shiel.campaignapi.config.JwtAuthenticationFilter@d91e8c7, org.springframework.security.web.savedrequest.RequestCacheAwareFilter@2c5e2a44, org.springframework.security.web.servletapi.SecurityContextHolderAwareRequestFilter@16a3d9a7, org.springframework.security.web.authentication.AnonymousAuthenticationFilter@1150b923, org.springframework.security.web.session.SessionManagementFilter@283240b0, org.springframework.security.web.access.ExceptionTranslationFilter@729a98e9, org.springframework.security.web.access.intercept.AuthorizationFilter@5295779]
2025-02-14 17:31:08 [main] INFO  o.a.coyote.http11.Http11NioProtocol - Starting ProtocolHandler ["http-nio-8080"]
2025-02-14 17:31:08 [main] INFO  o.s.b.w.e.tomcat.TomcatWebServer - Tomcat started on port(s): 8080 (http) with context path '/api'
2025-02-14 17:31:08 [main] INFO  o.s.s.quartz.SchedulerFactoryBean - Starting Quartz Scheduler now
2025-02-14 17:31:08 [main] INFO  org.quartz.core.QuartzScheduler - Scheduler MeetingScheduler_$_NON_CLUSTERED started.
2025-02-14 17:31:08 [main] INFO  c.s.c.CampaignApiApplication - Started CampaignApiApplication in 5.745 seconds (process running for 6.643)
2025-02-14 17:31:58 [http-nio-8080-exec-1] INFO  o.a.c.c.C.[.[localhost].[/api] - Initializing Spring DispatcherServlet 'dispatcherServlet'
2025-02-14 17:31:58 [http-nio-8080-exec-1] INFO  o.s.web.servlet.DispatcherServlet - Initializing Servlet 'dispatcherServlet'
2025-02-14 17:31:58 [http-nio-8080-exec-1] INFO  o.s.web.servlet.DispatcherServlet - Completed initialization in 6 ms
2025-02-14 17:31:58 [http-nio-8080-exec-1] INFO  c.s.c.service.BookingService - Fetching all bookings...
2025-02-14 17:31:58 [http-nio-8080-exec-1] INFO  c.s.c.service.BookingService - Found 0 bookings.
2025-02-14 17:32:29 [http-nio-8080-exec-3] INFO  c.s.campaignapi.service.EventService - Finding all events
2025-02-14 17:32:38 [http-nio-8080-exec-8] INFO  c.s.c.service.BookingService - Starting booking process for event ID: 1
2025-02-14 17:32:38 [http-nio-8080-exec-8] INFO  c.s.c.service.BookingService - Created new booking for user: shibinshibu7078@gmail.com
2025-02-14 17:32:39 [http-nio-8080-exec-8] INFO  c.s.c.service.BookingService - Booking saved with ID: 7
2025-02-14 17:33:30 [http-nio-8080-exec-9] INFO  c.s.c.service.BookingService - Fetching all bookings...
2025-02-14 17:33:30 [http-nio-8080-exec-9] INFO  c.s.c.service.BookingService - Found 1 bookings.
2025-02-14 17:33:53 [http-nio-8080-exec-5] INFO  c.s.c.service.BookingService - Fetching all bookings...
2025-02-14 17:33:53 [http-nio-8080-exec-5] INFO  c.s.c.service.BookingService - Found 1 bookings.
2025-02-14 17:34:04 [http-nio-8080-exec-6] INFO  c.s.c.service.BookingService - Fetching all bookings...
2025-02-14 17:34:04 [http-nio-8080-exec-6] INFO  c.s.c.service.BookingService - Found 1 bookings.
2025-02-14 17:34:44 [http-nio-8080-exec-4] INFO  c.s.c.service.BookingService - Starting booking process for event ID: 1
2025-02-14 17:34:44 [http-nio-8080-exec-4] INFO  c.s.c.service.BookingService - Booking saved with ID: 7
2025-02-14 17:35:51 [http-nio-8080-exec-8] INFO  c.s.c.service.BookingService - Cancelling booking for booking ID: 7
2025-02-14 17:35:51 [http-nio-8080-exec-8] INFO  c.s.c.service.BookingService - Booking status set to DEPENDENT as dependents exist for booking ID: 7
2025-02-14 17:37:06 [http-nio-8080-exec-5] INFO  c.s.c.service.BookingService - Fetching all bookings...
2025-02-14 17:37:06 [http-nio-8080-exec-5] INFO  c.s.c.service.BookingService - Found 1 bookings.
2025-02-14 17:37:19 [http-nio-8080-exec-6] INFO  c.s.c.service.BookingService - Fetching all bookings...
2025-02-14 17:37:19 [http-nio-8080-exec-6] INFO  c.s.c.service.BookingService - Found 1 bookings.
2025-02-14 17:37:29 [http-nio-8080-exec-1] INFO  c.s.c.service.BookingService - Fetching all bookings...
2025-02-14 17:37:29 [http-nio-8080-exec-1] INFO  c.s.c.service.BookingService - Found 1 bookings.
2025-02-14 17:37:58 [http-nio-8080-exec-3] INFO  c.s.c.service.BookingService - Starting booking process for event ID: 1
2025-02-14 17:37:58 [http-nio-8080-exec-3] INFO  c.s.c.service.BookingService - Booking saved with ID: 7
2025-02-14 17:38:59 [http-nio-8080-exec-9] INFO  c.s.c.service.BookingService - Fetching all bookings...
2025-02-14 17:38:59 [http-nio-8080-exec-9] INFO  c.s.c.service.BookingService - Found 1 bookings.
2025-02-14 17:39:11 [http-nio-8080-exec-2] INFO  c.s.c.service.BookingService - Starting booking process for event ID: 1
2025-02-14 17:39:11 [http-nio-8080-exec-2] INFO  c.s.c.service.BookingService - Booking saved with ID: 7
2025-02-14 17:57:33 [background-preinit] INFO  o.h.validator.internal.util.Version - HV000001: Hibernate Validator 7.0.0.Final
2025-02-14 17:57:33 [main] INFO  c.s.c.CampaignApiApplication - Starting CampaignApiApplication using Java 17.0.8.1 with PID 7304 (D:\project\camp-api\campaignapi\target\classes started by shibi in D:\project\camp-api\campaignapi)
2025-02-14 17:57:33 [main] INFO  c.s.c.CampaignApiApplication - No active profile set, falling back to 1 default profile: "default"
2025-02-14 17:57:34 [main] INFO  o.s.d.r.c.RepositoryConfigurationDelegate - Bootstrapping Spring Data JPA repositories in DEFAULT mode.
2025-02-14 17:57:34 [main] INFO  o.s.d.r.c.RepositoryConfigurationDelegate - Finished Spring Data repository scanning in 77 ms. Found 9 JPA repository interfaces.
2025-02-14 17:57:35 [main] INFO  o.s.b.w.e.tomcat.TomcatWebServer - Tomcat initialized with port(s): 8080 (http)
2025-02-14 17:57:35 [main] INFO  o.a.coyote.http11.Http11NioProtocol - Initializing ProtocolHandler ["http-nio-8080"]
2025-02-14 17:57:35 [main] INFO  o.a.catalina.core.StandardService - Starting service [Tomcat]
2025-02-14 17:57:35 [main] INFO  o.a.catalina.core.StandardEngine - Starting Servlet engine: [Apache Tomcat/10.1.13]
2025-02-14 17:57:35 [main] INFO  o.a.c.c.C.[.[localhost].[/api] - Initializing Spring embedded WebApplicationContext
2025-02-14 17:57:35 [main] INFO  o.s.b.w.s.c.ServletWebServerApplicationContext - Root WebApplicationContext: initialization completed in 1555 ms
2025-02-14 17:57:35 [main] INFO  o.h.jpa.internal.util.LogHelper - HHH000204: Processing PersistenceUnitInfo [name: default]
2025-02-14 17:57:35 [main] INFO  org.hibernate.Version - HHH000412: Hibernate ORM core version 6.2.9.Final
2025-02-14 17:57:35 [main] INFO  org.hibernate.cfg.Environment - HHH000406: Using bytecode reflection optimizer
2025-02-14 17:57:35 [main] INFO  o.h.b.i.BytecodeProviderInitiator - HHH000021: Bytecode provider name : bytebuddy
2025-02-14 17:57:35 [main] INFO  o.s.o.j.p.SpringPersistenceUnitInfo - No LoadTimeWeaver setup: ignoring JPA class transformer
2025-02-14 17:57:35 [main] INFO  com.zaxxer.hikari.HikariDataSource - HikariPool-1 - Starting...
2025-02-14 17:57:35 [main] INFO  com.zaxxer.hikari.pool.HikariPool - HikariPool-1 - Added connection com.mysql.cj.jdbc.ConnectionImpl@32f308c6
2025-02-14 17:57:35 [main] INFO  com.zaxxer.hikari.HikariDataSource - HikariPool-1 - Start completed.
2025-02-14 17:57:36 [main] INFO  o.h.b.i.BytecodeProviderInitiator - HHH000021: Bytecode provider name : bytebuddy
2025-02-14 17:57:37 [main] INFO  o.h.e.t.j.p.i.JtaPlatformInitiator - HHH000490: Using JtaPlatform implementation: [org.hibernate.engine.transaction.jta.platform.internal.NoJtaPlatform]
2025-02-14 17:57:37 [main] INFO  o.s.o.j.LocalContainerEntityManagerFactoryBean - Initialized JPA EntityManagerFactory for persistence unit 'default'
2025-02-14 17:57:37 [main] INFO  c.s.c.config.FirebaseConfig - Firebase initialized successfully.
2025-02-14 17:57:37 [main] INFO  c.s.c.service.AuthenticationService - AuthenticationService initialized.
2025-02-14 17:57:37 [main] INFO  o.s.b.f.a.AutowiredAnnotationBeanPostProcessor - Autowired annotation is not supported on static fields: private static final org.slf4j.Logger com.shiel.campaignapi.service.BookingService.logger
2025-02-14 17:57:38 [main] INFO  org.quartz.impl.StdSchedulerFactory - Using default implementation for ThreadExecutor
2025-02-14 17:57:38 [main] INFO  o.quartz.core.SchedulerSignalerImpl - Initialized Scheduler Signaller of type: class org.quartz.core.SchedulerSignalerImpl
2025-02-14 17:57:38 [main] INFO  org.quartz.core.QuartzScheduler - Quartz Scheduler v.2.3.2 created.
2025-02-14 17:57:38 [main] INFO  org.quartz.simpl.RAMJobStore - RAMJobStore initialized.
2025-02-14 17:57:38 [main] INFO  org.quartz.core.QuartzScheduler - Scheduler meta-data: Quartz Scheduler (v2.3.2) 'MeetingScheduler' with instanceId 'NON_CLUSTERED'
  Scheduler class: 'org.quartz.core.QuartzScheduler' - running locally.
  NOT STARTED.
  Currently in standby mode.
  Number of jobs executed: 0
  Using thread pool 'org.quartz.simpl.SimpleThreadPool' - with 10 threads.
  Using job-store 'org.quartz.simpl.RAMJobStore' - which does not support persistence. and is not clustered.

2025-02-14 17:57:38 [main] INFO  org.quartz.impl.StdSchedulerFactory - Quartz scheduler 'MeetingScheduler' initialized from an externally provided properties instance.
2025-02-14 17:57:38 [main] INFO  org.quartz.impl.StdSchedulerFactory - Quartz scheduler version: 2.3.2
2025-02-14 17:57:38 [main] INFO  org.quartz.core.QuartzScheduler - JobFactory set to: org.springframework.scheduling.quartz.SpringBeanJobFactory@22781286
2025-02-14 17:57:38 [main] INFO  o.s.s.web.DefaultSecurityFilterChain - Will secure any request with [org.springframework.security.web.session.DisableEncodeUrlFilter@bda4cbe, org.springframework.security.web.context.request.async.WebAsyncManagerIntegrationFilter@24df4805, org.springframework.security.web.context.SecurityContextHolderFilter@58f259bd, org.springframework.security.web.header.HeaderWriterFilter@5232cec1, org.springframework.security.web.authentication.logout.LogoutFilter@5ed6a36a, com.shiel.campaignapi.config.JwtAuthenticationFilter@4807b2b7, org.springframework.security.web.savedrequest.RequestCacheAwareFilter@4075c0d8, org.springframework.security.web.servletapi.SecurityContextHolderAwareRequestFilter@2cc9a5a2, org.springframework.security.web.authentication.AnonymousAuthenticationFilter@3bbc8c82, org.springframework.security.web.session.SessionManagementFilter@24c94e95, org.springframework.security.web.access.ExceptionTranslationFilter@1e11d73c, org.springframework.security.web.access.intercept.AuthorizationFilter@2591477f]
2025-02-14 17:57:38 [main] INFO  o.a.coyote.http11.Http11NioProtocol - Starting ProtocolHandler ["http-nio-8080"]
2025-02-14 17:57:38 [main] INFO  o.s.b.w.e.tomcat.TomcatWebServer - Tomcat started on port(s): 8080 (http) with context path '/api'
2025-02-14 17:57:38 [main] INFO  o.s.s.quartz.SchedulerFactoryBean - Starting Quartz Scheduler now
2025-02-14 17:57:38 [main] INFO  org.quartz.core.QuartzScheduler - Scheduler MeetingScheduler_$_NON_CLUSTERED started.
2025-02-14 17:57:38 [main] INFO  c.s.c.CampaignApiApplication - Started CampaignApiApplication in 5.797 seconds (process running for 6.681)
2025-02-14 17:58:26 [http-nio-8080-exec-2] INFO  o.a.c.c.C.[.[localhost].[/api] - Initializing Spring DispatcherServlet 'dispatcherServlet'
2025-02-14 17:58:26 [http-nio-8080-exec-2] INFO  o.s.web.servlet.DispatcherServlet - Initializing Servlet 'dispatcherServlet'
2025-02-14 17:58:26 [http-nio-8080-exec-2] INFO  o.s.web.servlet.DispatcherServlet - Completed initialization in 2 ms
2025-02-14 17:58:26 [http-nio-8080-exec-2] INFO  c.s.c.service.BookingService - Fetching all bookings...
2025-02-14 17:58:26 [http-nio-8080-exec-2] INFO  c.s.c.service.BookingService - Found 1 bookings.
2025-02-14 18:02:42 [http-nio-8080-exec-5] INFO  c.s.c.service.BookingService - Starting booking process for event ID: 1
2025-02-14 18:02:42 [http-nio-8080-exec-5] INFO  c.s.c.service.BookingService - Booking saved with ID: 7
2025-02-14 18:02:56 [http-nio-8080-exec-6] INFO  c.s.c.service.BookingService - Starting booking process for event ID: 1
2025-02-14 18:02:56 [http-nio-8080-exec-6] INFO  c.s.c.service.BookingService - Booking saved with ID: 7
2025-02-14 18:23:54 [background-preinit] INFO  o.h.validator.internal.util.Version - HV000001: Hibernate Validator 7.0.0.Final
2025-02-14 18:23:54 [main] INFO  c.s.c.CampaignApiApplication - Starting CampaignApiApplication using Java 17.0.8.1 with PID 4868 (D:\project\camp-api\campaignapi\target\classes started by shibi in D:\project\camp-api\campaignapi)
2025-02-14 18:23:54 [main] INFO  c.s.c.CampaignApiApplication - No active profile set, falling back to 1 default profile: "default"
2025-02-14 18:23:55 [main] INFO  o.s.d.r.c.RepositoryConfigurationDelegate - Bootstrapping Spring Data JPA repositories in DEFAULT mode.
2025-02-14 18:23:55 [main] INFO  o.s.d.r.c.RepositoryConfigurationDelegate - Finished Spring Data repository scanning in 55 ms. Found 9 JPA repository interfaces.
2025-02-14 18:23:55 [main] INFO  o.s.b.w.e.tomcat.TomcatWebServer - Tomcat initialized with port(s): 8080 (http)
2025-02-14 18:23:55 [main] INFO  o.a.coyote.http11.Http11NioProtocol - Initializing ProtocolHandler ["http-nio-8080"]
2025-02-14 18:23:55 [main] INFO  o.a.catalina.core.StandardService - Starting service [Tomcat]
2025-02-14 18:23:55 [main] INFO  o.a.catalina.core.StandardEngine - Starting Servlet engine: [Apache Tomcat/10.1.13]
2025-02-14 18:23:55 [main] INFO  o.a.c.c.C.[.[localhost].[/api] - Initializing Spring embedded WebApplicationContext
2025-02-14 18:23:55 [main] INFO  o.s.b.w.s.c.ServletWebServerApplicationContext - Root WebApplicationContext: initialization completed in 1094 ms
2025-02-14 18:23:55 [main] INFO  o.h.jpa.internal.util.LogHelper - HHH000204: Processing PersistenceUnitInfo [name: default]
2025-02-14 18:23:55 [main] INFO  org.hibernate.Version - HHH000412: Hibernate ORM core version 6.2.9.Final
2025-02-14 18:23:55 [main] INFO  org.hibernate.cfg.Environment - HHH000406: Using bytecode reflection optimizer
2025-02-14 18:23:56 [main] INFO  o.h.b.i.BytecodeProviderInitiator - HHH000021: Bytecode provider name : bytebuddy
2025-02-14 18:23:56 [main] INFO  o.s.o.j.p.SpringPersistenceUnitInfo - No LoadTimeWeaver setup: ignoring JPA class transformer
2025-02-14 18:23:56 [main] INFO  com.zaxxer.hikari.HikariDataSource - HikariPool-1 - Starting...
2025-02-14 18:23:56 [main] INFO  com.zaxxer.hikari.pool.HikariPool - HikariPool-1 - Added connection com.mysql.cj.jdbc.ConnectionImpl@61c4cebd
2025-02-14 18:23:56 [main] INFO  com.zaxxer.hikari.HikariDataSource - HikariPool-1 - Start completed.
2025-02-14 18:23:56 [main] INFO  o.h.b.i.BytecodeProviderInitiator - HHH000021: Bytecode provider name : bytebuddy
2025-02-14 18:23:57 [main] INFO  o.h.e.t.j.p.i.JtaPlatformInitiator - HHH000490: Using JtaPlatform implementation: [org.hibernate.engine.transaction.jta.platform.internal.NoJtaPlatform]
2025-02-14 18:23:57 [main] INFO  o.s.o.j.LocalContainerEntityManagerFactoryBean - Initialized JPA EntityManagerFactory for persistence unit 'default'
2025-02-14 18:23:57 [main] INFO  c.s.c.config.FirebaseConfig - Firebase initialized successfully.
2025-02-14 18:23:57 [main] INFO  c.s.c.service.AuthenticationService - AuthenticationService initialized.
2025-02-14 18:23:57 [main] INFO  o.s.b.f.a.AutowiredAnnotationBeanPostProcessor - Autowired annotation is not supported on static fields: private static final org.slf4j.Logger com.shiel.campaignapi.service.BookingService.logger
2025-02-14 18:23:58 [main] INFO  org.quartz.impl.StdSchedulerFactory - Using default implementation for ThreadExecutor
2025-02-14 18:23:58 [main] INFO  o.quartz.core.SchedulerSignalerImpl - Initialized Scheduler Signaller of type: class org.quartz.core.SchedulerSignalerImpl
2025-02-14 18:23:58 [main] INFO  org.quartz.core.QuartzScheduler - Quartz Scheduler v.2.3.2 created.
2025-02-14 18:23:58 [main] INFO  org.quartz.simpl.RAMJobStore - RAMJobStore initialized.
2025-02-14 18:23:58 [main] INFO  org.quartz.core.QuartzScheduler - Scheduler meta-data: Quartz Scheduler (v2.3.2) 'MeetingScheduler' with instanceId 'NON_CLUSTERED'
  Scheduler class: 'org.quartz.core.QuartzScheduler' - running locally.
  NOT STARTED.
  Currently in standby mode.
  Number of jobs executed: 0
  Using thread pool 'org.quartz.simpl.SimpleThreadPool' - with 10 threads.
  Using job-store 'org.quartz.simpl.RAMJobStore' - which does not support persistence. and is not clustered.

2025-02-14 18:23:58 [main] INFO  org.quartz.impl.StdSchedulerFactory - Quartz scheduler 'MeetingScheduler' initialized from an externally provided properties instance.
2025-02-14 18:23:58 [main] INFO  org.quartz.impl.StdSchedulerFactory - Quartz scheduler version: 2.3.2
2025-02-14 18:23:58 [main] INFO  org.quartz.core.QuartzScheduler - JobFactory set to: org.springframework.scheduling.quartz.SpringBeanJobFactory@7e474bd
2025-02-14 18:23:58 [main] INFO  o.s.s.web.DefaultSecurityFilterChain - Will secure any request with [org.springframework.security.web.session.DisableEncodeUrlFilter@35ab83a7, org.springframework.security.web.context.request.async.WebAsyncManagerIntegrationFilter@7a7698f4, org.springframework.security.web.context.SecurityContextHolderFilter@64e6cdad, org.springframework.security.web.header.HeaderWriterFilter@3aa4d595, org.springframework.security.web.authentication.logout.LogoutFilter@d1b9dd7, com.shiel.campaignapi.config.JwtAuthenticationFilter@3985175e, org.springframework.security.web.savedrequest.RequestCacheAwareFilter@2c5e2a44, org.springframework.security.web.servletapi.SecurityContextHolderAwareRequestFilter@16a3d9a7, org.springframework.security.web.authentication.AnonymousAuthenticationFilter@1150b923, org.springframework.security.web.session.SessionManagementFilter@283240b0, org.springframework.security.web.access.ExceptionTranslationFilter@729a98e9, org.springframework.security.web.access.intercept.AuthorizationFilter@5295779]
2025-02-14 18:23:58 [main] INFO  o.a.coyote.http11.Http11NioProtocol - Starting ProtocolHandler ["http-nio-8080"]
2025-02-14 18:23:58 [main] INFO  o.s.b.w.e.tomcat.TomcatWebServer - Tomcat started on port(s): 8080 (http) with context path '/api'
2025-02-14 18:23:58 [main] INFO  o.s.s.quartz.SchedulerFactoryBean - Starting Quartz Scheduler now
2025-02-14 18:23:58 [main] INFO  org.quartz.core.QuartzScheduler - Scheduler MeetingScheduler_$_NON_CLUSTERED started.
2025-02-14 18:23:58 [main] INFO  c.s.c.CampaignApiApplication - Started CampaignApiApplication in 4.161 seconds (process running for 4.805)
2025-02-14 18:24:30 [http-nio-8080-exec-2] INFO  o.a.c.c.C.[.[localhost].[/api] - Initializing Spring DispatcherServlet 'dispatcherServlet'
2025-02-14 18:24:30 [http-nio-8080-exec-2] INFO  o.s.web.servlet.DispatcherServlet - Initializing Servlet 'dispatcherServlet'
2025-02-14 18:24:30 [http-nio-8080-exec-2] INFO  o.s.web.servlet.DispatcherServlet - Completed initialization in 1 ms
2025-02-14 18:24:30 [http-nio-8080-exec-2] INFO  c.s.c.service.BookingService - Starting booking process for event ID: 1
2025-02-14 18:24:30 [http-nio-8080-exec-2] ERROR c.s.c.service.BookingService - Error saving booking: Mother's age must be greater than the user's age
com.shiel.campaignapi.exception.UserIllegalArgumentException: Mother's age must be greater than the user's age
	at com.shiel.campaignapi.service.BookingService.saveBooking(BookingService.java:184)
	at java.base/jdk.internal.reflect.NativeMethodAccessorImpl.invoke0(Native Method)
	at java.base/jdk.internal.reflect.NativeMethodAccessorImpl.invoke(NativeMethodAccessorImpl.java:77)
	at java.base/jdk.internal.reflect.DelegatingMethodAccessorImpl.invoke(DelegatingMethodAccessorImpl.java:43)
	at java.base/java.lang.reflect.Method.invoke(Method.java:568)
	at org.springframework.aop.support.AopUtils.invokeJoinpointUsingReflection(AopUtils.java:343)
	at org.springframework.aop.framework.ReflectiveMethodInvocation.invokeJoinpoint(ReflectiveMethodInvocation.java:196)
	at org.springframework.aop.framework.ReflectiveMethodInvocation.proceed(ReflectiveMethodInvocation.java:163)
	at org.springframework.aop.framework.CglibAopProxy$CglibMethodInvocation.proceed(CglibAopProxy.java:751)
	at org.springframework.transaction.interceptor.TransactionInterceptor$1.proceedWithInvocation(TransactionInterceptor.java:123)
	at org.springframework.transaction.interceptor.TransactionAspectSupport.invokeWithinTransaction(TransactionAspectSupport.java:391)
	at org.springframework.transaction.interceptor.TransactionInterceptor.invoke(TransactionInterceptor.java:119)
	at org.springframework.aop.framework.ReflectiveMethodInvocation.proceed(ReflectiveMethodInvocation.java:184)
	at org.springframework.aop.framework.CglibAopProxy$CglibMethodInvocation.proceed(CglibAopProxy.java:751)
	at org.springframework.aop.framework.CglibAopProxy$DynamicAdvisedInterceptor.intercept(CglibAopProxy.java:703)
	at com.shiel.campaignapi.service.BookingService$$SpringCGLIB$$0.saveBooking(<generated>)
	at com.shiel.campaignapi.controller.BookingController.addBooking(BookingController.java:37)
	at java.base/jdk.internal.reflect.NativeMethodAccessorImpl.invoke0(Native Method)
	at java.base/jdk.internal.reflect.NativeMethodAccessorImpl.invoke(NativeMethodAccessorImpl.java:77)
	at java.base/jdk.internal.reflect.DelegatingMethodAccessorImpl.invoke(DelegatingMethodAccessorImpl.java:43)
	at java.base/java.lang.reflect.Method.invoke(Method.java:568)
	at org.springframework.web.method.support.InvocableHandlerMethod.doInvoke(InvocableHandlerMethod.java:205)
	at org.springframework.web.method.support.InvocableHandlerMethod.invokeForRequest(InvocableHandlerMethod.java:150)
	at org.springframework.web.servlet.mvc.method.annotation.ServletInvocableHandlerMethod.invokeAndHandle(ServletInvocableHandlerMethod.java:118)
	at org.springframework.web.servlet.mvc.method.annotation.RequestMappingHandlerAdapter.invokeHandlerMethod(RequestMappingHandlerAdapter.java:884)
	at org.springframework.web.servlet.mvc.method.annotation.RequestMappingHandlerAdapter.handleInternal(RequestMappingHandlerAdapter.java:797)
	at org.springframework.web.servlet.mvc.method.AbstractHandlerMethodAdapter.handle(AbstractHandlerMethodAdapter.java:87)
	at org.springframework.web.servlet.DispatcherServlet.doDispatch(DispatcherServlet.java:1081)
	at org.springframework.web.servlet.DispatcherServlet.doService(DispatcherServlet.java:974)
	at org.springframework.web.servlet.FrameworkServlet.processRequest(FrameworkServlet.java:1011)
	at org.springframework.web.servlet.FrameworkServlet.doPost(FrameworkServlet.java:914)
	at jakarta.servlet.http.HttpServlet.service(HttpServlet.java:590)
	at org.springframework.web.servlet.FrameworkServlet.service(FrameworkServlet.java:885)
	at jakarta.servlet.http.HttpServlet.service(HttpServlet.java:658)
	at org.apache.catalina.core.ApplicationFilterChain.internalDoFilter(ApplicationFilterChain.java:205)
	at org.apache.catalina.core.ApplicationFilterChain.doFilter(ApplicationFilterChain.java:149)
	at org.apache.tomcat.websocket.server.WsFilter.doFilter(WsFilter.java:51)
	at org.apache.catalina.core.ApplicationFilterChain.internalDoFilter(ApplicationFilterChain.java:174)
	at org.apache.catalina.core.ApplicationFilterChain.doFilter(ApplicationFilterChain.java:149)
	at org.springframework.web.filter.OncePerRequestFilter.doFilter(OncePerRequestFilter.java:110)
	at org.apache.catalina.core.ApplicationFilterChain.internalDoFilter(ApplicationFilterChain.java:174)
	at org.apache.catalina.core.ApplicationFilterChain.doFilter(ApplicationFilterChain.java:149)
	at org.springframework.security.web.FilterChainProxy.lambda$doFilterInternal$3(FilterChainProxy.java:231)
	at org.springframework.security.web.FilterChainProxy$VirtualFilterChain.doFilter(FilterChainProxy.java:365)
	at org.springframework.security.web.access.intercept.AuthorizationFilter.doFilter(AuthorizationFilter.java:100)
	at org.springframework.security.web.FilterChainProxy$VirtualFilterChain.doFilter(FilterChainProxy.java:374)
	at org.springframework.security.web.access.ExceptionTranslationFilter.doFilter(ExceptionTranslationFilter.java:126)
	at org.springframework.security.web.access.ExceptionTranslationFilter.doFilter(ExceptionTranslationFilter.java:120)
	at org.springframework.security.web.FilterChainProxy$VirtualFilterChain.doFilter(FilterChainProxy.java:374)
	at org.springframework.security.web.session.SessionManagementFilter.doFilter(SessionManagementFilter.java:131)
	at org.springframework.security.web.session.SessionManagementFilter.doFilter(SessionManagementFilter.java:85)
	at org.springframework.security.web.FilterChainProxy$VirtualFilterChain.doFilter(FilterChainProxy.java:374)
	at org.springframework.security.web.authentication.AnonymousAuthenticationFilter.doFilter(AnonymousAuthenticationFilter.java:100)
	at org.springframework.security.web.FilterChainProxy$VirtualFilterChain.doFilter(FilterChainProxy.java:374)
	at org.springframework.security.web.servletapi.SecurityContextHolderAwareRequestFilter.doFilter(SecurityContextHolderAwareRequestFilter.java:179)
	at org.springframework.security.web.FilterChainProxy$VirtualFilterChain.doFilter(FilterChainProxy.java:374)
	at org.springframework.security.web.savedrequest.RequestCacheAwareFilter.doFilter(RequestCacheAwareFilter.java:63)
	at org.springframework.security.web.FilterChainProxy$VirtualFilterChain.doFilter(FilterChainProxy.java:374)
	at com.shiel.campaignapi.config.JwtAuthenticationFilter.doFilterInternal(JwtAuthenticationFilter.java:91)
	at org.springframework.web.filter.OncePerRequestFilter.doFilter(OncePerRequestFilter.java:116)
	at org.springframework.security.web.FilterChainProxy$VirtualFilterChain.doFilter(FilterChainProxy.java:374)
	at org.springframework.security.web.authentication.logout.LogoutFilter.doFilter(LogoutFilter.java:107)
	at org.springframework.security.web.authentication.logout.LogoutFilter.doFilter(LogoutFilter.java:93)
	at org.springframework.security.web.FilterChainProxy$VirtualFilterChain.doFilter(FilterChainProxy.java:374)
	at org.springframework.security.web.header.HeaderWriterFilter.doHeadersAfter(HeaderWriterFilter.java:90)
	at org.springframework.security.web.header.HeaderWriterFilter.doFilterInternal(HeaderWriterFilter.java:75)
	at org.springframework.web.filter.OncePerRequestFilter.doFilter(OncePerRequestFilter.java:116)
	at org.springframework.security.web.FilterChainProxy$VirtualFilterChain.doFilter(FilterChainProxy.java:374)
	at org.springframework.security.web.context.SecurityContextHolderFilter.doFilter(SecurityContextHolderFilter.java:82)
	at org.springframework.security.web.context.SecurityContextHolderFilter.doFilter(SecurityContextHolderFilter.java:69)
	at org.springframework.security.web.FilterChainProxy$VirtualFilterChain.doFilter(FilterChainProxy.java:374)
	at org.springframework.security.web.context.request.async.WebAsyncManagerIntegrationFilter.doFilterInternal(WebAsyncManagerIntegrationFilter.java:62)
	at org.springframework.web.filter.OncePerRequestFilter.doFilter(OncePerRequestFilter.java:116)
	at org.springframework.security.web.FilterChainProxy$VirtualFilterChain.doFilter(FilterChainProxy.java:374)
	at org.springframework.security.web.session.DisableEncodeUrlFilter.doFilterInternal(DisableEncodeUrlFilter.java:42)
	at org.springframework.web.filter.OncePerRequestFilter.doFilter(OncePerRequestFilter.java:116)
	at org.springframework.security.web.FilterChainProxy$VirtualFilterChain.doFilter(FilterChainProxy.java:374)
	at org.springframework.security.web.FilterChainProxy.doFilterInternal(FilterChainProxy.java:233)
	at org.springframework.security.web.FilterChainProxy.doFilter(FilterChainProxy.java:191)
	at org.springframework.web.filter.DelegatingFilterProxy.invokeDelegate(DelegatingFilterProxy.java:352)
	at org.springframework.web.filter.DelegatingFilterProxy.doFilter(DelegatingFilterProxy.java:268)
	at org.apache.catalina.core.ApplicationFilterChain.internalDoFilter(ApplicationFilterChain.java:174)
	at org.apache.catalina.core.ApplicationFilterChain.doFilter(ApplicationFilterChain.java:149)
	at org.springframework.web.filter.RequestContextFilter.doFilterInternal(RequestContextFilter.java:100)
	at org.springframework.web.filter.OncePerRequestFilter.doFilter(OncePerRequestFilter.java:116)
	at org.apache.catalina.core.ApplicationFilterChain.internalDoFilter(ApplicationFilterChain.java:174)
	at org.apache.catalina.core.ApplicationFilterChain.doFilter(ApplicationFilterChain.java:149)
	at org.springframework.web.filter.FormContentFilter.doFilterInternal(FormContentFilter.java:93)
	at org.springframework.web.filter.OncePerRequestFilter.doFilter(OncePerRequestFilter.java:116)
	at org.apache.catalina.core.ApplicationFilterChain.internalDoFilter(ApplicationFilterChain.java:174)
	at org.apache.catalina.core.ApplicationFilterChain.doFilter(ApplicationFilterChain.java:149)
	at org.springframework.web.filter.CharacterEncodingFilter.doFilterInternal(CharacterEncodingFilter.java:201)
	at org.springframework.web.filter.OncePerRequestFilter.doFilter(OncePerRequestFilter.java:116)
	at org.apache.catalina.core.ApplicationFilterChain.internalDoFilter(ApplicationFilterChain.java:174)
	at org.apache.catalina.core.ApplicationFilterChain.doFilter(ApplicationFilterChain.java:149)
	at org.apache.catalina.core.StandardWrapperValve.invoke(StandardWrapperValve.java:167)
	at org.apache.catalina.core.StandardContextValve.invoke(StandardContextValve.java:90)
	at org.apache.catalina.authenticator.AuthenticatorBase.invoke(AuthenticatorBase.java:482)
	at org.apache.catalina.core.StandardHostValve.invoke(StandardHostValve.java:115)
	at org.apache.catalina.valves.ErrorReportValve.invoke(ErrorReportValve.java:93)
	at org.apache.catalina.core.StandardEngineValve.invoke(StandardEngineValve.java:74)
	at org.apache.catalina.connector.CoyoteAdapter.service(CoyoteAdapter.java:341)
	at org.apache.coyote.http11.Http11Processor.service(Http11Processor.java:391)
	at org.apache.coyote.AbstractProcessorLight.process(AbstractProcessorLight.java:63)
	at org.apache.coyote.AbstractProtocol$ConnectionHandler.process(AbstractProtocol.java:894)
	at org.apache.tomcat.util.net.NioEndpoint$SocketProcessor.doRun(NioEndpoint.java:1740)
	at org.apache.tomcat.util.net.SocketProcessorBase.run(SocketProcessorBase.java:52)
	at org.apache.tomcat.util.threads.ThreadPoolExecutor.runWorker(ThreadPoolExecutor.java:1191)
	at org.apache.tomcat.util.threads.ThreadPoolExecutor$Worker.run(ThreadPoolExecutor.java:659)
	at org.apache.tomcat.util.threads.TaskThread$WrappingRunnable.run(TaskThread.java:61)
	at java.base/java.lang.Thread.run(Thread.java:833)
2025-02-14 18:25:22 [http-nio-8080-exec-3] INFO  c.s.c.service.BookingService - Starting booking process for event ID: 1
2025-02-14 18:25:22 [http-nio-8080-exec-3] ERROR c.s.c.service.BookingService - Error saving booking: Father's age must be greater than the user's age
com.shiel.campaignapi.exception.UserIllegalArgumentException: Father's age must be greater than the user's age
	at com.shiel.campaignapi.service.BookingService.saveBooking(BookingService.java:168)
	at java.base/jdk.internal.reflect.NativeMethodAccessorImpl.invoke0(Native Method)
	at java.base/jdk.internal.reflect.NativeMethodAccessorImpl.invoke(NativeMethodAccessorImpl.java:77)
	at java.base/jdk.internal.reflect.DelegatingMethodAccessorImpl.invoke(DelegatingMethodAccessorImpl.java:43)
	at java.base/java.lang.reflect.Method.invoke(Method.java:568)
	at org.springframework.aop.support.AopUtils.invokeJoinpointUsingReflection(AopUtils.java:343)
	at org.springframework.aop.framework.ReflectiveMethodInvocation.invokeJoinpoint(ReflectiveMethodInvocation.java:196)
	at org.springframework.aop.framework.ReflectiveMethodInvocation.proceed(ReflectiveMethodInvocation.java:163)
	at org.springframework.aop.framework.CglibAopProxy$CglibMethodInvocation.proceed(CglibAopProxy.java:751)
	at org.springframework.transaction.interceptor.TransactionInterceptor$1.proceedWithInvocation(TransactionInterceptor.java:123)
	at org.springframework.transaction.interceptor.TransactionAspectSupport.invokeWithinTransaction(TransactionAspectSupport.java:391)
	at org.springframework.transaction.interceptor.TransactionInterceptor.invoke(TransactionInterceptor.java:119)
	at org.springframework.aop.framework.ReflectiveMethodInvocation.proceed(ReflectiveMethodInvocation.java:184)
	at org.springframework.aop.framework.CglibAopProxy$CglibMethodInvocation.proceed(CglibAopProxy.java:751)
	at org.springframework.aop.framework.CglibAopProxy$DynamicAdvisedInterceptor.intercept(CglibAopProxy.java:703)
	at com.shiel.campaignapi.service.BookingService$$SpringCGLIB$$0.saveBooking(<generated>)
	at com.shiel.campaignapi.controller.BookingController.addBooking(BookingController.java:37)
	at java.base/jdk.internal.reflect.NativeMethodAccessorImpl.invoke0(Native Method)
	at java.base/jdk.internal.reflect.NativeMethodAccessorImpl.invoke(NativeMethodAccessorImpl.java:77)
	at java.base/jdk.internal.reflect.DelegatingMethodAccessorImpl.invoke(DelegatingMethodAccessorImpl.java:43)
	at java.base/java.lang.reflect.Method.invoke(Method.java:568)
	at org.springframework.web.method.support.InvocableHandlerMethod.doInvoke(InvocableHandlerMethod.java:205)
	at org.springframework.web.method.support.InvocableHandlerMethod.invokeForRequest(InvocableHandlerMethod.java:150)
	at org.springframework.web.servlet.mvc.method.annotation.ServletInvocableHandlerMethod.invokeAndHandle(ServletInvocableHandlerMethod.java:118)
	at org.springframework.web.servlet.mvc.method.annotation.RequestMappingHandlerAdapter.invokeHandlerMethod(RequestMappingHandlerAdapter.java:884)
	at org.springframework.web.servlet.mvc.method.annotation.RequestMappingHandlerAdapter.handleInternal(RequestMappingHandlerAdapter.java:797)
	at org.springframework.web.servlet.mvc.method.AbstractHandlerMethodAdapter.handle(AbstractHandlerMethodAdapter.java:87)
	at org.springframework.web.servlet.DispatcherServlet.doDispatch(DispatcherServlet.java:1081)
	at org.springframework.web.servlet.DispatcherServlet.doService(DispatcherServlet.java:974)
	at org.springframework.web.servlet.FrameworkServlet.processRequest(FrameworkServlet.java:1011)
	at org.springframework.web.servlet.FrameworkServlet.doPost(FrameworkServlet.java:914)
	at jakarta.servlet.http.HttpServlet.service(HttpServlet.java:590)
	at org.springframework.web.servlet.FrameworkServlet.service(FrameworkServlet.java:885)
	at jakarta.servlet.http.HttpServlet.service(HttpServlet.java:658)
	at org.apache.catalina.core.ApplicationFilterChain.internalDoFilter(ApplicationFilterChain.java:205)
	at org.apache.catalina.core.ApplicationFilterChain.doFilter(ApplicationFilterChain.java:149)
	at org.apache.tomcat.websocket.server.WsFilter.doFilter(WsFilter.java:51)
	at org.apache.catalina.core.ApplicationFilterChain.internalDoFilter(ApplicationFilterChain.java:174)
	at org.apache.catalina.core.ApplicationFilterChain.doFilter(ApplicationFilterChain.java:149)
	at org.springframework.web.filter.OncePerRequestFilter.doFilter(OncePerRequestFilter.java:110)
	at org.apache.catalina.core.ApplicationFilterChain.internalDoFilter(ApplicationFilterChain.java:174)
	at org.apache.catalina.core.ApplicationFilterChain.doFilter(ApplicationFilterChain.java:149)
	at org.springframework.security.web.FilterChainProxy.lambda$doFilterInternal$3(FilterChainProxy.java:231)
	at org.springframework.security.web.FilterChainProxy$VirtualFilterChain.doFilter(FilterChainProxy.java:365)
	at org.springframework.security.web.access.intercept.AuthorizationFilter.doFilter(AuthorizationFilter.java:100)
	at org.springframework.security.web.FilterChainProxy$VirtualFilterChain.doFilter(FilterChainProxy.java:374)
	at org.springframework.security.web.access.ExceptionTranslationFilter.doFilter(ExceptionTranslationFilter.java:126)
	at org.springframework.security.web.access.ExceptionTranslationFilter.doFilter(ExceptionTranslationFilter.java:120)
	at org.springframework.security.web.FilterChainProxy$VirtualFilterChain.doFilter(FilterChainProxy.java:374)
	at org.springframework.security.web.session.SessionManagementFilter.doFilter(SessionManagementFilter.java:131)
	at org.springframework.security.web.session.SessionManagementFilter.doFilter(SessionManagementFilter.java:85)
	at org.springframework.security.web.FilterChainProxy$VirtualFilterChain.doFilter(FilterChainProxy.java:374)
	at org.springframework.security.web.authentication.AnonymousAuthenticationFilter.doFilter(AnonymousAuthenticationFilter.java:100)
	at org.springframework.security.web.FilterChainProxy$VirtualFilterChain.doFilter(FilterChainProxy.java:374)
	at org.springframework.security.web.servletapi.SecurityContextHolderAwareRequestFilter.doFilter(SecurityContextHolderAwareRequestFilter.java:179)
	at org.springframework.security.web.FilterChainProxy$VirtualFilterChain.doFilter(FilterChainProxy.java:374)
	at org.springframework.security.web.savedrequest.RequestCacheAwareFilter.doFilter(RequestCacheAwareFilter.java:63)
	at org.springframework.security.web.FilterChainProxy$VirtualFilterChain.doFilter(FilterChainProxy.java:374)
	at com.shiel.campaignapi.config.JwtAuthenticationFilter.doFilterInternal(JwtAuthenticationFilter.java:91)
	at org.springframework.web.filter.OncePerRequestFilter.doFilter(OncePerRequestFilter.java:116)
	at org.springframework.security.web.FilterChainProxy$VirtualFilterChain.doFilter(FilterChainProxy.java:374)
	at org.springframework.security.web.authentication.logout.LogoutFilter.doFilter(LogoutFilter.java:107)
	at org.springframework.security.web.authentication.logout.LogoutFilter.doFilter(LogoutFilter.java:93)
	at org.springframework.security.web.FilterChainProxy$VirtualFilterChain.doFilter(FilterChainProxy.java:374)
	at org.springframework.security.web.header.HeaderWriterFilter.doHeadersAfter(HeaderWriterFilter.java:90)
	at org.springframework.security.web.header.HeaderWriterFilter.doFilterInternal(HeaderWriterFilter.java:75)
	at org.springframework.web.filter.OncePerRequestFilter.doFilter(OncePerRequestFilter.java:116)
	at org.springframework.security.web.FilterChainProxy$VirtualFilterChain.doFilter(FilterChainProxy.java:374)
	at org.springframework.security.web.context.SecurityContextHolderFilter.doFilter(SecurityContextHolderFilter.java:82)
	at org.springframework.security.web.context.SecurityContextHolderFilter.doFilter(SecurityContextHolderFilter.java:69)
	at org.springframework.security.web.FilterChainProxy$VirtualFilterChain.doFilter(FilterChainProxy.java:374)
	at org.springframework.security.web.context.request.async.WebAsyncManagerIntegrationFilter.doFilterInternal(WebAsyncManagerIntegrationFilter.java:62)
	at org.springframework.web.filter.OncePerRequestFilter.doFilter(OncePerRequestFilter.java:116)
	at org.springframework.security.web.FilterChainProxy$VirtualFilterChain.doFilter(FilterChainProxy.java:374)
	at org.springframework.security.web.session.DisableEncodeUrlFilter.doFilterInternal(DisableEncodeUrlFilter.java:42)
	at org.springframework.web.filter.OncePerRequestFilter.doFilter(OncePerRequestFilter.java:116)
	at org.springframework.security.web.FilterChainProxy$VirtualFilterChain.doFilter(FilterChainProxy.java:374)
	at org.springframework.security.web.FilterChainProxy.doFilterInternal(FilterChainProxy.java:233)
	at org.springframework.security.web.FilterChainProxy.doFilter(FilterChainProxy.java:191)
	at org.springframework.web.filter.DelegatingFilterProxy.invokeDelegate(DelegatingFilterProxy.java:352)
	at org.springframework.web.filter.DelegatingFilterProxy.doFilter(DelegatingFilterProxy.java:268)
	at org.apache.catalina.core.ApplicationFilterChain.internalDoFilter(ApplicationFilterChain.java:174)
	at org.apache.catalina.core.ApplicationFilterChain.doFilter(ApplicationFilterChain.java:149)
	at org.springframework.web.filter.RequestContextFilter.doFilterInternal(RequestContextFilter.java:100)
	at org.springframework.web.filter.OncePerRequestFilter.doFilter(OncePerRequestFilter.java:116)
	at org.apache.catalina.core.ApplicationFilterChain.internalDoFilter(ApplicationFilterChain.java:174)
	at org.apache.catalina.core.ApplicationFilterChain.doFilter(ApplicationFilterChain.java:149)
	at org.springframework.web.filter.FormContentFilter.doFilterInternal(FormContentFilter.java:93)
	at org.springframework.web.filter.OncePerRequestFilter.doFilter(OncePerRequestFilter.java:116)
	at org.apache.catalina.core.ApplicationFilterChain.internalDoFilter(ApplicationFilterChain.java:174)
	at org.apache.catalina.core.ApplicationFilterChain.doFilter(ApplicationFilterChain.java:149)
	at org.springframework.web.filter.CharacterEncodingFilter.doFilterInternal(CharacterEncodingFilter.java:201)
	at org.springframework.web.filter.OncePerRequestFilter.doFilter(OncePerRequestFilter.java:116)
	at org.apache.catalina.core.ApplicationFilterChain.internalDoFilter(ApplicationFilterChain.java:174)
	at org.apache.catalina.core.ApplicationFilterChain.doFilter(ApplicationFilterChain.java:149)
	at org.apache.catalina.core.StandardWrapperValve.invoke(StandardWrapperValve.java:167)
	at org.apache.catalina.core.StandardContextValve.invoke(StandardContextValve.java:90)
	at org.apache.catalina.authenticator.AuthenticatorBase.invoke(AuthenticatorBase.java:482)
	at org.apache.catalina.core.StandardHostValve.invoke(StandardHostValve.java:115)
	at org.apache.catalina.valves.ErrorReportValve.invoke(ErrorReportValve.java:93)
	at org.apache.catalina.core.StandardEngineValve.invoke(StandardEngineValve.java:74)
	at org.apache.catalina.connector.CoyoteAdapter.service(CoyoteAdapter.java:341)
	at org.apache.coyote.http11.Http11Processor.service(Http11Processor.java:391)
	at org.apache.coyote.AbstractProcessorLight.process(AbstractProcessorLight.java:63)
	at org.apache.coyote.AbstractProtocol$ConnectionHandler.process(AbstractProtocol.java:894)
	at org.apache.tomcat.util.net.NioEndpoint$SocketProcessor.doRun(NioEndpoint.java:1740)
	at org.apache.tomcat.util.net.SocketProcessorBase.run(SocketProcessorBase.java:52)
	at org.apache.tomcat.util.threads.ThreadPoolExecutor.runWorker(ThreadPoolExecutor.java:1191)
	at org.apache.tomcat.util.threads.ThreadPoolExecutor$Worker.run(ThreadPoolExecutor.java:659)
	at org.apache.tomcat.util.threads.TaskThread$WrappingRunnable.run(TaskThread.java:61)
	at java.base/java.lang.Thread.run(Thread.java:833)
2025-02-14 18:30:34 [background-preinit] INFO  o.h.validator.internal.util.Version - HV000001: Hibernate Validator 7.0.0.Final
2025-02-14 18:30:34 [main] INFO  c.s.c.CampaignApiApplication - Starting CampaignApiApplication using Java 17.0.8.1 with PID 21056 (D:\project\camp-api\campaignapi\target\classes started by shibi in D:\project\camp-api\campaignapi)
2025-02-14 18:30:34 [main] INFO  c.s.c.CampaignApiApplication - No active profile set, falling back to 1 default profile: "default"
2025-02-14 18:30:35 [main] INFO  o.s.d.r.c.RepositoryConfigurationDelegate - Bootstrapping Spring Data JPA repositories in DEFAULT mode.
2025-02-14 18:30:35 [main] INFO  o.s.d.r.c.RepositoryConfigurationDelegate - Finished Spring Data repository scanning in 55 ms. Found 9 JPA repository interfaces.
2025-02-14 18:30:36 [main] INFO  o.s.b.w.e.tomcat.TomcatWebServer - Tomcat initialized with port(s): 8080 (http)
2025-02-14 18:30:36 [main] INFO  o.a.coyote.http11.Http11NioProtocol - Initializing ProtocolHandler ["http-nio-8080"]
2025-02-14 18:30:36 [main] INFO  o.a.catalina.core.StandardService - Starting service [Tomcat]
2025-02-14 18:30:36 [main] INFO  o.a.catalina.core.StandardEngine - Starting Servlet engine: [Apache Tomcat/10.1.13]
2025-02-14 18:30:36 [main] INFO  o.a.c.c.C.[.[localhost].[/api] - Initializing Spring embedded WebApplicationContext
2025-02-14 18:30:36 [main] INFO  o.s.b.w.s.c.ServletWebServerApplicationContext - Root WebApplicationContext: initialization completed in 1142 ms
2025-02-14 18:30:36 [main] INFO  o.h.jpa.internal.util.LogHelper - HHH000204: Processing PersistenceUnitInfo [name: default]
2025-02-14 18:30:36 [main] INFO  org.hibernate.Version - HHH000412: Hibernate ORM core version 6.2.9.Final
2025-02-14 18:30:36 [main] INFO  org.hibernate.cfg.Environment - HHH000406: Using bytecode reflection optimizer
2025-02-14 18:30:36 [main] INFO  o.h.b.i.BytecodeProviderInitiator - HHH000021: Bytecode provider name : bytebuddy
2025-02-14 18:30:36 [main] INFO  o.s.o.j.p.SpringPersistenceUnitInfo - No LoadTimeWeaver setup: ignoring JPA class transformer
2025-02-14 18:30:36 [main] INFO  com.zaxxer.hikari.HikariDataSource - HikariPool-1 - Starting...
2025-02-14 18:30:36 [main] INFO  com.zaxxer.hikari.pool.HikariPool - HikariPool-1 - Added connection com.mysql.cj.jdbc.ConnectionImpl@2f5f5bc9
2025-02-14 18:30:36 [main] INFO  com.zaxxer.hikari.HikariDataSource - HikariPool-1 - Start completed.
2025-02-14 18:30:36 [main] INFO  o.h.b.i.BytecodeProviderInitiator - HHH000021: Bytecode provider name : bytebuddy
2025-02-14 18:30:37 [main] INFO  o.h.e.t.j.p.i.JtaPlatformInitiator - HHH000490: Using JtaPlatform implementation: [org.hibernate.engine.transaction.jta.platform.internal.NoJtaPlatform]
2025-02-14 18:30:37 [main] INFO  o.s.o.j.LocalContainerEntityManagerFactoryBean - Initialized JPA EntityManagerFactory for persistence unit 'default'
2025-02-14 18:30:38 [main] INFO  c.s.c.config.FirebaseConfig - Firebase initialized successfully.
2025-02-14 18:30:38 [main] INFO  c.s.c.service.AuthenticationService - AuthenticationService initialized.
2025-02-14 18:30:38 [main] INFO  o.s.b.f.a.AutowiredAnnotationBeanPostProcessor - Autowired annotation is not supported on static fields: private static final org.slf4j.Logger com.shiel.campaignapi.service.BookingService.logger
2025-02-14 18:30:38 [main] INFO  org.quartz.impl.StdSchedulerFactory - Using default implementation for ThreadExecutor
2025-02-14 18:30:38 [main] INFO  o.quartz.core.SchedulerSignalerImpl - Initialized Scheduler Signaller of type: class org.quartz.core.SchedulerSignalerImpl
2025-02-14 18:30:38 [main] INFO  org.quartz.core.QuartzScheduler - Quartz Scheduler v.2.3.2 created.
2025-02-14 18:30:38 [main] INFO  org.quartz.simpl.RAMJobStore - RAMJobStore initialized.
2025-02-14 18:30:38 [main] INFO  org.quartz.core.QuartzScheduler - Scheduler meta-data: Quartz Scheduler (v2.3.2) 'MeetingScheduler' with instanceId 'NON_CLUSTERED'
  Scheduler class: 'org.quartz.core.QuartzScheduler' - running locally.
  NOT STARTED.
  Currently in standby mode.
  Number of jobs executed: 0
  Using thread pool 'org.quartz.simpl.SimpleThreadPool' - with 10 threads.
  Using job-store 'org.quartz.simpl.RAMJobStore' - which does not support persistence. and is not clustered.

2025-02-14 18:30:38 [main] INFO  org.quartz.impl.StdSchedulerFactory - Quartz scheduler 'MeetingScheduler' initialized from an externally provided properties instance.
2025-02-14 18:30:38 [main] INFO  org.quartz.impl.StdSchedulerFactory - Quartz scheduler version: 2.3.2
2025-02-14 18:30:38 [main] INFO  org.quartz.core.QuartzScheduler - JobFactory set to: org.springframework.scheduling.quartz.SpringBeanJobFactory@74f54f8e
2025-02-14 18:30:38 [main] INFO  o.s.s.web.DefaultSecurityFilterChain - Will secure any request with [org.springframework.security.web.session.DisableEncodeUrlFilter@524945e2, org.springframework.security.web.context.request.async.WebAsyncManagerIntegrationFilter@73b63917, org.springframework.security.web.context.SecurityContextHolderFilter@5275d709, org.springframework.security.web.header.HeaderWriterFilter@5e8359da, org.springframework.security.web.authentication.logout.LogoutFilter@2f32fe68, com.shiel.campaignapi.config.JwtAuthenticationFilter@41623694, org.springframework.security.web.savedrequest.RequestCacheAwareFilter@6461c673, org.springframework.security.web.servletapi.SecurityContextHolderAwareRequestFilter@388ad8aa, org.springframework.security.web.authentication.AnonymousAuthenticationFilter@2292e793, org.springframework.security.web.session.SessionManagementFilter@28ab7ffb, org.springframework.security.web.access.ExceptionTranslationFilter@5852605c, org.springframework.security.web.access.intercept.AuthorizationFilter@519e0814]
2025-02-14 18:30:38 [main] INFO  o.a.coyote.http11.Http11NioProtocol - Starting ProtocolHandler ["http-nio-8080"]
2025-02-14 18:30:38 [main] INFO  o.s.b.w.e.tomcat.TomcatWebServer - Tomcat started on port(s): 8080 (http) with context path '/api'
2025-02-14 18:30:38 [main] INFO  o.s.s.quartz.SchedulerFactoryBean - Starting Quartz Scheduler now
2025-02-14 18:30:38 [main] INFO  org.quartz.core.QuartzScheduler - Scheduler MeetingScheduler_$_NON_CLUSTERED started.
2025-02-14 18:30:38 [main] INFO  c.s.c.CampaignApiApplication - Started CampaignApiApplication in 4.249 seconds (process running for 4.897)
2025-02-14 18:31:06 [http-nio-8080-exec-2] INFO  o.a.c.c.C.[.[localhost].[/api] - Initializing Spring DispatcherServlet 'dispatcherServlet'
2025-02-14 18:31:06 [http-nio-8080-exec-2] INFO  o.s.web.servlet.DispatcherServlet - Initializing Servlet 'dispatcherServlet'
2025-02-14 18:31:06 [http-nio-8080-exec-2] INFO  o.s.web.servlet.DispatcherServlet - Completed initialization in 1 ms
2025-02-14 18:31:06 [http-nio-8080-exec-2] INFO  c.s.c.service.BookingService - Starting booking process for event ID: 1
2025-02-14 18:31:06 [http-nio-8080-exec-2] ERROR c.s.c.service.BookingService - Error saving booking: Father's age must be greater than the user's age
com.shiel.campaignapi.exception.UserIllegalArgumentException: Father's age must be greater than the user's age
	at com.shiel.campaignapi.service.BookingService.saveBooking(BookingService.java:168)
	at java.base/jdk.internal.reflect.NativeMethodAccessorImpl.invoke0(Native Method)
	at java.base/jdk.internal.reflect.NativeMethodAccessorImpl.invoke(NativeMethodAccessorImpl.java:77)
	at java.base/jdk.internal.reflect.DelegatingMethodAccessorImpl.invoke(DelegatingMethodAccessorImpl.java:43)
	at java.base/java.lang.reflect.Method.invoke(Method.java:568)
	at org.springframework.aop.support.AopUtils.invokeJoinpointUsingReflection(AopUtils.java:343)
	at org.springframework.aop.framework.ReflectiveMethodInvocation.invokeJoinpoint(ReflectiveMethodInvocation.java:196)
	at org.springframework.aop.framework.ReflectiveMethodInvocation.proceed(ReflectiveMethodInvocation.java:163)
	at org.springframework.aop.framework.CglibAopProxy$CglibMethodInvocation.proceed(CglibAopProxy.java:751)
	at org.springframework.transaction.interceptor.TransactionInterceptor$1.proceedWithInvocation(TransactionInterceptor.java:123)
	at org.springframework.transaction.interceptor.TransactionAspectSupport.invokeWithinTransaction(TransactionAspectSupport.java:391)
	at org.springframework.transaction.interceptor.TransactionInterceptor.invoke(TransactionInterceptor.java:119)
	at org.springframework.aop.framework.ReflectiveMethodInvocation.proceed(ReflectiveMethodInvocation.java:184)
	at org.springframework.aop.framework.CglibAopProxy$CglibMethodInvocation.proceed(CglibAopProxy.java:751)
	at org.springframework.aop.framework.CglibAopProxy$DynamicAdvisedInterceptor.intercept(CglibAopProxy.java:703)
	at com.shiel.campaignapi.service.BookingService$$SpringCGLIB$$0.saveBooking(<generated>)
	at com.shiel.campaignapi.controller.BookingController.addBooking(BookingController.java:37)
	at java.base/jdk.internal.reflect.NativeMethodAccessorImpl.invoke0(Native Method)
	at java.base/jdk.internal.reflect.NativeMethodAccessorImpl.invoke(NativeMethodAccessorImpl.java:77)
	at java.base/jdk.internal.reflect.DelegatingMethodAccessorImpl.invoke(DelegatingMethodAccessorImpl.java:43)
	at java.base/java.lang.reflect.Method.invoke(Method.java:568)
	at org.springframework.web.method.support.InvocableHandlerMethod.doInvoke(InvocableHandlerMethod.java:205)
	at org.springframework.web.method.support.InvocableHandlerMethod.invokeForRequest(InvocableHandlerMethod.java:150)
	at org.springframework.web.servlet.mvc.method.annotation.ServletInvocableHandlerMethod.invokeAndHandle(ServletInvocableHandlerMethod.java:118)
	at org.springframework.web.servlet.mvc.method.annotation.RequestMappingHandlerAdapter.invokeHandlerMethod(RequestMappingHandlerAdapter.java:884)
	at org.springframework.web.servlet.mvc.method.annotation.RequestMappingHandlerAdapter.handleInternal(RequestMappingHandlerAdapter.java:797)
	at org.springframework.web.servlet.mvc.method.AbstractHandlerMethodAdapter.handle(AbstractHandlerMethodAdapter.java:87)
	at org.springframework.web.servlet.DispatcherServlet.doDispatch(DispatcherServlet.java:1081)
	at org.springframework.web.servlet.DispatcherServlet.doService(DispatcherServlet.java:974)
	at org.springframework.web.servlet.FrameworkServlet.processRequest(FrameworkServlet.java:1011)
	at org.springframework.web.servlet.FrameworkServlet.doPost(FrameworkServlet.java:914)
	at jakarta.servlet.http.HttpServlet.service(HttpServlet.java:590)
	at org.springframework.web.servlet.FrameworkServlet.service(FrameworkServlet.java:885)
	at jakarta.servlet.http.HttpServlet.service(HttpServlet.java:658)
	at org.apache.catalina.core.ApplicationFilterChain.internalDoFilter(ApplicationFilterChain.java:205)
	at org.apache.catalina.core.ApplicationFilterChain.doFilter(ApplicationFilterChain.java:149)
	at org.apache.tomcat.websocket.server.WsFilter.doFilter(WsFilter.java:51)
	at org.apache.catalina.core.ApplicationFilterChain.internalDoFilter(ApplicationFilterChain.java:174)
	at org.apache.catalina.core.ApplicationFilterChain.doFilter(ApplicationFilterChain.java:149)
	at org.springframework.web.filter.OncePerRequestFilter.doFilter(OncePerRequestFilter.java:110)
	at org.apache.catalina.core.ApplicationFilterChain.internalDoFilter(ApplicationFilterChain.java:174)
	at org.apache.catalina.core.ApplicationFilterChain.doFilter(ApplicationFilterChain.java:149)
	at org.springframework.security.web.FilterChainProxy.lambda$doFilterInternal$3(FilterChainProxy.java:231)
	at org.springframework.security.web.FilterChainProxy$VirtualFilterChain.doFilter(FilterChainProxy.java:365)
	at org.springframework.security.web.access.intercept.AuthorizationFilter.doFilter(AuthorizationFilter.java:100)
	at org.springframework.security.web.FilterChainProxy$VirtualFilterChain.doFilter(FilterChainProxy.java:374)
	at org.springframework.security.web.access.ExceptionTranslationFilter.doFilter(ExceptionTranslationFilter.java:126)
	at org.springframework.security.web.access.ExceptionTranslationFilter.doFilter(ExceptionTranslationFilter.java:120)
	at org.springframework.security.web.FilterChainProxy$VirtualFilterChain.doFilter(FilterChainProxy.java:374)
	at org.springframework.security.web.session.SessionManagementFilter.doFilter(SessionManagementFilter.java:131)
	at org.springframework.security.web.session.SessionManagementFilter.doFilter(SessionManagementFilter.java:85)
	at org.springframework.security.web.FilterChainProxy$VirtualFilterChain.doFilter(FilterChainProxy.java:374)
	at org.springframework.security.web.authentication.AnonymousAuthenticationFilter.doFilter(AnonymousAuthenticationFilter.java:100)
	at org.springframework.security.web.FilterChainProxy$VirtualFilterChain.doFilter(FilterChainProxy.java:374)
	at org.springframework.security.web.servletapi.SecurityContextHolderAwareRequestFilter.doFilter(SecurityContextHolderAwareRequestFilter.java:179)
	at org.springframework.security.web.FilterChainProxy$VirtualFilterChain.doFilter(FilterChainProxy.java:374)
	at org.springframework.security.web.savedrequest.RequestCacheAwareFilter.doFilter(RequestCacheAwareFilter.java:63)
	at org.springframework.security.web.FilterChainProxy$VirtualFilterChain.doFilter(FilterChainProxy.java:374)
	at com.shiel.campaignapi.config.JwtAuthenticationFilter.doFilterInternal(JwtAuthenticationFilter.java:91)
	at org.springframework.web.filter.OncePerRequestFilter.doFilter(OncePerRequestFilter.java:116)
	at org.springframework.security.web.FilterChainProxy$VirtualFilterChain.doFilter(FilterChainProxy.java:374)
	at org.springframework.security.web.authentication.logout.LogoutFilter.doFilter(LogoutFilter.java:107)
	at org.springframework.security.web.authentication.logout.LogoutFilter.doFilter(LogoutFilter.java:93)
	at org.springframework.security.web.FilterChainProxy$VirtualFilterChain.doFilter(FilterChainProxy.java:374)
	at org.springframework.security.web.header.HeaderWriterFilter.doHeadersAfter(HeaderWriterFilter.java:90)
	at org.springframework.security.web.header.HeaderWriterFilter.doFilterInternal(HeaderWriterFilter.java:75)
	at org.springframework.web.filter.OncePerRequestFilter.doFilter(OncePerRequestFilter.java:116)
	at org.springframework.security.web.FilterChainProxy$VirtualFilterChain.doFilter(FilterChainProxy.java:374)
	at org.springframework.security.web.context.SecurityContextHolderFilter.doFilter(SecurityContextHolderFilter.java:82)
	at org.springframework.security.web.context.SecurityContextHolderFilter.doFilter(SecurityContextHolderFilter.java:69)
	at org.springframework.security.web.FilterChainProxy$VirtualFilterChain.doFilter(FilterChainProxy.java:374)
	at org.springframework.security.web.context.request.async.WebAsyncManagerIntegrationFilter.doFilterInternal(WebAsyncManagerIntegrationFilter.java:62)
	at org.springframework.web.filter.OncePerRequestFilter.doFilter(OncePerRequestFilter.java:116)
	at org.springframework.security.web.FilterChainProxy$VirtualFilterChain.doFilter(FilterChainProxy.java:374)
	at org.springframework.security.web.session.DisableEncodeUrlFilter.doFilterInternal(DisableEncodeUrlFilter.java:42)
	at org.springframework.web.filter.OncePerRequestFilter.doFilter(OncePerRequestFilter.java:116)
	at org.springframework.security.web.FilterChainProxy$VirtualFilterChain.doFilter(FilterChainProxy.java:374)
	at org.springframework.security.web.FilterChainProxy.doFilterInternal(FilterChainProxy.java:233)
	at org.springframework.security.web.FilterChainProxy.doFilter(FilterChainProxy.java:191)
	at org.springframework.web.filter.DelegatingFilterProxy.invokeDelegate(DelegatingFilterProxy.java:352)
	at org.springframework.web.filter.DelegatingFilterProxy.doFilter(DelegatingFilterProxy.java:268)
	at org.apache.catalina.core.ApplicationFilterChain.internalDoFilter(ApplicationFilterChain.java:174)
	at org.apache.catalina.core.ApplicationFilterChain.doFilter(ApplicationFilterChain.java:149)
	at org.springframework.web.filter.RequestContextFilter.doFilterInternal(RequestContextFilter.java:100)
	at org.springframework.web.filter.OncePerRequestFilter.doFilter(OncePerRequestFilter.java:116)
	at org.apache.catalina.core.ApplicationFilterChain.internalDoFilter(ApplicationFilterChain.java:174)
	at org.apache.catalina.core.ApplicationFilterChain.doFilter(ApplicationFilterChain.java:149)
	at org.springframework.web.filter.FormContentFilter.doFilterInternal(FormContentFilter.java:93)
	at org.springframework.web.filter.OncePerRequestFilter.doFilter(OncePerRequestFilter.java:116)
	at org.apache.catalina.core.ApplicationFilterChain.internalDoFilter(ApplicationFilterChain.java:174)
	at org.apache.catalina.core.ApplicationFilterChain.doFilter(ApplicationFilterChain.java:149)
	at org.springframework.web.filter.CharacterEncodingFilter.doFilterInternal(CharacterEncodingFilter.java:201)
	at org.springframework.web.filter.OncePerRequestFilter.doFilter(OncePerRequestFilter.java:116)
	at org.apache.catalina.core.ApplicationFilterChain.internalDoFilter(ApplicationFilterChain.java:174)
	at org.apache.catalina.core.ApplicationFilterChain.doFilter(ApplicationFilterChain.java:149)
	at org.apache.catalina.core.StandardWrapperValve.invoke(StandardWrapperValve.java:167)
	at org.apache.catalina.core.StandardContextValve.invoke(StandardContextValve.java:90)
	at org.apache.catalina.authenticator.AuthenticatorBase.invoke(AuthenticatorBase.java:482)
	at org.apache.catalina.core.StandardHostValve.invoke(StandardHostValve.java:115)
	at org.apache.catalina.valves.ErrorReportValve.invoke(ErrorReportValve.java:93)
	at org.apache.catalina.core.StandardEngineValve.invoke(StandardEngineValve.java:74)
	at org.apache.catalina.connector.CoyoteAdapter.service(CoyoteAdapter.java:341)
	at org.apache.coyote.http11.Http11Processor.service(Http11Processor.java:391)
	at org.apache.coyote.AbstractProcessorLight.process(AbstractProcessorLight.java:63)
	at org.apache.coyote.AbstractProtocol$ConnectionHandler.process(AbstractProtocol.java:894)
	at org.apache.tomcat.util.net.NioEndpoint$SocketProcessor.doRun(NioEndpoint.java:1740)
	at org.apache.tomcat.util.net.SocketProcessorBase.run(SocketProcessorBase.java:52)
	at org.apache.tomcat.util.threads.ThreadPoolExecutor.runWorker(ThreadPoolExecutor.java:1191)
	at org.apache.tomcat.util.threads.ThreadPoolExecutor$Worker.run(ThreadPoolExecutor.java:659)
	at org.apache.tomcat.util.threads.TaskThread$WrappingRunnable.run(TaskThread.java:61)
	at java.base/java.lang.Thread.run(Thread.java:833)
2025-02-14 18:31:43 [http-nio-8080-exec-3] INFO  c.s.c.service.BookingService - Starting booking process for event ID: 1
2025-02-14 18:31:43 [http-nio-8080-exec-3] INFO  c.s.c.service.BookingService - Booking saved with ID: 7
2025-02-14 18:36:04 [background-preinit] INFO  o.h.validator.internal.util.Version - HV000001: Hibernate Validator 7.0.0.Final
2025-02-14 18:36:04 [main] INFO  c.s.c.CampaignApiApplication - Starting CampaignApiApplication using Java 17.0.8.1 with PID 12068 (D:\project\camp-api\campaignapi\target\classes started by shibi in D:\project\camp-api\campaignapi)
2025-02-14 18:36:04 [main] INFO  c.s.c.CampaignApiApplication - No active profile set, falling back to 1 default profile: "default"
2025-02-14 18:36:05 [main] INFO  o.s.d.r.c.RepositoryConfigurationDelegate - Bootstrapping Spring Data JPA repositories in DEFAULT mode.
2025-02-14 18:36:05 [main] INFO  o.s.d.r.c.RepositoryConfigurationDelegate - Finished Spring Data repository scanning in 57 ms. Found 9 JPA repository interfaces.
2025-02-14 18:36:05 [main] INFO  o.s.b.w.e.tomcat.TomcatWebServer - Tomcat initialized with port(s): 8080 (http)
2025-02-14 18:36:05 [main] INFO  o.a.coyote.http11.Http11NioProtocol - Initializing ProtocolHandler ["http-nio-8080"]
2025-02-14 18:36:05 [main] INFO  o.a.catalina.core.StandardService - Starting service [Tomcat]
2025-02-14 18:36:05 [main] INFO  o.a.catalina.core.StandardEngine - Starting Servlet engine: [Apache Tomcat/10.1.13]
2025-02-14 18:36:05 [main] INFO  o.a.c.c.C.[.[localhost].[/api] - Initializing Spring embedded WebApplicationContext
2025-02-14 18:36:05 [main] INFO  o.s.b.w.s.c.ServletWebServerApplicationContext - Root WebApplicationContext: initialization completed in 1129 ms
2025-02-14 18:36:05 [main] INFO  o.h.jpa.internal.util.LogHelper - HHH000204: Processing PersistenceUnitInfo [name: default]
2025-02-14 18:36:05 [main] INFO  org.hibernate.Version - HHH000412: Hibernate ORM core version 6.2.9.Final
2025-02-14 18:36:05 [main] INFO  org.hibernate.cfg.Environment - HHH000406: Using bytecode reflection optimizer
2025-02-14 18:36:05 [main] INFO  o.h.b.i.BytecodeProviderInitiator - HHH000021: Bytecode provider name : bytebuddy
2025-02-14 18:36:05 [main] INFO  o.s.o.j.p.SpringPersistenceUnitInfo - No LoadTimeWeaver setup: ignoring JPA class transformer
2025-02-14 18:36:05 [main] INFO  com.zaxxer.hikari.HikariDataSource - HikariPool-1 - Starting...
2025-02-14 18:36:06 [main] INFO  com.zaxxer.hikari.pool.HikariPool - HikariPool-1 - Added connection com.mysql.cj.jdbc.ConnectionImpl@1029cf9
2025-02-14 18:36:06 [main] INFO  com.zaxxer.hikari.HikariDataSource - HikariPool-1 - Start completed.
2025-02-14 18:36:06 [main] INFO  o.h.b.i.BytecodeProviderInitiator - HHH000021: Bytecode provider name : bytebuddy
2025-02-14 18:36:06 [main] INFO  o.h.e.t.j.p.i.JtaPlatformInitiator - HHH000490: Using JtaPlatform implementation: [org.hibernate.engine.transaction.jta.platform.internal.NoJtaPlatform]
2025-02-14 18:36:07 [main] INFO  o.s.o.j.LocalContainerEntityManagerFactoryBean - Initialized JPA EntityManagerFactory for persistence unit 'default'
2025-02-14 18:36:07 [main] INFO  c.s.c.config.FirebaseConfig - Firebase initialized successfully.
2025-02-14 18:36:07 [main] INFO  c.s.c.service.AuthenticationService - AuthenticationService initialized.
2025-02-14 18:36:07 [main] INFO  o.s.b.f.a.AutowiredAnnotationBeanPostProcessor - Autowired annotation is not supported on static fields: private static final org.slf4j.Logger com.shiel.campaignapi.service.BookingService.logger
2025-02-14 18:36:07 [main] INFO  org.quartz.impl.StdSchedulerFactory - Using default implementation for ThreadExecutor
2025-02-14 18:36:07 [main] INFO  o.quartz.core.SchedulerSignalerImpl - Initialized Scheduler Signaller of type: class org.quartz.core.SchedulerSignalerImpl
2025-02-14 18:36:07 [main] INFO  org.quartz.core.QuartzScheduler - Quartz Scheduler v.2.3.2 created.
2025-02-14 18:36:07 [main] INFO  org.quartz.simpl.RAMJobStore - RAMJobStore initialized.
2025-02-14 18:36:07 [main] INFO  org.quartz.core.QuartzScheduler - Scheduler meta-data: Quartz Scheduler (v2.3.2) 'MeetingScheduler' with instanceId 'NON_CLUSTERED'
  Scheduler class: 'org.quartz.core.QuartzScheduler' - running locally.
  NOT STARTED.
  Currently in standby mode.
  Number of jobs executed: 0
  Using thread pool 'org.quartz.simpl.SimpleThreadPool' - with 10 threads.
  Using job-store 'org.quartz.simpl.RAMJobStore' - which does not support persistence. and is not clustered.

2025-02-14 18:36:07 [main] INFO  org.quartz.impl.StdSchedulerFactory - Quartz scheduler 'MeetingScheduler' initialized from an externally provided properties instance.
2025-02-14 18:36:07 [main] INFO  org.quartz.impl.StdSchedulerFactory - Quartz scheduler version: 2.3.2
2025-02-14 18:36:07 [main] INFO  org.quartz.core.QuartzScheduler - JobFactory set to: org.springframework.scheduling.quartz.SpringBeanJobFactory@42365c82
2025-02-14 18:36:07 [main] INFO  o.s.s.web.DefaultSecurityFilterChain - Will secure any request with [org.springframework.security.web.session.DisableEncodeUrlFilter@40a360e6, org.springframework.security.web.context.request.async.WebAsyncManagerIntegrationFilter@21f9764, org.springframework.security.web.context.SecurityContextHolderFilter@62a09668, org.springframework.security.web.header.HeaderWriterFilter@6dacde96, org.springframework.security.web.authentication.logout.LogoutFilter@dd26290, com.shiel.campaignapi.config.JwtAuthenticationFilter@69c7eafd, org.springframework.security.web.savedrequest.RequestCacheAwareFilter@388ad8aa, org.springframework.security.web.servletapi.SecurityContextHolderAwareRequestFilter@64e6cdad, org.springframework.security.web.authentication.AnonymousAuthenticationFilter@378456cb, org.springframework.security.web.session.SessionManagementFilter@21523e1b, org.springframework.security.web.access.ExceptionTranslationFilter@7d2d5625, org.springframework.security.web.access.intercept.AuthorizationFilter@73b63917]
2025-02-14 18:36:08 [main] INFO  o.a.coyote.http11.Http11NioProtocol - Starting ProtocolHandler ["http-nio-8080"]
2025-02-14 18:36:08 [main] INFO  o.s.b.w.e.tomcat.TomcatWebServer - Tomcat started on port(s): 8080 (http) with context path '/api'
2025-02-14 18:36:08 [main] INFO  o.s.s.quartz.SchedulerFactoryBean - Starting Quartz Scheduler now
2025-02-14 18:36:08 [main] INFO  org.quartz.core.QuartzScheduler - Scheduler MeetingScheduler_$_NON_CLUSTERED started.
2025-02-14 18:36:08 [main] INFO  c.s.c.CampaignApiApplication - Started CampaignApiApplication in 4.09 seconds (process running for 4.739)
2025-02-14 18:37:05 [http-nio-8080-exec-2] INFO  o.a.c.c.C.[.[localhost].[/api] - Initializing Spring DispatcherServlet 'dispatcherServlet'
2025-02-14 18:37:05 [http-nio-8080-exec-2] INFO  o.s.web.servlet.DispatcherServlet - Initializing Servlet 'dispatcherServlet'
2025-02-14 18:37:05 [http-nio-8080-exec-2] INFO  o.s.web.servlet.DispatcherServlet - Completed initialization in 4 ms
2025-02-14 18:37:05 [http-nio-8080-exec-2] INFO  c.s.c.service.BookingService - Starting booking process for event ID: 1
2025-02-14 18:37:05 [http-nio-8080-exec-2] INFO  c.s.c.service.BookingService - Created new booking for user: shibinshibu7078@gmail.com
2025-02-14 18:37:05 [http-nio-8080-exec-2] INFO  c.s.c.service.BookingService - Booking saved with ID: 8
2025-02-14 18:37:16 [http-nio-8080-exec-4] INFO  c.s.c.service.BookingService - Starting booking process for event ID: 1
2025-02-14 18:37:16 [http-nio-8080-exec-4] INFO  c.s.c.service.BookingService - Booking saved with ID: 8
2025-02-14 18:37:36 [http-nio-8080-exec-3] INFO  c.s.c.service.BookingService - Starting booking process for event ID: 1
2025-02-14 18:37:36 [http-nio-8080-exec-3] INFO  c.s.c.service.BookingService - Booking saved with ID: 8
2025-02-14 18:39:04 [http-nio-8080-exec-8] INFO  c.s.c.service.BookingService - Fetching all bookings...
2025-02-14 18:39:04 [http-nio-8080-exec-8] INFO  c.s.c.service.BookingService - Found 1 bookings.
2025-02-14 18:40:05 [http-nio-8080-exec-10] INFO  c.s.c.service.BookingService - Cancelling booking for booking ID: 8
2025-02-14 18:40:05 [http-nio-8080-exec-10] INFO  c.s.c.service.BookingService - Booking status set to DEPENDENT as dependents exist for booking ID: 8
2025-02-14 18:40:40 [http-nio-8080-exec-2] INFO  c.s.c.service.BookingService - Fetching all bookings...
2025-02-14 18:40:40 [http-nio-8080-exec-2] INFO  c.s.c.service.BookingService - Found 1 bookings.
2025-02-14 18:41:20 [http-nio-8080-exec-3] INFO  c.s.c.service.BookingService - Fetching all bookings...
2025-02-14 18:41:20 [http-nio-8080-exec-3] INFO  c.s.c.service.BookingService - Found 1 bookings.
2025-02-14 18:42:01 [http-nio-8080-exec-9] INFO  c.s.c.service.BookingService - Fetching all bookings...
2025-02-14 18:42:01 [http-nio-8080-exec-9] INFO  c.s.c.service.BookingService - Found 1 bookings.
2025-02-14 19:00:31 [background-preinit] INFO  o.h.validator.internal.util.Version - HV000001: Hibernate Validator 7.0.0.Final
2025-02-14 19:00:31 [main] INFO  c.s.c.CampaignApiApplication - Starting CampaignApiApplication using Java 17.0.8.1 with PID 19000 (D:\project\camp-api\campaignapi\target\classes started by shibi in D:\project\camp-api\campaignapi)
2025-02-14 19:00:31 [main] INFO  c.s.c.CampaignApiApplication - No active profile set, falling back to 1 default profile: "default"
2025-02-14 19:00:31 [main] INFO  o.s.d.r.c.RepositoryConfigurationDelegate - Bootstrapping Spring Data JPA repositories in DEFAULT mode.
2025-02-14 19:00:32 [main] INFO  o.s.d.r.c.RepositoryConfigurationDelegate - Finished Spring Data repository scanning in 56 ms. Found 9 JPA repository interfaces.
2025-02-14 19:00:32 [main] INFO  o.s.b.w.e.tomcat.TomcatWebServer - Tomcat initialized with port(s): 8080 (http)
2025-02-14 19:00:32 [main] INFO  o.a.coyote.http11.Http11NioProtocol - Initializing ProtocolHandler ["http-nio-8080"]
2025-02-14 19:00:32 [main] INFO  o.a.catalina.core.StandardService - Starting service [Tomcat]
2025-02-14 19:00:32 [main] INFO  o.a.catalina.core.StandardEngine - Starting Servlet engine: [Apache Tomcat/10.1.13]
2025-02-14 19:00:32 [main] INFO  o.a.c.c.C.[.[localhost].[/api] - Initializing Spring embedded WebApplicationContext
2025-02-14 19:00:32 [main] INFO  o.s.b.w.s.c.ServletWebServerApplicationContext - Root WebApplicationContext: initialization completed in 1125 ms
2025-02-14 19:00:32 [main] INFO  o.h.jpa.internal.util.LogHelper - HHH000204: Processing PersistenceUnitInfo [name: default]
2025-02-14 19:00:32 [main] INFO  org.hibernate.Version - HHH000412: Hibernate ORM core version 6.2.9.Final
2025-02-14 19:00:32 [main] INFO  org.hibernate.cfg.Environment - HHH000406: Using bytecode reflection optimizer
2025-02-14 19:00:32 [main] INFO  o.h.b.i.BytecodeProviderInitiator - HHH000021: Bytecode provider name : bytebuddy
2025-02-14 19:00:32 [main] INFO  o.s.o.j.p.SpringPersistenceUnitInfo - No LoadTimeWeaver setup: ignoring JPA class transformer
2025-02-14 19:00:32 [main] INFO  com.zaxxer.hikari.HikariDataSource - HikariPool-1 - Starting...
2025-02-14 19:00:33 [main] INFO  com.zaxxer.hikari.pool.HikariPool - HikariPool-1 - Added connection com.mysql.cj.jdbc.ConnectionImpl@655909e2
2025-02-14 19:00:33 [main] INFO  com.zaxxer.hikari.HikariDataSource - HikariPool-1 - Start completed.
2025-02-14 19:00:33 [main] INFO  o.h.b.i.BytecodeProviderInitiator - HHH000021: Bytecode provider name : bytebuddy
2025-02-14 19:00:33 [main] INFO  o.h.e.t.j.p.i.JtaPlatformInitiator - HHH000490: Using JtaPlatform implementation: [org.hibernate.engine.transaction.jta.platform.internal.NoJtaPlatform]
2025-02-14 19:00:34 [main] INFO  o.s.o.j.LocalContainerEntityManagerFactoryBean - Initialized JPA EntityManagerFactory for persistence unit 'default'
2025-02-14 19:00:34 [main] INFO  c.s.c.config.FirebaseConfig - Firebase initialized successfully.
2025-02-14 19:00:34 [main] INFO  c.s.c.service.AuthenticationService - AuthenticationService initialized.
2025-02-14 19:00:34 [main] INFO  o.s.b.f.a.AutowiredAnnotationBeanPostProcessor - Autowired annotation is not supported on static fields: private static final org.slf4j.Logger com.shiel.campaignapi.service.BookingService.logger
2025-02-14 19:00:34 [main] INFO  org.quartz.impl.StdSchedulerFactory - Using default implementation for ThreadExecutor
2025-02-14 19:00:34 [main] INFO  o.quartz.core.SchedulerSignalerImpl - Initialized Scheduler Signaller of type: class org.quartz.core.SchedulerSignalerImpl
2025-02-14 19:00:34 [main] INFO  org.quartz.core.QuartzScheduler - Quartz Scheduler v.2.3.2 created.
2025-02-14 19:00:34 [main] INFO  org.quartz.simpl.RAMJobStore - RAMJobStore initialized.
2025-02-14 19:00:34 [main] INFO  org.quartz.core.QuartzScheduler - Scheduler meta-data: Quartz Scheduler (v2.3.2) 'MeetingScheduler' with instanceId 'NON_CLUSTERED'
  Scheduler class: 'org.quartz.core.QuartzScheduler' - running locally.
  NOT STARTED.
  Currently in standby mode.
  Number of jobs executed: 0
  Using thread pool 'org.quartz.simpl.SimpleThreadPool' - with 10 threads.
  Using job-store 'org.quartz.simpl.RAMJobStore' - which does not support persistence. and is not clustered.

2025-02-14 19:00:34 [main] INFO  org.quartz.impl.StdSchedulerFactory - Quartz scheduler 'MeetingScheduler' initialized from an externally provided properties instance.
2025-02-14 19:00:34 [main] INFO  org.quartz.impl.StdSchedulerFactory - Quartz scheduler version: 2.3.2
2025-02-14 19:00:34 [main] INFO  org.quartz.core.QuartzScheduler - JobFactory set to: org.springframework.scheduling.quartz.SpringBeanJobFactory@324ee3ca
2025-02-14 19:00:34 [main] INFO  o.s.s.web.DefaultSecurityFilterChain - Will secure any request with [org.springframework.security.web.session.DisableEncodeUrlFilter@7a7698f4, org.springframework.security.web.context.request.async.WebAsyncManagerIntegrationFilter@1150b923, org.springframework.security.web.context.SecurityContextHolderFilter@5e6b2641, org.springframework.security.web.header.HeaderWriterFilter@e50e308, org.springframework.security.web.authentication.logout.LogoutFilter@7701b695, com.shiel.campaignapi.config.JwtAuthenticationFilter@d91e8c7, org.springframework.security.web.savedrequest.RequestCacheAwareFilter@1ef585bb, org.springframework.security.web.servletapi.SecurityContextHolderAwareRequestFilter@24c94e95, org.springframework.security.web.authentication.AnonymousAuthenticationFilter@54c2cfc9, org.springframework.security.web.session.SessionManagementFilter@4ec78008, org.springframework.security.web.access.ExceptionTranslationFilter@51c7d472, org.springframework.security.web.access.intercept.AuthorizationFilter@5ed6a36a]
2025-02-14 19:00:35 [main] INFO  o.a.coyote.http11.Http11NioProtocol - Starting ProtocolHandler ["http-nio-8080"]
2025-02-14 19:00:35 [main] INFO  o.s.b.w.e.tomcat.TomcatWebServer - Tomcat started on port(s): 8080 (http) with context path '/api'
2025-02-14 19:00:35 [main] INFO  o.s.s.quartz.SchedulerFactoryBean - Starting Quartz Scheduler now
2025-02-14 19:00:35 [main] INFO  org.quartz.core.QuartzScheduler - Scheduler MeetingScheduler_$_NON_CLUSTERED started.
2025-02-14 19:00:35 [main] INFO  c.s.c.CampaignApiApplication - Started CampaignApiApplication in 4.076 seconds (process running for 4.713)
2025-02-14 19:01:11 [http-nio-8080-exec-3] INFO  o.a.c.c.C.[.[localhost].[/api] - Initializing Spring DispatcherServlet 'dispatcherServlet'
2025-02-14 19:01:11 [http-nio-8080-exec-3] INFO  o.s.web.servlet.DispatcherServlet - Initializing Servlet 'dispatcherServlet'
2025-02-14 19:01:11 [http-nio-8080-exec-3] INFO  o.s.web.servlet.DispatcherServlet - Completed initialization in 2 ms
2025-02-14 19:01:11 [http-nio-8080-exec-3] INFO  c.s.c.service.BookingService - Fetching all bookings...
2025-02-14 19:01:11 [http-nio-8080-exec-3] INFO  c.s.c.service.BookingService - Found 1 bookings.
2025-02-14 19:01:26 [http-nio-8080-exec-4] INFO  c.s.c.service.BookingService - Starting booking process for event ID: 1
2025-02-14 19:01:26 [http-nio-8080-exec-4] ERROR c.s.c.service.BookingService - Error saving booking: Father's age must be greater than the user's age
com.shiel.campaignapi.exception.UserIllegalArgumentException: Father's age must be greater than the user's age
	at com.shiel.campaignapi.service.BookingService.saveBooking(BookingService.java:170)
	at java.base/jdk.internal.reflect.NativeMethodAccessorImpl.invoke0(Native Method)
	at java.base/jdk.internal.reflect.NativeMethodAccessorImpl.invoke(NativeMethodAccessorImpl.java:77)
	at java.base/jdk.internal.reflect.DelegatingMethodAccessorImpl.invoke(DelegatingMethodAccessorImpl.java:43)
	at java.base/java.lang.reflect.Method.invoke(Method.java:568)
	at org.springframework.aop.support.AopUtils.invokeJoinpointUsingReflection(AopUtils.java:343)
	at org.springframework.aop.framework.ReflectiveMethodInvocation.invokeJoinpoint(ReflectiveMethodInvocation.java:196)
	at org.springframework.aop.framework.ReflectiveMethodInvocation.proceed(ReflectiveMethodInvocation.java:163)
	at org.springframework.aop.framework.CglibAopProxy$CglibMethodInvocation.proceed(CglibAopProxy.java:751)
	at org.springframework.transaction.interceptor.TransactionInterceptor$1.proceedWithInvocation(TransactionInterceptor.java:123)
	at org.springframework.transaction.interceptor.TransactionAspectSupport.invokeWithinTransaction(TransactionAspectSupport.java:391)
	at org.springframework.transaction.interceptor.TransactionInterceptor.invoke(TransactionInterceptor.java:119)
	at org.springframework.aop.framework.ReflectiveMethodInvocation.proceed(ReflectiveMethodInvocation.java:184)
	at org.springframework.aop.framework.CglibAopProxy$CglibMethodInvocation.proceed(CglibAopProxy.java:751)
	at org.springframework.aop.framework.CglibAopProxy$DynamicAdvisedInterceptor.intercept(CglibAopProxy.java:703)
	at com.shiel.campaignapi.service.BookingService$$SpringCGLIB$$0.saveBooking(<generated>)
	at com.shiel.campaignapi.controller.BookingController.addBooking(BookingController.java:37)
	at java.base/jdk.internal.reflect.NativeMethodAccessorImpl.invoke0(Native Method)
	at java.base/jdk.internal.reflect.NativeMethodAccessorImpl.invoke(NativeMethodAccessorImpl.java:77)
	at java.base/jdk.internal.reflect.DelegatingMethodAccessorImpl.invoke(DelegatingMethodAccessorImpl.java:43)
	at java.base/java.lang.reflect.Method.invoke(Method.java:568)
	at org.springframework.web.method.support.InvocableHandlerMethod.doInvoke(InvocableHandlerMethod.java:205)
	at org.springframework.web.method.support.InvocableHandlerMethod.invokeForRequest(InvocableHandlerMethod.java:150)
	at org.springframework.web.servlet.mvc.method.annotation.ServletInvocableHandlerMethod.invokeAndHandle(ServletInvocableHandlerMethod.java:118)
	at org.springframework.web.servlet.mvc.method.annotation.RequestMappingHandlerAdapter.invokeHandlerMethod(RequestMappingHandlerAdapter.java:884)
	at org.springframework.web.servlet.mvc.method.annotation.RequestMappingHandlerAdapter.handleInternal(RequestMappingHandlerAdapter.java:797)
	at org.springframework.web.servlet.mvc.method.AbstractHandlerMethodAdapter.handle(AbstractHandlerMethodAdapter.java:87)
	at org.springframework.web.servlet.DispatcherServlet.doDispatch(DispatcherServlet.java:1081)
	at org.springframework.web.servlet.DispatcherServlet.doService(DispatcherServlet.java:974)
	at org.springframework.web.servlet.FrameworkServlet.processRequest(FrameworkServlet.java:1011)
	at org.springframework.web.servlet.FrameworkServlet.doPost(FrameworkServlet.java:914)
	at jakarta.servlet.http.HttpServlet.service(HttpServlet.java:590)
	at org.springframework.web.servlet.FrameworkServlet.service(FrameworkServlet.java:885)
	at jakarta.servlet.http.HttpServlet.service(HttpServlet.java:658)
	at org.apache.catalina.core.ApplicationFilterChain.internalDoFilter(ApplicationFilterChain.java:205)
	at org.apache.catalina.core.ApplicationFilterChain.doFilter(ApplicationFilterChain.java:149)
	at org.apache.tomcat.websocket.server.WsFilter.doFilter(WsFilter.java:51)
	at org.apache.catalina.core.ApplicationFilterChain.internalDoFilter(ApplicationFilterChain.java:174)
	at org.apache.catalina.core.ApplicationFilterChain.doFilter(ApplicationFilterChain.java:149)
	at org.springframework.web.filter.OncePerRequestFilter.doFilter(OncePerRequestFilter.java:110)
	at org.apache.catalina.core.ApplicationFilterChain.internalDoFilter(ApplicationFilterChain.java:174)
	at org.apache.catalina.core.ApplicationFilterChain.doFilter(ApplicationFilterChain.java:149)
	at org.springframework.security.web.FilterChainProxy.lambda$doFilterInternal$3(FilterChainProxy.java:231)
	at org.springframework.security.web.FilterChainProxy$VirtualFilterChain.doFilter(FilterChainProxy.java:365)
	at org.springframework.security.web.access.intercept.AuthorizationFilter.doFilter(AuthorizationFilter.java:100)
	at org.springframework.security.web.FilterChainProxy$VirtualFilterChain.doFilter(FilterChainProxy.java:374)
	at org.springframework.security.web.access.ExceptionTranslationFilter.doFilter(ExceptionTranslationFilter.java:126)
	at org.springframework.security.web.access.ExceptionTranslationFilter.doFilter(ExceptionTranslationFilter.java:120)
	at org.springframework.security.web.FilterChainProxy$VirtualFilterChain.doFilter(FilterChainProxy.java:374)
	at org.springframework.security.web.session.SessionManagementFilter.doFilter(SessionManagementFilter.java:131)
	at org.springframework.security.web.session.SessionManagementFilter.doFilter(SessionManagementFilter.java:85)
	at org.springframework.security.web.FilterChainProxy$VirtualFilterChain.doFilter(FilterChainProxy.java:374)
	at org.springframework.security.web.authentication.AnonymousAuthenticationFilter.doFilter(AnonymousAuthenticationFilter.java:100)
	at org.springframework.security.web.FilterChainProxy$VirtualFilterChain.doFilter(FilterChainProxy.java:374)
	at org.springframework.security.web.servletapi.SecurityContextHolderAwareRequestFilter.doFilter(SecurityContextHolderAwareRequestFilter.java:179)
	at org.springframework.security.web.FilterChainProxy$VirtualFilterChain.doFilter(FilterChainProxy.java:374)
	at org.springframework.security.web.savedrequest.RequestCacheAwareFilter.doFilter(RequestCacheAwareFilter.java:63)
	at org.springframework.security.web.FilterChainProxy$VirtualFilterChain.doFilter(FilterChainProxy.java:374)
	at com.shiel.campaignapi.config.JwtAuthenticationFilter.doFilterInternal(JwtAuthenticationFilter.java:91)
	at org.springframework.web.filter.OncePerRequestFilter.doFilter(OncePerRequestFilter.java:116)
	at org.springframework.security.web.FilterChainProxy$VirtualFilterChain.doFilter(FilterChainProxy.java:374)
	at org.springframework.security.web.authentication.logout.LogoutFilter.doFilter(LogoutFilter.java:107)
	at org.springframework.security.web.authentication.logout.LogoutFilter.doFilter(LogoutFilter.java:93)
	at org.springframework.security.web.FilterChainProxy$VirtualFilterChain.doFilter(FilterChainProxy.java:374)
	at org.springframework.security.web.header.HeaderWriterFilter.doHeadersAfter(HeaderWriterFilter.java:90)
	at org.springframework.security.web.header.HeaderWriterFilter.doFilterInternal(HeaderWriterFilter.java:75)
	at org.springframework.web.filter.OncePerRequestFilter.doFilter(OncePerRequestFilter.java:116)
	at org.springframework.security.web.FilterChainProxy$VirtualFilterChain.doFilter(FilterChainProxy.java:374)
	at org.springframework.security.web.context.SecurityContextHolderFilter.doFilter(SecurityContextHolderFilter.java:82)
	at org.springframework.security.web.context.SecurityContextHolderFilter.doFilter(SecurityContextHolderFilter.java:69)
	at org.springframework.security.web.FilterChainProxy$VirtualFilterChain.doFilter(FilterChainProxy.java:374)
	at org.springframework.security.web.context.request.async.WebAsyncManagerIntegrationFilter.doFilterInternal(WebAsyncManagerIntegrationFilter.java:62)
	at org.springframework.web.filter.OncePerRequestFilter.doFilter(OncePerRequestFilter.java:116)
	at org.springframework.security.web.FilterChainProxy$VirtualFilterChain.doFilter(FilterChainProxy.java:374)
	at org.springframework.security.web.session.DisableEncodeUrlFilter.doFilterInternal(DisableEncodeUrlFilter.java:42)
	at org.springframework.web.filter.OncePerRequestFilter.doFilter(OncePerRequestFilter.java:116)
	at org.springframework.security.web.FilterChainProxy$VirtualFilterChain.doFilter(FilterChainProxy.java:374)
	at org.springframework.security.web.FilterChainProxy.doFilterInternal(FilterChainProxy.java:233)
	at org.springframework.security.web.FilterChainProxy.doFilter(FilterChainProxy.java:191)
	at org.springframework.web.filter.DelegatingFilterProxy.invokeDelegate(DelegatingFilterProxy.java:352)
	at org.springframework.web.filter.DelegatingFilterProxy.doFilter(DelegatingFilterProxy.java:268)
	at org.apache.catalina.core.ApplicationFilterChain.internalDoFilter(ApplicationFilterChain.java:174)
	at org.apache.catalina.core.ApplicationFilterChain.doFilter(ApplicationFilterChain.java:149)
	at org.springframework.web.filter.RequestContextFilter.doFilterInternal(RequestContextFilter.java:100)
	at org.springframework.web.filter.OncePerRequestFilter.doFilter(OncePerRequestFilter.java:116)
	at org.apache.catalina.core.ApplicationFilterChain.internalDoFilter(ApplicationFilterChain.java:174)
	at org.apache.catalina.core.ApplicationFilterChain.doFilter(ApplicationFilterChain.java:149)
	at org.springframework.web.filter.FormContentFilter.doFilterInternal(FormContentFilter.java:93)
	at org.springframework.web.filter.OncePerRequestFilter.doFilter(OncePerRequestFilter.java:116)
	at org.apache.catalina.core.ApplicationFilterChain.internalDoFilter(ApplicationFilterChain.java:174)
	at org.apache.catalina.core.ApplicationFilterChain.doFilter(ApplicationFilterChain.java:149)
	at org.springframework.web.filter.CharacterEncodingFilter.doFilterInternal(CharacterEncodingFilter.java:201)
	at org.springframework.web.filter.OncePerRequestFilter.doFilter(OncePerRequestFilter.java:116)
	at org.apache.catalina.core.ApplicationFilterChain.internalDoFilter(ApplicationFilterChain.java:174)
	at org.apache.catalina.core.ApplicationFilterChain.doFilter(ApplicationFilterChain.java:149)
	at org.apache.catalina.core.StandardWrapperValve.invoke(StandardWrapperValve.java:167)
	at org.apache.catalina.core.StandardContextValve.invoke(StandardContextValve.java:90)
	at org.apache.catalina.authenticator.AuthenticatorBase.invoke(AuthenticatorBase.java:482)
	at org.apache.catalina.core.StandardHostValve.invoke(StandardHostValve.java:115)
	at org.apache.catalina.valves.ErrorReportValve.invoke(ErrorReportValve.java:93)
	at org.apache.catalina.core.StandardEngineValve.invoke(StandardEngineValve.java:74)
	at org.apache.catalina.connector.CoyoteAdapter.service(CoyoteAdapter.java:341)
	at org.apache.coyote.http11.Http11Processor.service(Http11Processor.java:391)
	at org.apache.coyote.AbstractProcessorLight.process(AbstractProcessorLight.java:63)
	at org.apache.coyote.AbstractProtocol$ConnectionHandler.process(AbstractProtocol.java:894)
	at org.apache.tomcat.util.net.NioEndpoint$SocketProcessor.doRun(NioEndpoint.java:1740)
	at org.apache.tomcat.util.net.SocketProcessorBase.run(SocketProcessorBase.java:52)
	at org.apache.tomcat.util.threads.ThreadPoolExecutor.runWorker(ThreadPoolExecutor.java:1191)
	at org.apache.tomcat.util.threads.ThreadPoolExecutor$Worker.run(ThreadPoolExecutor.java:659)
	at org.apache.tomcat.util.threads.TaskThread$WrappingRunnable.run(TaskThread.java:61)
	at java.base/java.lang.Thread.run(Thread.java:833)
2025-02-14 19:03:58 [background-preinit] INFO  o.h.validator.internal.util.Version - HV000001: Hibernate Validator 7.0.0.Final
2025-02-14 19:03:58 [main] INFO  c.s.c.CampaignApiApplication - Starting CampaignApiApplication using Java 17.0.8.1 with PID 18380 (D:\project\camp-api\campaignapi\target\classes started by shibi in D:\project\camp-api\campaignapi)
2025-02-14 19:03:58 [main] INFO  c.s.c.CampaignApiApplication - No active profile set, falling back to 1 default profile: "default"
2025-02-14 19:03:59 [main] INFO  o.s.d.r.c.RepositoryConfigurationDelegate - Bootstrapping Spring Data JPA repositories in DEFAULT mode.
2025-02-14 19:03:59 [main] INFO  o.s.d.r.c.RepositoryConfigurationDelegate - Finished Spring Data repository scanning in 55 ms. Found 9 JPA repository interfaces.
2025-02-14 19:03:59 [main] INFO  o.s.b.w.e.tomcat.TomcatWebServer - Tomcat initialized with port(s): 8080 (http)
2025-02-14 19:03:59 [main] INFO  o.a.coyote.http11.Http11NioProtocol - Initializing ProtocolHandler ["http-nio-8080"]
2025-02-14 19:03:59 [main] INFO  o.a.catalina.core.StandardService - Starting service [Tomcat]
2025-02-14 19:03:59 [main] INFO  o.a.catalina.core.StandardEngine - Starting Servlet engine: [Apache Tomcat/10.1.13]
2025-02-14 19:03:59 [main] INFO  o.a.c.c.C.[.[localhost].[/api] - Initializing Spring embedded WebApplicationContext
2025-02-14 19:03:59 [main] INFO  o.s.b.w.s.c.ServletWebServerApplicationContext - Root WebApplicationContext: initialization completed in 1133 ms
2025-02-14 19:03:59 [main] INFO  o.h.jpa.internal.util.LogHelper - HHH000204: Processing PersistenceUnitInfo [name: default]
2025-02-14 19:03:59 [main] INFO  org.hibernate.Version - HHH000412: Hibernate ORM core version 6.2.9.Final
2025-02-14 19:03:59 [main] INFO  org.hibernate.cfg.Environment - HHH000406: Using bytecode reflection optimizer
2025-02-14 19:04:00 [main] INFO  o.h.b.i.BytecodeProviderInitiator - HHH000021: Bytecode provider name : bytebuddy
2025-02-14 19:04:00 [main] INFO  o.s.o.j.p.SpringPersistenceUnitInfo - No LoadTimeWeaver setup: ignoring JPA class transformer
2025-02-14 19:04:00 [main] INFO  com.zaxxer.hikari.HikariDataSource - HikariPool-1 - Starting...
2025-02-14 19:04:00 [main] INFO  com.zaxxer.hikari.pool.HikariPool - HikariPool-1 - Added connection com.mysql.cj.jdbc.ConnectionImpl@2b99c937
2025-02-14 19:04:00 [main] INFO  com.zaxxer.hikari.HikariDataSource - HikariPool-1 - Start completed.
2025-02-14 19:04:00 [main] INFO  o.h.b.i.BytecodeProviderInitiator - HHH000021: Bytecode provider name : bytebuddy
2025-02-14 19:04:01 [main] INFO  o.h.e.t.j.p.i.JtaPlatformInitiator - HHH000490: Using JtaPlatform implementation: [org.hibernate.engine.transaction.jta.platform.internal.NoJtaPlatform]
2025-02-14 19:04:01 [main] INFO  o.s.o.j.LocalContainerEntityManagerFactoryBean - Initialized JPA EntityManagerFactory for persistence unit 'default'
2025-02-14 19:04:01 [main] INFO  c.s.c.config.FirebaseConfig - Firebase initialized successfully.
2025-02-14 19:04:01 [main] INFO  c.s.c.service.AuthenticationService - AuthenticationService initialized.
2025-02-14 19:04:01 [main] INFO  o.s.b.f.a.AutowiredAnnotationBeanPostProcessor - Autowired annotation is not supported on static fields: private static final org.slf4j.Logger com.shiel.campaignapi.service.BookingService.logger
2025-02-14 19:04:01 [main] INFO  org.quartz.impl.StdSchedulerFactory - Using default implementation for ThreadExecutor
2025-02-14 19:04:01 [main] INFO  o.quartz.core.SchedulerSignalerImpl - Initialized Scheduler Signaller of type: class org.quartz.core.SchedulerSignalerImpl
2025-02-14 19:04:01 [main] INFO  org.quartz.core.QuartzScheduler - Quartz Scheduler v.2.3.2 created.
2025-02-14 19:04:01 [main] INFO  org.quartz.simpl.RAMJobStore - RAMJobStore initialized.
2025-02-14 19:04:01 [main] INFO  org.quartz.core.QuartzScheduler - Scheduler meta-data: Quartz Scheduler (v2.3.2) 'MeetingScheduler' with instanceId 'NON_CLUSTERED'
  Scheduler class: 'org.quartz.core.QuartzScheduler' - running locally.
  NOT STARTED.
  Currently in standby mode.
  Number of jobs executed: 0
  Using thread pool 'org.quartz.simpl.SimpleThreadPool' - with 10 threads.
  Using job-store 'org.quartz.simpl.RAMJobStore' - which does not support persistence. and is not clustered.

2025-02-14 19:04:01 [main] INFO  org.quartz.impl.StdSchedulerFactory - Quartz scheduler 'MeetingScheduler' initialized from an externally provided properties instance.
2025-02-14 19:04:01 [main] INFO  org.quartz.impl.StdSchedulerFactory - Quartz scheduler version: 2.3.2
2025-02-14 19:04:01 [main] INFO  org.quartz.core.QuartzScheduler - JobFactory set to: org.springframework.scheduling.quartz.SpringBeanJobFactory@79e3f444
2025-02-14 19:04:02 [main] INFO  o.s.s.web.DefaultSecurityFilterChain - Will secure any request with [org.springframework.security.web.session.DisableEncodeUrlFilter@519e0814, org.springframework.security.web.context.request.async.WebAsyncManagerIntegrationFilter@d1b9dd7, org.springframework.security.web.context.SecurityContextHolderFilter@28ab7ffb, org.springframework.security.web.header.HeaderWriterFilter@6ea0dfaa, org.springframework.security.web.authentication.logout.LogoutFilter@60abe420, com.shiel.campaignapi.config.JwtAuthenticationFilter@1a13b5c1, org.springframework.security.web.savedrequest.RequestCacheAwareFilter@5b3427c4, org.springframework.security.web.servletapi.SecurityContextHolderAwareRequestFilter@1e11d73c, org.springframework.security.web.authentication.AnonymousAuthenticationFilter@7701b695, org.springframework.security.web.session.SessionManagementFilter@51c7d472, org.springframework.security.web.access.ExceptionTranslationFilter@32180efb, org.springframework.security.web.access.intercept.AuthorizationFilter@1b68e626]
2025-02-14 19:04:02 [main] INFO  o.a.coyote.http11.Http11NioProtocol - Starting ProtocolHandler ["http-nio-8080"]
2025-02-14 19:04:02 [main] INFO  o.s.b.w.e.tomcat.TomcatWebServer - Tomcat started on port(s): 8080 (http) with context path '/api'
2025-02-14 19:04:02 [main] INFO  o.s.s.quartz.SchedulerFactoryBean - Starting Quartz Scheduler now
2025-02-14 19:04:02 [main] INFO  org.quartz.core.QuartzScheduler - Scheduler MeetingScheduler_$_NON_CLUSTERED started.
2025-02-14 19:04:02 [main] INFO  c.s.c.CampaignApiApplication - Started CampaignApiApplication in 4.109 seconds (process running for 4.767)
2025-02-14 19:04:07 [http-nio-8080-exec-2] INFO  o.a.c.c.C.[.[localhost].[/api] - Initializing Spring DispatcherServlet 'dispatcherServlet'
2025-02-14 19:04:07 [http-nio-8080-exec-2] INFO  o.s.web.servlet.DispatcherServlet - Initializing Servlet 'dispatcherServlet'
2025-02-14 19:04:07 [http-nio-8080-exec-2] INFO  o.s.web.servlet.DispatcherServlet - Completed initialization in 1 ms
2025-02-14 19:04:07 [http-nio-8080-exec-2] INFO  c.s.c.service.BookingService - Starting booking process for event ID: 1
2025-02-14 19:04:07 [http-nio-8080-exec-2] ERROR c.s.c.service.BookingService - Error saving booking: Father's age must be greater than the user's age
com.shiel.campaignapi.exception.UserIllegalArgumentException: Father's age must be greater than the user's age
	at com.shiel.campaignapi.service.BookingService.saveBooking(BookingService.java:170)
	at java.base/jdk.internal.reflect.NativeMethodAccessorImpl.invoke0(Native Method)
	at java.base/jdk.internal.reflect.NativeMethodAccessorImpl.invoke(NativeMethodAccessorImpl.java:77)
	at java.base/jdk.internal.reflect.DelegatingMethodAccessorImpl.invoke(DelegatingMethodAccessorImpl.java:43)
	at java.base/java.lang.reflect.Method.invoke(Method.java:568)
	at org.springframework.aop.support.AopUtils.invokeJoinpointUsingReflection(AopUtils.java:343)
	at org.springframework.aop.framework.ReflectiveMethodInvocation.invokeJoinpoint(ReflectiveMethodInvocation.java:196)
	at org.springframework.aop.framework.ReflectiveMethodInvocation.proceed(ReflectiveMethodInvocation.java:163)
	at org.springframework.aop.framework.CglibAopProxy$CglibMethodInvocation.proceed(CglibAopProxy.java:751)
	at org.springframework.transaction.interceptor.TransactionInterceptor$1.proceedWithInvocation(TransactionInterceptor.java:123)
	at org.springframework.transaction.interceptor.TransactionAspectSupport.invokeWithinTransaction(TransactionAspectSupport.java:391)
	at org.springframework.transaction.interceptor.TransactionInterceptor.invoke(TransactionInterceptor.java:119)
	at org.springframework.aop.framework.ReflectiveMethodInvocation.proceed(ReflectiveMethodInvocation.java:184)
	at org.springframework.aop.framework.CglibAopProxy$CglibMethodInvocation.proceed(CglibAopProxy.java:751)
	at org.springframework.aop.framework.CglibAopProxy$DynamicAdvisedInterceptor.intercept(CglibAopProxy.java:703)
	at com.shiel.campaignapi.service.BookingService$$SpringCGLIB$$0.saveBooking(<generated>)
	at com.shiel.campaignapi.controller.BookingController.addBooking(BookingController.java:37)
	at java.base/jdk.internal.reflect.NativeMethodAccessorImpl.invoke0(Native Method)
	at java.base/jdk.internal.reflect.NativeMethodAccessorImpl.invoke(NativeMethodAccessorImpl.java:77)
	at java.base/jdk.internal.reflect.DelegatingMethodAccessorImpl.invoke(DelegatingMethodAccessorImpl.java:43)
	at java.base/java.lang.reflect.Method.invoke(Method.java:568)
	at org.springframework.web.method.support.InvocableHandlerMethod.doInvoke(InvocableHandlerMethod.java:205)
	at org.springframework.web.method.support.InvocableHandlerMethod.invokeForRequest(InvocableHandlerMethod.java:150)
	at org.springframework.web.servlet.mvc.method.annotation.ServletInvocableHandlerMethod.invokeAndHandle(ServletInvocableHandlerMethod.java:118)
	at org.springframework.web.servlet.mvc.method.annotation.RequestMappingHandlerAdapter.invokeHandlerMethod(RequestMappingHandlerAdapter.java:884)
	at org.springframework.web.servlet.mvc.method.annotation.RequestMappingHandlerAdapter.handleInternal(RequestMappingHandlerAdapter.java:797)
	at org.springframework.web.servlet.mvc.method.AbstractHandlerMethodAdapter.handle(AbstractHandlerMethodAdapter.java:87)
	at org.springframework.web.servlet.DispatcherServlet.doDispatch(DispatcherServlet.java:1081)
	at org.springframework.web.servlet.DispatcherServlet.doService(DispatcherServlet.java:974)
	at org.springframework.web.servlet.FrameworkServlet.processRequest(FrameworkServlet.java:1011)
	at org.springframework.web.servlet.FrameworkServlet.doPost(FrameworkServlet.java:914)
	at jakarta.servlet.http.HttpServlet.service(HttpServlet.java:590)
	at org.springframework.web.servlet.FrameworkServlet.service(FrameworkServlet.java:885)
	at jakarta.servlet.http.HttpServlet.service(HttpServlet.java:658)
	at org.apache.catalina.core.ApplicationFilterChain.internalDoFilter(ApplicationFilterChain.java:205)
	at org.apache.catalina.core.ApplicationFilterChain.doFilter(ApplicationFilterChain.java:149)
	at org.apache.tomcat.websocket.server.WsFilter.doFilter(WsFilter.java:51)
	at org.apache.catalina.core.ApplicationFilterChain.internalDoFilter(ApplicationFilterChain.java:174)
	at org.apache.catalina.core.ApplicationFilterChain.doFilter(ApplicationFilterChain.java:149)
	at org.springframework.web.filter.OncePerRequestFilter.doFilter(OncePerRequestFilter.java:110)
	at org.apache.catalina.core.ApplicationFilterChain.internalDoFilter(ApplicationFilterChain.java:174)
	at org.apache.catalina.core.ApplicationFilterChain.doFilter(ApplicationFilterChain.java:149)
	at org.springframework.security.web.FilterChainProxy.lambda$doFilterInternal$3(FilterChainProxy.java:231)
	at org.springframework.security.web.FilterChainProxy$VirtualFilterChain.doFilter(FilterChainProxy.java:365)
	at org.springframework.security.web.access.intercept.AuthorizationFilter.doFilter(AuthorizationFilter.java:100)
	at org.springframework.security.web.FilterChainProxy$VirtualFilterChain.doFilter(FilterChainProxy.java:374)
	at org.springframework.security.web.access.ExceptionTranslationFilter.doFilter(ExceptionTranslationFilter.java:126)
	at org.springframework.security.web.access.ExceptionTranslationFilter.doFilter(ExceptionTranslationFilter.java:120)
	at org.springframework.security.web.FilterChainProxy$VirtualFilterChain.doFilter(FilterChainProxy.java:374)
	at org.springframework.security.web.session.SessionManagementFilter.doFilter(SessionManagementFilter.java:131)
	at org.springframework.security.web.session.SessionManagementFilter.doFilter(SessionManagementFilter.java:85)
	at org.springframework.security.web.FilterChainProxy$VirtualFilterChain.doFilter(FilterChainProxy.java:374)
	at org.springframework.security.web.authentication.AnonymousAuthenticationFilter.doFilter(AnonymousAuthenticationFilter.java:100)
	at org.springframework.security.web.FilterChainProxy$VirtualFilterChain.doFilter(FilterChainProxy.java:374)
	at org.springframework.security.web.servletapi.SecurityContextHolderAwareRequestFilter.doFilter(SecurityContextHolderAwareRequestFilter.java:179)
	at org.springframework.security.web.FilterChainProxy$VirtualFilterChain.doFilter(FilterChainProxy.java:374)
	at org.springframework.security.web.savedrequest.RequestCacheAwareFilter.doFilter(RequestCacheAwareFilter.java:63)
	at org.springframework.security.web.FilterChainProxy$VirtualFilterChain.doFilter(FilterChainProxy.java:374)
	at com.shiel.campaignapi.config.JwtAuthenticationFilter.doFilterInternal(JwtAuthenticationFilter.java:91)
	at org.springframework.web.filter.OncePerRequestFilter.doFilter(OncePerRequestFilter.java:116)
	at org.springframework.security.web.FilterChainProxy$VirtualFilterChain.doFilter(FilterChainProxy.java:374)
	at org.springframework.security.web.authentication.logout.LogoutFilter.doFilter(LogoutFilter.java:107)
	at org.springframework.security.web.authentication.logout.LogoutFilter.doFilter(LogoutFilter.java:93)
	at org.springframework.security.web.FilterChainProxy$VirtualFilterChain.doFilter(FilterChainProxy.java:374)
	at org.springframework.security.web.header.HeaderWriterFilter.doHeadersAfter(HeaderWriterFilter.java:90)
	at org.springframework.security.web.header.HeaderWriterFilter.doFilterInternal(HeaderWriterFilter.java:75)
	at org.springframework.web.filter.OncePerRequestFilter.doFilter(OncePerRequestFilter.java:116)
	at org.springframework.security.web.FilterChainProxy$VirtualFilterChain.doFilter(FilterChainProxy.java:374)
	at org.springframework.security.web.context.SecurityContextHolderFilter.doFilter(SecurityContextHolderFilter.java:82)
	at org.springframework.security.web.context.SecurityContextHolderFilter.doFilter(SecurityContextHolderFilter.java:69)
	at org.springframework.security.web.FilterChainProxy$VirtualFilterChain.doFilter(FilterChainProxy.java:374)
	at org.springframework.security.web.context.request.async.WebAsyncManagerIntegrationFilter.doFilterInternal(WebAsyncManagerIntegrationFilter.java:62)
	at org.springframework.web.filter.OncePerRequestFilter.doFilter(OncePerRequestFilter.java:116)
	at org.springframework.security.web.FilterChainProxy$VirtualFilterChain.doFilter(FilterChainProxy.java:374)
	at org.springframework.security.web.session.DisableEncodeUrlFilter.doFilterInternal(DisableEncodeUrlFilter.java:42)
	at org.springframework.web.filter.OncePerRequestFilter.doFilter(OncePerRequestFilter.java:116)
	at org.springframework.security.web.FilterChainProxy$VirtualFilterChain.doFilter(FilterChainProxy.java:374)
	at org.springframework.security.web.FilterChainProxy.doFilterInternal(FilterChainProxy.java:233)
	at org.springframework.security.web.FilterChainProxy.doFilter(FilterChainProxy.java:191)
	at org.springframework.web.filter.DelegatingFilterProxy.invokeDelegate(DelegatingFilterProxy.java:352)
	at org.springframework.web.filter.DelegatingFilterProxy.doFilter(DelegatingFilterProxy.java:268)
	at org.apache.catalina.core.ApplicationFilterChain.internalDoFilter(ApplicationFilterChain.java:174)
	at org.apache.catalina.core.ApplicationFilterChain.doFilter(ApplicationFilterChain.java:149)
	at org.springframework.web.filter.RequestContextFilter.doFilterInternal(RequestContextFilter.java:100)
	at org.springframework.web.filter.OncePerRequestFilter.doFilter(OncePerRequestFilter.java:116)
	at org.apache.catalina.core.ApplicationFilterChain.internalDoFilter(ApplicationFilterChain.java:174)
	at org.apache.catalina.core.ApplicationFilterChain.doFilter(ApplicationFilterChain.java:149)
	at org.springframework.web.filter.FormContentFilter.doFilterInternal(FormContentFilter.java:93)
	at org.springframework.web.filter.OncePerRequestFilter.doFilter(OncePerRequestFilter.java:116)
	at org.apache.catalina.core.ApplicationFilterChain.internalDoFilter(ApplicationFilterChain.java:174)
	at org.apache.catalina.core.ApplicationFilterChain.doFilter(ApplicationFilterChain.java:149)
	at org.springframework.web.filter.CharacterEncodingFilter.doFilterInternal(CharacterEncodingFilter.java:201)
	at org.springframework.web.filter.OncePerRequestFilter.doFilter(OncePerRequestFilter.java:116)
	at org.apache.catalina.core.ApplicationFilterChain.internalDoFilter(ApplicationFilterChain.java:174)
	at org.apache.catalina.core.ApplicationFilterChain.doFilter(ApplicationFilterChain.java:149)
	at org.apache.catalina.core.StandardWrapperValve.invoke(StandardWrapperValve.java:167)
	at org.apache.catalina.core.StandardContextValve.invoke(StandardContextValve.java:90)
	at org.apache.catalina.authenticator.AuthenticatorBase.invoke(AuthenticatorBase.java:482)
	at org.apache.catalina.core.StandardHostValve.invoke(StandardHostValve.java:115)
	at org.apache.catalina.valves.ErrorReportValve.invoke(ErrorReportValve.java:93)
	at org.apache.catalina.core.StandardEngineValve.invoke(StandardEngineValve.java:74)
	at org.apache.catalina.connector.CoyoteAdapter.service(CoyoteAdapter.java:341)
	at org.apache.coyote.http11.Http11Processor.service(Http11Processor.java:391)
	at org.apache.coyote.AbstractProcessorLight.process(AbstractProcessorLight.java:63)
	at org.apache.coyote.AbstractProtocol$ConnectionHandler.process(AbstractProtocol.java:894)
	at org.apache.tomcat.util.net.NioEndpoint$SocketProcessor.doRun(NioEndpoint.java:1740)
	at org.apache.tomcat.util.net.SocketProcessorBase.run(SocketProcessorBase.java:52)
	at org.apache.tomcat.util.threads.ThreadPoolExecutor.runWorker(ThreadPoolExecutor.java:1191)
	at org.apache.tomcat.util.threads.ThreadPoolExecutor$Worker.run(ThreadPoolExecutor.java:659)
	at org.apache.tomcat.util.threads.TaskThread$WrappingRunnable.run(TaskThread.java:61)
	at java.base/java.lang.Thread.run(Thread.java:833)
2025-02-14 19:07:21 [background-preinit] INFO  o.h.validator.internal.util.Version - HV000001: Hibernate Validator 7.0.0.Final
2025-02-14 19:07:21 [main] INFO  c.s.c.CampaignApiApplication - Starting CampaignApiApplication using Java 17.0.8.1 with PID 9712 (D:\project\camp-api\campaignapi\target\classes started by shibi in D:\project\camp-api\campaignapi)
2025-02-14 19:07:21 [main] INFO  c.s.c.CampaignApiApplication - No active profile set, falling back to 1 default profile: "default"
2025-02-14 19:07:21 [main] INFO  o.s.d.r.c.RepositoryConfigurationDelegate - Bootstrapping Spring Data JPA repositories in DEFAULT mode.
2025-02-14 19:07:22 [main] INFO  o.s.d.r.c.RepositoryConfigurationDelegate - Finished Spring Data repository scanning in 56 ms. Found 9 JPA repository interfaces.
2025-02-14 19:07:22 [main] INFO  o.s.b.w.e.tomcat.TomcatWebServer - Tomcat initialized with port(s): 8080 (http)
2025-02-14 19:07:22 [main] INFO  o.a.coyote.http11.Http11NioProtocol - Initializing ProtocolHandler ["http-nio-8080"]
2025-02-14 19:07:22 [main] INFO  o.a.catalina.core.StandardService - Starting service [Tomcat]
2025-02-14 19:07:22 [main] INFO  o.a.catalina.core.StandardEngine - Starting Servlet engine: [Apache Tomcat/10.1.13]
2025-02-14 19:07:22 [main] INFO  o.a.c.c.C.[.[localhost].[/api] - Initializing Spring embedded WebApplicationContext
2025-02-14 19:07:22 [main] INFO  o.s.b.w.s.c.ServletWebServerApplicationContext - Root WebApplicationContext: initialization completed in 1144 ms
2025-02-14 19:07:22 [main] INFO  o.h.jpa.internal.util.LogHelper - HHH000204: Processing PersistenceUnitInfo [name: default]
2025-02-14 19:07:22 [main] INFO  org.hibernate.Version - HHH000412: Hibernate ORM core version 6.2.9.Final
2025-02-14 19:07:22 [main] INFO  org.hibernate.cfg.Environment - HHH000406: Using bytecode reflection optimizer
2025-02-14 19:07:22 [main] INFO  o.h.b.i.BytecodeProviderInitiator - HHH000021: Bytecode provider name : bytebuddy
2025-02-14 19:07:22 [main] INFO  o.s.o.j.p.SpringPersistenceUnitInfo - No LoadTimeWeaver setup: ignoring JPA class transformer
2025-02-14 19:07:22 [main] INFO  com.zaxxer.hikari.HikariDataSource - HikariPool-1 - Starting...
2025-02-14 19:07:23 [main] INFO  com.zaxxer.hikari.pool.HikariPool - HikariPool-1 - Added connection com.mysql.cj.jdbc.ConnectionImpl@1c0e4262
2025-02-14 19:07:23 [main] INFO  com.zaxxer.hikari.HikariDataSource - HikariPool-1 - Start completed.
2025-02-14 19:07:23 [main] INFO  o.h.b.i.BytecodeProviderInitiator - HHH000021: Bytecode provider name : bytebuddy
2025-02-14 19:07:23 [main] INFO  o.h.e.t.j.p.i.JtaPlatformInitiator - HHH000490: Using JtaPlatform implementation: [org.hibernate.engine.transaction.jta.platform.internal.NoJtaPlatform]
2025-02-14 19:07:24 [main] INFO  o.s.o.j.LocalContainerEntityManagerFactoryBean - Initialized JPA EntityManagerFactory for persistence unit 'default'
2025-02-14 19:07:24 [main] INFO  c.s.c.config.FirebaseConfig - Firebase initialized successfully.
2025-02-14 19:07:24 [main] INFO  c.s.c.service.AuthenticationService - AuthenticationService initialized.
2025-02-14 19:07:24 [main] INFO  o.s.b.f.a.AutowiredAnnotationBeanPostProcessor - Autowired annotation is not supported on static fields: private static final org.slf4j.Logger com.shiel.campaignapi.service.BookingService.logger
2025-02-14 19:07:24 [main] INFO  org.quartz.impl.StdSchedulerFactory - Using default implementation for ThreadExecutor
2025-02-14 19:07:24 [main] INFO  o.quartz.core.SchedulerSignalerImpl - Initialized Scheduler Signaller of type: class org.quartz.core.SchedulerSignalerImpl
2025-02-14 19:07:24 [main] INFO  org.quartz.core.QuartzScheduler - Quartz Scheduler v.2.3.2 created.
2025-02-14 19:07:24 [main] INFO  org.quartz.simpl.RAMJobStore - RAMJobStore initialized.
2025-02-14 19:07:24 [main] INFO  org.quartz.core.QuartzScheduler - Scheduler meta-data: Quartz Scheduler (v2.3.2) 'MeetingScheduler' with instanceId 'NON_CLUSTERED'
  Scheduler class: 'org.quartz.core.QuartzScheduler' - running locally.
  NOT STARTED.
  Currently in standby mode.
  Number of jobs executed: 0
  Using thread pool 'org.quartz.simpl.SimpleThreadPool' - with 10 threads.
  Using job-store 'org.quartz.simpl.RAMJobStore' - which does not support persistence. and is not clustered.

2025-02-14 19:07:24 [main] INFO  org.quartz.impl.StdSchedulerFactory - Quartz scheduler 'MeetingScheduler' initialized from an externally provided properties instance.
2025-02-14 19:07:24 [main] INFO  org.quartz.impl.StdSchedulerFactory - Quartz scheduler version: 2.3.2
2025-02-14 19:07:24 [main] INFO  org.quartz.core.QuartzScheduler - JobFactory set to: org.springframework.scheduling.quartz.SpringBeanJobFactory@46c47690
2025-02-14 19:07:24 [main] INFO  o.s.s.web.DefaultSecurityFilterChain - Will secure any request with [org.springframework.security.web.session.DisableEncodeUrlFilter@21f9764, org.springframework.security.web.context.request.async.WebAsyncManagerIntegrationFilter@378456cb, org.springframework.security.web.context.SecurityContextHolderFilter@5232cec1, org.springframework.security.web.header.HeaderWriterFilter@6f999cf4, org.springframework.security.web.authentication.logout.LogoutFilter@21d30ba5, com.shiel.campaignapi.config.JwtAuthenticationFilter@2a23c061, org.springframework.security.web.savedrequest.RequestCacheAwareFilter@283240b0, org.springframework.security.web.servletapi.SecurityContextHolderAwareRequestFilter@5e6b2641, org.springframework.security.web.authentication.AnonymousAuthenticationFilter@5295779, org.springframework.security.web.session.SessionManagementFilter@6461c673, org.springframework.security.web.access.ExceptionTranslationFilter@29a51ff1, org.springframework.security.web.access.intercept.AuthorizationFilter@2292e793]
2025-02-14 19:07:25 [main] INFO  o.a.coyote.http11.Http11NioProtocol - Starting ProtocolHandler ["http-nio-8080"]
2025-02-14 19:07:25 [main] INFO  o.s.b.w.e.tomcat.TomcatWebServer - Tomcat started on port(s): 8080 (http) with context path '/api'
2025-02-14 19:07:25 [main] INFO  o.s.s.quartz.SchedulerFactoryBean - Starting Quartz Scheduler now
2025-02-14 19:07:25 [main] INFO  org.quartz.core.QuartzScheduler - Scheduler MeetingScheduler_$_NON_CLUSTERED started.
2025-02-14 19:07:25 [main] INFO  c.s.c.CampaignApiApplication - Started CampaignApiApplication in 4.129 seconds (process running for 4.798)
2025-02-14 19:07:33 [http-nio-8080-exec-2] INFO  o.a.c.c.C.[.[localhost].[/api] - Initializing Spring DispatcherServlet 'dispatcherServlet'
2025-02-14 19:07:33 [http-nio-8080-exec-2] INFO  o.s.web.servlet.DispatcherServlet - Initializing Servlet 'dispatcherServlet'
2025-02-14 19:07:33 [http-nio-8080-exec-2] INFO  o.s.web.servlet.DispatcherServlet - Completed initialization in 1 ms
2025-02-14 19:07:33 [http-nio-8080-exec-2] INFO  c.s.c.service.BookingService - Starting booking process for event ID: 1
2025-02-14 19:07:33 [http-nio-8080-exec-2] ERROR c.s.c.service.BookingService - Error saving booking: Father's age must be greater than the user's age
com.shiel.campaignapi.exception.UserIllegalArgumentException: Father's age must be greater than the user's age
	at com.shiel.campaignapi.service.BookingService.saveBooking(BookingService.java:170)
	at java.base/jdk.internal.reflect.NativeMethodAccessorImpl.invoke0(Native Method)
	at java.base/jdk.internal.reflect.NativeMethodAccessorImpl.invoke(NativeMethodAccessorImpl.java:77)
	at java.base/jdk.internal.reflect.DelegatingMethodAccessorImpl.invoke(DelegatingMethodAccessorImpl.java:43)
	at java.base/java.lang.reflect.Method.invoke(Method.java:568)
	at org.springframework.aop.support.AopUtils.invokeJoinpointUsingReflection(AopUtils.java:343)
	at org.springframework.aop.framework.ReflectiveMethodInvocation.invokeJoinpoint(ReflectiveMethodInvocation.java:196)
	at org.springframework.aop.framework.ReflectiveMethodInvocation.proceed(ReflectiveMethodInvocation.java:163)
	at org.springframework.aop.framework.CglibAopProxy$CglibMethodInvocation.proceed(CglibAopProxy.java:751)
	at org.springframework.transaction.interceptor.TransactionInterceptor$1.proceedWithInvocation(TransactionInterceptor.java:123)
	at org.springframework.transaction.interceptor.TransactionAspectSupport.invokeWithinTransaction(TransactionAspectSupport.java:391)
	at org.springframework.transaction.interceptor.TransactionInterceptor.invoke(TransactionInterceptor.java:119)
	at org.springframework.aop.framework.ReflectiveMethodInvocation.proceed(ReflectiveMethodInvocation.java:184)
	at org.springframework.aop.framework.CglibAopProxy$CglibMethodInvocation.proceed(CglibAopProxy.java:751)
	at org.springframework.aop.framework.CglibAopProxy$DynamicAdvisedInterceptor.intercept(CglibAopProxy.java:703)
	at com.shiel.campaignapi.service.BookingService$$SpringCGLIB$$0.saveBooking(<generated>)
	at com.shiel.campaignapi.controller.BookingController.addBooking(BookingController.java:37)
	at java.base/jdk.internal.reflect.NativeMethodAccessorImpl.invoke0(Native Method)
	at java.base/jdk.internal.reflect.NativeMethodAccessorImpl.invoke(NativeMethodAccessorImpl.java:77)
	at java.base/jdk.internal.reflect.DelegatingMethodAccessorImpl.invoke(DelegatingMethodAccessorImpl.java:43)
	at java.base/java.lang.reflect.Method.invoke(Method.java:568)
	at org.springframework.web.method.support.InvocableHandlerMethod.doInvoke(InvocableHandlerMethod.java:205)
	at org.springframework.web.method.support.InvocableHandlerMethod.invokeForRequest(InvocableHandlerMethod.java:150)
	at org.springframework.web.servlet.mvc.method.annotation.ServletInvocableHandlerMethod.invokeAndHandle(ServletInvocableHandlerMethod.java:118)
	at org.springframework.web.servlet.mvc.method.annotation.RequestMappingHandlerAdapter.invokeHandlerMethod(RequestMappingHandlerAdapter.java:884)
	at org.springframework.web.servlet.mvc.method.annotation.RequestMappingHandlerAdapter.handleInternal(RequestMappingHandlerAdapter.java:797)
	at org.springframework.web.servlet.mvc.method.AbstractHandlerMethodAdapter.handle(AbstractHandlerMethodAdapter.java:87)
	at org.springframework.web.servlet.DispatcherServlet.doDispatch(DispatcherServlet.java:1081)
	at org.springframework.web.servlet.DispatcherServlet.doService(DispatcherServlet.java:974)
	at org.springframework.web.servlet.FrameworkServlet.processRequest(FrameworkServlet.java:1011)
	at org.springframework.web.servlet.FrameworkServlet.doPost(FrameworkServlet.java:914)
	at jakarta.servlet.http.HttpServlet.service(HttpServlet.java:590)
	at org.springframework.web.servlet.FrameworkServlet.service(FrameworkServlet.java:885)
	at jakarta.servlet.http.HttpServlet.service(HttpServlet.java:658)
	at org.apache.catalina.core.ApplicationFilterChain.internalDoFilter(ApplicationFilterChain.java:205)
	at org.apache.catalina.core.ApplicationFilterChain.doFilter(ApplicationFilterChain.java:149)
	at org.apache.tomcat.websocket.server.WsFilter.doFilter(WsFilter.java:51)
	at org.apache.catalina.core.ApplicationFilterChain.internalDoFilter(ApplicationFilterChain.java:174)
	at org.apache.catalina.core.ApplicationFilterChain.doFilter(ApplicationFilterChain.java:149)
	at org.springframework.web.filter.OncePerRequestFilter.doFilter(OncePerRequestFilter.java:110)
	at org.apache.catalina.core.ApplicationFilterChain.internalDoFilter(ApplicationFilterChain.java:174)
	at org.apache.catalina.core.ApplicationFilterChain.doFilter(ApplicationFilterChain.java:149)
	at org.springframework.security.web.FilterChainProxy.lambda$doFilterInternal$3(FilterChainProxy.java:231)
	at org.springframework.security.web.FilterChainProxy$VirtualFilterChain.doFilter(FilterChainProxy.java:365)
	at org.springframework.security.web.access.intercept.AuthorizationFilter.doFilter(AuthorizationFilter.java:100)
	at org.springframework.security.web.FilterChainProxy$VirtualFilterChain.doFilter(FilterChainProxy.java:374)
	at org.springframework.security.web.access.ExceptionTranslationFilter.doFilter(ExceptionTranslationFilter.java:126)
	at org.springframework.security.web.access.ExceptionTranslationFilter.doFilter(ExceptionTranslationFilter.java:120)
	at org.springframework.security.web.FilterChainProxy$VirtualFilterChain.doFilter(FilterChainProxy.java:374)
	at org.springframework.security.web.session.SessionManagementFilter.doFilter(SessionManagementFilter.java:131)
	at org.springframework.security.web.session.SessionManagementFilter.doFilter(SessionManagementFilter.java:85)
	at org.springframework.security.web.FilterChainProxy$VirtualFilterChain.doFilter(FilterChainProxy.java:374)
	at org.springframework.security.web.authentication.AnonymousAuthenticationFilter.doFilter(AnonymousAuthenticationFilter.java:100)
	at org.springframework.security.web.FilterChainProxy$VirtualFilterChain.doFilter(FilterChainProxy.java:374)
	at org.springframework.security.web.servletapi.SecurityContextHolderAwareRequestFilter.doFilter(SecurityContextHolderAwareRequestFilter.java:179)
	at org.springframework.security.web.FilterChainProxy$VirtualFilterChain.doFilter(FilterChainProxy.java:374)
	at org.springframework.security.web.savedrequest.RequestCacheAwareFilter.doFilter(RequestCacheAwareFilter.java:63)
	at org.springframework.security.web.FilterChainProxy$VirtualFilterChain.doFilter(FilterChainProxy.java:374)
	at com.shiel.campaignapi.config.JwtAuthenticationFilter.doFilterInternal(JwtAuthenticationFilter.java:91)
	at org.springframework.web.filter.OncePerRequestFilter.doFilter(OncePerRequestFilter.java:116)
	at org.springframework.security.web.FilterChainProxy$VirtualFilterChain.doFilter(FilterChainProxy.java:374)
	at org.springframework.security.web.authentication.logout.LogoutFilter.doFilter(LogoutFilter.java:107)
	at org.springframework.security.web.authentication.logout.LogoutFilter.doFilter(LogoutFilter.java:93)
	at org.springframework.security.web.FilterChainProxy$VirtualFilterChain.doFilter(FilterChainProxy.java:374)
	at org.springframework.security.web.header.HeaderWriterFilter.doHeadersAfter(HeaderWriterFilter.java:90)
	at org.springframework.security.web.header.HeaderWriterFilter.doFilterInternal(HeaderWriterFilter.java:75)
	at org.springframework.web.filter.OncePerRequestFilter.doFilter(OncePerRequestFilter.java:116)
	at org.springframework.security.web.FilterChainProxy$VirtualFilterChain.doFilter(FilterChainProxy.java:374)
	at org.springframework.security.web.context.SecurityContextHolderFilter.doFilter(SecurityContextHolderFilter.java:82)
	at org.springframework.security.web.context.SecurityContextHolderFilter.doFilter(SecurityContextHolderFilter.java:69)
	at org.springframework.security.web.FilterChainProxy$VirtualFilterChain.doFilter(FilterChainProxy.java:374)
	at org.springframework.security.web.context.request.async.WebAsyncManagerIntegrationFilter.doFilterInternal(WebAsyncManagerIntegrationFilter.java:62)
	at org.springframework.web.filter.OncePerRequestFilter.doFilter(OncePerRequestFilter.java:116)
	at org.springframework.security.web.FilterChainProxy$VirtualFilterChain.doFilter(FilterChainProxy.java:374)
	at org.springframework.security.web.session.DisableEncodeUrlFilter.doFilterInternal(DisableEncodeUrlFilter.java:42)
	at org.springframework.web.filter.OncePerRequestFilter.doFilter(OncePerRequestFilter.java:116)
	at org.springframework.security.web.FilterChainProxy$VirtualFilterChain.doFilter(FilterChainProxy.java:374)
	at org.springframework.security.web.FilterChainProxy.doFilterInternal(FilterChainProxy.java:233)
	at org.springframework.security.web.FilterChainProxy.doFilter(FilterChainProxy.java:191)
	at org.springframework.web.filter.DelegatingFilterProxy.invokeDelegate(DelegatingFilterProxy.java:352)
	at org.springframework.web.filter.DelegatingFilterProxy.doFilter(DelegatingFilterProxy.java:268)
	at org.apache.catalina.core.ApplicationFilterChain.internalDoFilter(ApplicationFilterChain.java:174)
	at org.apache.catalina.core.ApplicationFilterChain.doFilter(ApplicationFilterChain.java:149)
	at org.springframework.web.filter.RequestContextFilter.doFilterInternal(RequestContextFilter.java:100)
	at org.springframework.web.filter.OncePerRequestFilter.doFilter(OncePerRequestFilter.java:116)
	at org.apache.catalina.core.ApplicationFilterChain.internalDoFilter(ApplicationFilterChain.java:174)
	at org.apache.catalina.core.ApplicationFilterChain.doFilter(ApplicationFilterChain.java:149)
	at org.springframework.web.filter.FormContentFilter.doFilterInternal(FormContentFilter.java:93)
	at org.springframework.web.filter.OncePerRequestFilter.doFilter(OncePerRequestFilter.java:116)
	at org.apache.catalina.core.ApplicationFilterChain.internalDoFilter(ApplicationFilterChain.java:174)
	at org.apache.catalina.core.ApplicationFilterChain.doFilter(ApplicationFilterChain.java:149)
	at org.springframework.web.filter.CharacterEncodingFilter.doFilterInternal(CharacterEncodingFilter.java:201)
	at org.springframework.web.filter.OncePerRequestFilter.doFilter(OncePerRequestFilter.java:116)
	at org.apache.catalina.core.ApplicationFilterChain.internalDoFilter(ApplicationFilterChain.java:174)
	at org.apache.catalina.core.ApplicationFilterChain.doFilter(ApplicationFilterChain.java:149)
	at org.apache.catalina.core.StandardWrapperValve.invoke(StandardWrapperValve.java:167)
	at org.apache.catalina.core.StandardContextValve.invoke(StandardContextValve.java:90)
	at org.apache.catalina.authenticator.AuthenticatorBase.invoke(AuthenticatorBase.java:482)
	at org.apache.catalina.core.StandardHostValve.invoke(StandardHostValve.java:115)
	at org.apache.catalina.valves.ErrorReportValve.invoke(ErrorReportValve.java:93)
	at org.apache.catalina.core.StandardEngineValve.invoke(StandardEngineValve.java:74)
	at org.apache.catalina.connector.CoyoteAdapter.service(CoyoteAdapter.java:341)
	at org.apache.coyote.http11.Http11Processor.service(Http11Processor.java:391)
	at org.apache.coyote.AbstractProcessorLight.process(AbstractProcessorLight.java:63)
	at org.apache.coyote.AbstractProtocol$ConnectionHandler.process(AbstractProtocol.java:894)
	at org.apache.tomcat.util.net.NioEndpoint$SocketProcessor.doRun(NioEndpoint.java:1740)
	at org.apache.tomcat.util.net.SocketProcessorBase.run(SocketProcessorBase.java:52)
	at org.apache.tomcat.util.threads.ThreadPoolExecutor.runWorker(ThreadPoolExecutor.java:1191)
	at org.apache.tomcat.util.threads.ThreadPoolExecutor$Worker.run(ThreadPoolExecutor.java:659)
	at org.apache.tomcat.util.threads.TaskThread$WrappingRunnable.run(TaskThread.java:61)
	at java.base/java.lang.Thread.run(Thread.java:833)
2025-02-14 19:13:41 [background-preinit] INFO  o.h.validator.internal.util.Version - HV000001: Hibernate Validator 7.0.0.Final
2025-02-14 19:13:41 [main] INFO  c.s.c.CampaignApiApplication - Starting CampaignApiApplication using Java 17.0.8.1 with PID 7896 (D:\project\camp-api\campaignapi\target\classes started by shibi in D:\project\camp-api\campaignapi)
2025-02-14 19:13:41 [main] INFO  c.s.c.CampaignApiApplication - No active profile set, falling back to 1 default profile: "default"
2025-02-14 19:13:42 [main] INFO  o.s.d.r.c.RepositoryConfigurationDelegate - Bootstrapping Spring Data JPA repositories in DEFAULT mode.
2025-02-14 19:13:42 [main] INFO  o.s.d.r.c.RepositoryConfigurationDelegate - Finished Spring Data repository scanning in 56 ms. Found 9 JPA repository interfaces.
2025-02-14 19:13:42 [main] INFO  o.s.b.w.e.tomcat.TomcatWebServer - Tomcat initialized with port(s): 8080 (http)
2025-02-14 19:13:42 [main] INFO  o.a.coyote.http11.Http11NioProtocol - Initializing ProtocolHandler ["http-nio-8080"]
2025-02-14 19:13:42 [main] INFO  o.a.catalina.core.StandardService - Starting service [Tomcat]
2025-02-14 19:13:42 [main] INFO  o.a.catalina.core.StandardEngine - Starting Servlet engine: [Apache Tomcat/10.1.13]
2025-02-14 19:13:42 [main] INFO  o.a.c.c.C.[.[localhost].[/api] - Initializing Spring embedded WebApplicationContext
2025-02-14 19:13:42 [main] INFO  o.s.b.w.s.c.ServletWebServerApplicationContext - Root WebApplicationContext: initialization completed in 1116 ms
2025-02-14 19:13:42 [main] INFO  o.h.jpa.internal.util.LogHelper - HHH000204: Processing PersistenceUnitInfo [name: default]
2025-02-14 19:13:42 [main] INFO  org.hibernate.Version - HHH000412: Hibernate ORM core version 6.2.9.Final
2025-02-14 19:13:42 [main] INFO  org.hibernate.cfg.Environment - HHH000406: Using bytecode reflection optimizer
2025-02-14 19:13:43 [main] INFO  o.h.b.i.BytecodeProviderInitiator - HHH000021: Bytecode provider name : bytebuddy
2025-02-14 19:13:43 [main] INFO  o.s.o.j.p.SpringPersistenceUnitInfo - No LoadTimeWeaver setup: ignoring JPA class transformer
2025-02-14 19:13:43 [main] INFO  com.zaxxer.hikari.HikariDataSource - HikariPool-1 - Starting...
2025-02-14 19:13:43 [main] INFO  com.zaxxer.hikari.pool.HikariPool - HikariPool-1 - Added connection com.mysql.cj.jdbc.ConnectionImpl@1171ba7e
2025-02-14 19:13:43 [main] INFO  com.zaxxer.hikari.HikariDataSource - HikariPool-1 - Start completed.
2025-02-14 19:13:43 [main] INFO  o.h.b.i.BytecodeProviderInitiator - HHH000021: Bytecode provider name : bytebuddy
2025-02-14 19:13:44 [main] INFO  o.h.e.t.j.p.i.JtaPlatformInitiator - HHH000490: Using JtaPlatform implementation: [org.hibernate.engine.transaction.jta.platform.internal.NoJtaPlatform]
2025-02-14 19:13:44 [main] INFO  o.s.o.j.LocalContainerEntityManagerFactoryBean - Initialized JPA EntityManagerFactory for persistence unit 'default'
2025-02-14 19:13:44 [main] INFO  c.s.c.config.FirebaseConfig - Firebase initialized successfully.
2025-02-14 19:13:44 [main] INFO  c.s.c.service.AuthenticationService - AuthenticationService initialized.
2025-02-14 19:13:44 [main] INFO  o.s.b.f.a.AutowiredAnnotationBeanPostProcessor - Autowired annotation is not supported on static fields: private static final org.slf4j.Logger com.shiel.campaignapi.service.BookingService.logger
2025-02-14 19:13:45 [main] INFO  org.quartz.impl.StdSchedulerFactory - Using default implementation for ThreadExecutor
2025-02-14 19:13:45 [main] INFO  o.quartz.core.SchedulerSignalerImpl - Initialized Scheduler Signaller of type: class org.quartz.core.SchedulerSignalerImpl
2025-02-14 19:13:45 [main] INFO  org.quartz.core.QuartzScheduler - Quartz Scheduler v.2.3.2 created.
2025-02-14 19:13:45 [main] INFO  org.quartz.simpl.RAMJobStore - RAMJobStore initialized.
2025-02-14 19:13:45 [main] INFO  org.quartz.core.QuartzScheduler - Scheduler meta-data: Quartz Scheduler (v2.3.2) 'MeetingScheduler' with instanceId 'NON_CLUSTERED'
  Scheduler class: 'org.quartz.core.QuartzScheduler' - running locally.
  NOT STARTED.
  Currently in standby mode.
  Number of jobs executed: 0
  Using thread pool 'org.quartz.simpl.SimpleThreadPool' - with 10 threads.
  Using job-store 'org.quartz.simpl.RAMJobStore' - which does not support persistence. and is not clustered.

2025-02-14 19:13:45 [main] INFO  org.quartz.impl.StdSchedulerFactory - Quartz scheduler 'MeetingScheduler' initialized from an externally provided properties instance.
2025-02-14 19:13:45 [main] INFO  org.quartz.impl.StdSchedulerFactory - Quartz scheduler version: 2.3.2
2025-02-14 19:13:45 [main] INFO  org.quartz.core.QuartzScheduler - JobFactory set to: org.springframework.scheduling.quartz.SpringBeanJobFactory@7b186fb8
2025-02-14 19:13:45 [main] INFO  o.s.s.web.DefaultSecurityFilterChain - Will secure any request with [org.springframework.security.web.session.DisableEncodeUrlFilter@54c2cfc9, org.springframework.security.web.context.request.async.WebAsyncManagerIntegrationFilter@3d9dc84d, org.springframework.security.web.context.SecurityContextHolderFilter@1ef585bb, org.springframework.security.web.header.HeaderWriterFilter@47a05ad8, org.springframework.security.web.authentication.logout.LogoutFilter@73b63917, com.shiel.campaignapi.config.JwtAuthenticationFilter@66011fbc, org.springframework.security.web.savedrequest.RequestCacheAwareFilter@4bf2c697, org.springframework.security.web.servletapi.SecurityContextHolderAwareRequestFilter@5014ccf9, org.springframework.security.web.authentication.AnonymousAuthenticationFilter@73625632, org.springframework.security.web.session.SessionManagementFilter@64e6cdad, org.springframework.security.web.access.ExceptionTranslationFilter@e50e308, org.springframework.security.web.access.intercept.AuthorizationFilter@35ab83a7]
2025-02-14 19:13:45 [main] INFO  o.a.coyote.http11.Http11NioProtocol - Starting ProtocolHandler ["http-nio-8080"]
2025-02-14 19:13:45 [main] INFO  o.s.b.w.e.tomcat.TomcatWebServer - Tomcat started on port(s): 8080 (http) with context path '/api'
2025-02-14 19:13:45 [main] INFO  o.s.s.quartz.SchedulerFactoryBean - Starting Quartz Scheduler now
2025-02-14 19:13:45 [main] INFO  org.quartz.core.QuartzScheduler - Scheduler MeetingScheduler_$_NON_CLUSTERED started.
2025-02-14 19:13:45 [main] INFO  c.s.c.CampaignApiApplication - Started CampaignApiApplication in 4.083 seconds (process running for 4.722)
2025-02-14 19:13:51 [http-nio-8080-exec-2] INFO  o.a.c.c.C.[.[localhost].[/api] - Initializing Spring DispatcherServlet 'dispatcherServlet'
2025-02-14 19:13:51 [http-nio-8080-exec-2] INFO  o.s.web.servlet.DispatcherServlet - Initializing Servlet 'dispatcherServlet'
2025-02-14 19:13:51 [http-nio-8080-exec-2] INFO  o.s.web.servlet.DispatcherServlet - Completed initialization in 1 ms
2025-02-14 19:13:52 [http-nio-8080-exec-2] INFO  c.s.c.service.BookingService - Starting booking process for event ID: 1
2025-02-14 19:13:52 [http-nio-8080-exec-2] ERROR c.s.c.service.BookingService - Error saving booking: Father's age must be greater than the user's age
com.shiel.campaignapi.exception.UserIllegalArgumentException: Father's age must be greater than the user's age
	at com.shiel.campaignapi.service.BookingService.saveBooking(BookingService.java:172)
	at java.base/jdk.internal.reflect.NativeMethodAccessorImpl.invoke0(Native Method)
	at java.base/jdk.internal.reflect.NativeMethodAccessorImpl.invoke(NativeMethodAccessorImpl.java:77)
	at java.base/jdk.internal.reflect.DelegatingMethodAccessorImpl.invoke(DelegatingMethodAccessorImpl.java:43)
	at java.base/java.lang.reflect.Method.invoke(Method.java:568)
	at org.springframework.aop.support.AopUtils.invokeJoinpointUsingReflection(AopUtils.java:343)
	at org.springframework.aop.framework.ReflectiveMethodInvocation.invokeJoinpoint(ReflectiveMethodInvocation.java:196)
	at org.springframework.aop.framework.ReflectiveMethodInvocation.proceed(ReflectiveMethodInvocation.java:163)
	at org.springframework.aop.framework.CglibAopProxy$CglibMethodInvocation.proceed(CglibAopProxy.java:751)
	at org.springframework.transaction.interceptor.TransactionInterceptor$1.proceedWithInvocation(TransactionInterceptor.java:123)
	at org.springframework.transaction.interceptor.TransactionAspectSupport.invokeWithinTransaction(TransactionAspectSupport.java:391)
	at org.springframework.transaction.interceptor.TransactionInterceptor.invoke(TransactionInterceptor.java:119)
	at org.springframework.aop.framework.ReflectiveMethodInvocation.proceed(ReflectiveMethodInvocation.java:184)
	at org.springframework.aop.framework.CglibAopProxy$CglibMethodInvocation.proceed(CglibAopProxy.java:751)
	at org.springframework.aop.framework.CglibAopProxy$DynamicAdvisedInterceptor.intercept(CglibAopProxy.java:703)
	at com.shiel.campaignapi.service.BookingService$$SpringCGLIB$$0.saveBooking(<generated>)
	at com.shiel.campaignapi.controller.BookingController.addBooking(BookingController.java:37)
	at java.base/jdk.internal.reflect.NativeMethodAccessorImpl.invoke0(Native Method)
	at java.base/jdk.internal.reflect.NativeMethodAccessorImpl.invoke(NativeMethodAccessorImpl.java:77)
	at java.base/jdk.internal.reflect.DelegatingMethodAccessorImpl.invoke(DelegatingMethodAccessorImpl.java:43)
	at java.base/java.lang.reflect.Method.invoke(Method.java:568)
	at org.springframework.web.method.support.InvocableHandlerMethod.doInvoke(InvocableHandlerMethod.java:205)
	at org.springframework.web.method.support.InvocableHandlerMethod.invokeForRequest(InvocableHandlerMethod.java:150)
	at org.springframework.web.servlet.mvc.method.annotation.ServletInvocableHandlerMethod.invokeAndHandle(ServletInvocableHandlerMethod.java:118)
	at org.springframework.web.servlet.mvc.method.annotation.RequestMappingHandlerAdapter.invokeHandlerMethod(RequestMappingHandlerAdapter.java:884)
	at org.springframework.web.servlet.mvc.method.annotation.RequestMappingHandlerAdapter.handleInternal(RequestMappingHandlerAdapter.java:797)
	at org.springframework.web.servlet.mvc.method.AbstractHandlerMethodAdapter.handle(AbstractHandlerMethodAdapter.java:87)
	at org.springframework.web.servlet.DispatcherServlet.doDispatch(DispatcherServlet.java:1081)
	at org.springframework.web.servlet.DispatcherServlet.doService(DispatcherServlet.java:974)
	at org.springframework.web.servlet.FrameworkServlet.processRequest(FrameworkServlet.java:1011)
	at org.springframework.web.servlet.FrameworkServlet.doPost(FrameworkServlet.java:914)
	at jakarta.servlet.http.HttpServlet.service(HttpServlet.java:590)
	at org.springframework.web.servlet.FrameworkServlet.service(FrameworkServlet.java:885)
	at jakarta.servlet.http.HttpServlet.service(HttpServlet.java:658)
	at org.apache.catalina.core.ApplicationFilterChain.internalDoFilter(ApplicationFilterChain.java:205)
	at org.apache.catalina.core.ApplicationFilterChain.doFilter(ApplicationFilterChain.java:149)
	at org.apache.tomcat.websocket.server.WsFilter.doFilter(WsFilter.java:51)
	at org.apache.catalina.core.ApplicationFilterChain.internalDoFilter(ApplicationFilterChain.java:174)
	at org.apache.catalina.core.ApplicationFilterChain.doFilter(ApplicationFilterChain.java:149)
	at org.springframework.web.filter.OncePerRequestFilter.doFilter(OncePerRequestFilter.java:110)
	at org.apache.catalina.core.ApplicationFilterChain.internalDoFilter(ApplicationFilterChain.java:174)
	at org.apache.catalina.core.ApplicationFilterChain.doFilter(ApplicationFilterChain.java:149)
	at org.springframework.security.web.FilterChainProxy.lambda$doFilterInternal$3(FilterChainProxy.java:231)
	at org.springframework.security.web.FilterChainProxy$VirtualFilterChain.doFilter(FilterChainProxy.java:365)
	at org.springframework.security.web.access.intercept.AuthorizationFilter.doFilter(AuthorizationFilter.java:100)
	at org.springframework.security.web.FilterChainProxy$VirtualFilterChain.doFilter(FilterChainProxy.java:374)
	at org.springframework.security.web.access.ExceptionTranslationFilter.doFilter(ExceptionTranslationFilter.java:126)
	at org.springframework.security.web.access.ExceptionTranslationFilter.doFilter(ExceptionTranslationFilter.java:120)
	at org.springframework.security.web.FilterChainProxy$VirtualFilterChain.doFilter(FilterChainProxy.java:374)
	at org.springframework.security.web.session.SessionManagementFilter.doFilter(SessionManagementFilter.java:131)
	at org.springframework.security.web.session.SessionManagementFilter.doFilter(SessionManagementFilter.java:85)
	at org.springframework.security.web.FilterChainProxy$VirtualFilterChain.doFilter(FilterChainProxy.java:374)
	at org.springframework.security.web.authentication.AnonymousAuthenticationFilter.doFilter(AnonymousAuthenticationFilter.java:100)
	at org.springframework.security.web.FilterChainProxy$VirtualFilterChain.doFilter(FilterChainProxy.java:374)
	at org.springframework.security.web.servletapi.SecurityContextHolderAwareRequestFilter.doFilter(SecurityContextHolderAwareRequestFilter.java:179)
	at org.springframework.security.web.FilterChainProxy$VirtualFilterChain.doFilter(FilterChainProxy.java:374)
	at org.springframework.security.web.savedrequest.RequestCacheAwareFilter.doFilter(RequestCacheAwareFilter.java:63)
	at org.springframework.security.web.FilterChainProxy$VirtualFilterChain.doFilter(FilterChainProxy.java:374)
	at com.shiel.campaignapi.config.JwtAuthenticationFilter.doFilterInternal(JwtAuthenticationFilter.java:91)
	at org.springframework.web.filter.OncePerRequestFilter.doFilter(OncePerRequestFilter.java:116)
	at org.springframework.security.web.FilterChainProxy$VirtualFilterChain.doFilter(FilterChainProxy.java:374)
	at org.springframework.security.web.authentication.logout.LogoutFilter.doFilter(LogoutFilter.java:107)
	at org.springframework.security.web.authentication.logout.LogoutFilter.doFilter(LogoutFilter.java:93)
	at org.springframework.security.web.FilterChainProxy$VirtualFilterChain.doFilter(FilterChainProxy.java:374)
	at org.springframework.security.web.header.HeaderWriterFilter.doHeadersAfter(HeaderWriterFilter.java:90)
	at org.springframework.security.web.header.HeaderWriterFilter.doFilterInternal(HeaderWriterFilter.java:75)
	at org.springframework.web.filter.OncePerRequestFilter.doFilter(OncePerRequestFilter.java:116)
	at org.springframework.security.web.FilterChainProxy$VirtualFilterChain.doFilter(FilterChainProxy.java:374)
	at org.springframework.security.web.context.SecurityContextHolderFilter.doFilter(SecurityContextHolderFilter.java:82)
	at org.springframework.security.web.context.SecurityContextHolderFilter.doFilter(SecurityContextHolderFilter.java:69)
	at org.springframework.security.web.FilterChainProxy$VirtualFilterChain.doFilter(FilterChainProxy.java:374)
	at org.springframework.security.web.context.request.async.WebAsyncManagerIntegrationFilter.doFilterInternal(WebAsyncManagerIntegrationFilter.java:62)
	at org.springframework.web.filter.OncePerRequestFilter.doFilter(OncePerRequestFilter.java:116)
	at org.springframework.security.web.FilterChainProxy$VirtualFilterChain.doFilter(FilterChainProxy.java:374)
	at org.springframework.security.web.session.DisableEncodeUrlFilter.doFilterInternal(DisableEncodeUrlFilter.java:42)
	at org.springframework.web.filter.OncePerRequestFilter.doFilter(OncePerRequestFilter.java:116)
	at org.springframework.security.web.FilterChainProxy$VirtualFilterChain.doFilter(FilterChainProxy.java:374)
	at org.springframework.security.web.FilterChainProxy.doFilterInternal(FilterChainProxy.java:233)
	at org.springframework.security.web.FilterChainProxy.doFilter(FilterChainProxy.java:191)
	at org.springframework.web.filter.DelegatingFilterProxy.invokeDelegate(DelegatingFilterProxy.java:352)
	at org.springframework.web.filter.DelegatingFilterProxy.doFilter(DelegatingFilterProxy.java:268)
	at org.apache.catalina.core.ApplicationFilterChain.internalDoFilter(ApplicationFilterChain.java:174)
	at org.apache.catalina.core.ApplicationFilterChain.doFilter(ApplicationFilterChain.java:149)
	at org.springframework.web.filter.RequestContextFilter.doFilterInternal(RequestContextFilter.java:100)
	at org.springframework.web.filter.OncePerRequestFilter.doFilter(OncePerRequestFilter.java:116)
	at org.apache.catalina.core.ApplicationFilterChain.internalDoFilter(ApplicationFilterChain.java:174)
	at org.apache.catalina.core.ApplicationFilterChain.doFilter(ApplicationFilterChain.java:149)
	at org.springframework.web.filter.FormContentFilter.doFilterInternal(FormContentFilter.java:93)
	at org.springframework.web.filter.OncePerRequestFilter.doFilter(OncePerRequestFilter.java:116)
	at org.apache.catalina.core.ApplicationFilterChain.internalDoFilter(ApplicationFilterChain.java:174)
	at org.apache.catalina.core.ApplicationFilterChain.doFilter(ApplicationFilterChain.java:149)
	at org.springframework.web.filter.CharacterEncodingFilter.doFilterInternal(CharacterEncodingFilter.java:201)
	at org.springframework.web.filter.OncePerRequestFilter.doFilter(OncePerRequestFilter.java:116)
	at org.apache.catalina.core.ApplicationFilterChain.internalDoFilter(ApplicationFilterChain.java:174)
	at org.apache.catalina.core.ApplicationFilterChain.doFilter(ApplicationFilterChain.java:149)
	at org.apache.catalina.core.StandardWrapperValve.invoke(StandardWrapperValve.java:167)
	at org.apache.catalina.core.StandardContextValve.invoke(StandardContextValve.java:90)
	at org.apache.catalina.authenticator.AuthenticatorBase.invoke(AuthenticatorBase.java:482)
	at org.apache.catalina.core.StandardHostValve.invoke(StandardHostValve.java:115)
	at org.apache.catalina.valves.ErrorReportValve.invoke(ErrorReportValve.java:93)
	at org.apache.catalina.core.StandardEngineValve.invoke(StandardEngineValve.java:74)
	at org.apache.catalina.connector.CoyoteAdapter.service(CoyoteAdapter.java:341)
	at org.apache.coyote.http11.Http11Processor.service(Http11Processor.java:391)
	at org.apache.coyote.AbstractProcessorLight.process(AbstractProcessorLight.java:63)
	at org.apache.coyote.AbstractProtocol$ConnectionHandler.process(AbstractProtocol.java:894)
	at org.apache.tomcat.util.net.NioEndpoint$SocketProcessor.doRun(NioEndpoint.java:1740)
	at org.apache.tomcat.util.net.SocketProcessorBase.run(SocketProcessorBase.java:52)
	at org.apache.tomcat.util.threads.ThreadPoolExecutor.runWorker(ThreadPoolExecutor.java:1191)
	at org.apache.tomcat.util.threads.ThreadPoolExecutor$Worker.run(ThreadPoolExecutor.java:659)
	at org.apache.tomcat.util.threads.TaskThread$WrappingRunnable.run(TaskThread.java:61)
	at java.base/java.lang.Thread.run(Thread.java:833)
2025-02-14 19:17:31 [background-preinit] INFO  o.h.validator.internal.util.Version - HV000001: Hibernate Validator 7.0.0.Final
2025-02-14 19:17:31 [main] INFO  c.s.c.CampaignApiApplication - Starting CampaignApiApplication using Java 17.0.8.1 with PID 19284 (D:\project\camp-api\campaignapi\target\classes started by shibi in D:\project\camp-api\campaignapi)
2025-02-14 19:17:31 [main] INFO  c.s.c.CampaignApiApplication - No active profile set, falling back to 1 default profile: "default"
2025-02-14 19:17:32 [main] INFO  o.s.d.r.c.RepositoryConfigurationDelegate - Bootstrapping Spring Data JPA repositories in DEFAULT mode.
2025-02-14 19:17:32 [main] INFO  o.s.d.r.c.RepositoryConfigurationDelegate - Finished Spring Data repository scanning in 56 ms. Found 9 JPA repository interfaces.
2025-02-14 19:17:32 [main] INFO  o.s.b.w.e.tomcat.TomcatWebServer - Tomcat initialized with port(s): 8080 (http)
2025-02-14 19:17:32 [main] INFO  o.a.coyote.http11.Http11NioProtocol - Initializing ProtocolHandler ["http-nio-8080"]
2025-02-14 19:17:32 [main] INFO  o.a.catalina.core.StandardService - Starting service [Tomcat]
2025-02-14 19:17:32 [main] INFO  o.a.catalina.core.StandardEngine - Starting Servlet engine: [Apache Tomcat/10.1.13]
2025-02-14 19:17:32 [main] INFO  o.a.c.c.C.[.[localhost].[/api] - Initializing Spring embedded WebApplicationContext
2025-02-14 19:17:32 [main] INFO  o.s.b.w.s.c.ServletWebServerApplicationContext - Root WebApplicationContext: initialization completed in 1135 ms
2025-02-14 19:17:32 [main] INFO  o.h.jpa.internal.util.LogHelper - HHH000204: Processing PersistenceUnitInfo [name: default]
2025-02-14 19:17:32 [main] INFO  org.hibernate.Version - HHH000412: Hibernate ORM core version 6.2.9.Final
2025-02-14 19:17:32 [main] INFO  org.hibernate.cfg.Environment - HHH000406: Using bytecode reflection optimizer
2025-02-14 19:17:32 [main] INFO  o.h.b.i.BytecodeProviderInitiator - HHH000021: Bytecode provider name : bytebuddy
2025-02-14 19:17:32 [main] INFO  o.s.o.j.p.SpringPersistenceUnitInfo - No LoadTimeWeaver setup: ignoring JPA class transformer
2025-02-14 19:17:32 [main] INFO  com.zaxxer.hikari.HikariDataSource - HikariPool-1 - Starting...
2025-02-14 19:17:33 [main] INFO  com.zaxxer.hikari.pool.HikariPool - HikariPool-1 - Added connection com.mysql.cj.jdbc.ConnectionImpl@7b3c2ae0
2025-02-14 19:17:33 [main] INFO  com.zaxxer.hikari.HikariDataSource - HikariPool-1 - Start completed.
2025-02-14 19:17:33 [main] INFO  o.h.b.i.BytecodeProviderInitiator - HHH000021: Bytecode provider name : bytebuddy
2025-02-14 19:17:34 [main] INFO  o.h.e.t.j.p.i.JtaPlatformInitiator - HHH000490: Using JtaPlatform implementation: [org.hibernate.engine.transaction.jta.platform.internal.NoJtaPlatform]
2025-02-14 19:17:34 [main] INFO  o.s.o.j.LocalContainerEntityManagerFactoryBean - Initialized JPA EntityManagerFactory for persistence unit 'default'
2025-02-14 19:17:34 [main] INFO  c.s.c.config.FirebaseConfig - Firebase initialized successfully.
2025-02-14 19:17:34 [main] INFO  c.s.c.service.AuthenticationService - AuthenticationService initialized.
2025-02-14 19:17:34 [main] INFO  o.s.b.f.a.AutowiredAnnotationBeanPostProcessor - Autowired annotation is not supported on static fields: private static final org.slf4j.Logger com.shiel.campaignapi.service.BookingService.logger
2025-02-14 19:17:34 [main] INFO  org.quartz.impl.StdSchedulerFactory - Using default implementation for ThreadExecutor
2025-02-14 19:17:34 [main] INFO  o.quartz.core.SchedulerSignalerImpl - Initialized Scheduler Signaller of type: class org.quartz.core.SchedulerSignalerImpl
2025-02-14 19:17:34 [main] INFO  org.quartz.core.QuartzScheduler - Quartz Scheduler v.2.3.2 created.
2025-02-14 19:17:34 [main] INFO  org.quartz.simpl.RAMJobStore - RAMJobStore initialized.
2025-02-14 19:17:34 [main] INFO  org.quartz.core.QuartzScheduler - Scheduler meta-data: Quartz Scheduler (v2.3.2) 'MeetingScheduler' with instanceId 'NON_CLUSTERED'
  Scheduler class: 'org.quartz.core.QuartzScheduler' - running locally.
  NOT STARTED.
  Currently in standby mode.
  Number of jobs executed: 0
  Using thread pool 'org.quartz.simpl.SimpleThreadPool' - with 10 threads.
  Using job-store 'org.quartz.simpl.RAMJobStore' - which does not support persistence. and is not clustered.

2025-02-14 19:17:34 [main] INFO  org.quartz.impl.StdSchedulerFactory - Quartz scheduler 'MeetingScheduler' initialized from an externally provided properties instance.
2025-02-14 19:17:34 [main] INFO  org.quartz.impl.StdSchedulerFactory - Quartz scheduler version: 2.3.2
2025-02-14 19:17:34 [main] INFO  org.quartz.core.QuartzScheduler - JobFactory set to: org.springframework.scheduling.quartz.SpringBeanJobFactory@1ae8556c
2025-02-14 19:17:35 [main] INFO  o.s.s.web.DefaultSecurityFilterChain - Will secure any request with [org.springframework.security.web.session.DisableEncodeUrlFilter@73625632, org.springframework.security.web.context.request.async.WebAsyncManagerIntegrationFilter@676f70dc, org.springframework.security.web.context.SecurityContextHolderFilter@4bf2c697, org.springframework.security.web.header.HeaderWriterFilter@5275d709, org.springframework.security.web.authentication.logout.LogoutFilter@58dd584a, com.shiel.campaignapi.config.JwtAuthenticationFilter@757ad227, org.springframework.security.web.savedrequest.RequestCacheAwareFilter@24c94e95, org.springframework.security.web.servletapi.SecurityContextHolderAwareRequestFilter@362109d0, org.springframework.security.web.authentication.AnonymousAuthenticationFilter@2591477f, org.springframework.security.web.session.SessionManagementFilter@2c5e2a44, org.springframework.security.web.access.ExceptionTranslationFilter@47a05ad8, org.springframework.security.web.access.intercept.AuthorizationFilter@1150b923]
2025-02-14 19:17:35 [main] INFO  o.a.coyote.http11.Http11NioProtocol - Starting ProtocolHandler ["http-nio-8080"]
2025-02-14 19:17:35 [main] INFO  o.s.b.w.e.tomcat.TomcatWebServer - Tomcat started on port(s): 8080 (http) with context path '/api'
2025-02-14 19:17:35 [main] INFO  o.s.s.quartz.SchedulerFactoryBean - Starting Quartz Scheduler now
2025-02-14 19:17:35 [main] INFO  org.quartz.core.QuartzScheduler - Scheduler MeetingScheduler_$_NON_CLUSTERED started.
2025-02-14 19:17:35 [main] INFO  c.s.c.CampaignApiApplication - Started CampaignApiApplication in 4.23 seconds (process running for 4.885)
2025-02-14 19:17:39 [http-nio-8080-exec-2] INFO  o.a.c.c.C.[.[localhost].[/api] - Initializing Spring DispatcherServlet 'dispatcherServlet'
2025-02-14 19:17:39 [http-nio-8080-exec-2] INFO  o.s.web.servlet.DispatcherServlet - Initializing Servlet 'dispatcherServlet'
2025-02-14 19:17:39 [http-nio-8080-exec-2] INFO  o.s.web.servlet.DispatcherServlet - Completed initialization in 1 ms
2025-02-14 19:17:40 [http-nio-8080-exec-2] INFO  c.s.c.service.BookingService - Starting booking process for event ID: 1
2025-02-14 19:17:40 [http-nio-8080-exec-2] ERROR c.s.c.service.BookingService - Error saving booking: Father's age must be greater than the user's age
com.shiel.campaignapi.exception.UserIllegalArgumentException: Father's age must be greater than the user's age
	at com.shiel.campaignapi.service.BookingService.saveBooking(BookingService.java:172)
	at java.base/jdk.internal.reflect.NativeMethodAccessorImpl.invoke0(Native Method)
	at java.base/jdk.internal.reflect.NativeMethodAccessorImpl.invoke(NativeMethodAccessorImpl.java:77)
	at java.base/jdk.internal.reflect.DelegatingMethodAccessorImpl.invoke(DelegatingMethodAccessorImpl.java:43)
	at java.base/java.lang.reflect.Method.invoke(Method.java:568)
	at org.springframework.aop.support.AopUtils.invokeJoinpointUsingReflection(AopUtils.java:343)
	at org.springframework.aop.framework.ReflectiveMethodInvocation.invokeJoinpoint(ReflectiveMethodInvocation.java:196)
	at org.springframework.aop.framework.ReflectiveMethodInvocation.proceed(ReflectiveMethodInvocation.java:163)
	at org.springframework.aop.framework.CglibAopProxy$CglibMethodInvocation.proceed(CglibAopProxy.java:751)
	at org.springframework.transaction.interceptor.TransactionInterceptor$1.proceedWithInvocation(TransactionInterceptor.java:123)
	at org.springframework.transaction.interceptor.TransactionAspectSupport.invokeWithinTransaction(TransactionAspectSupport.java:391)
	at org.springframework.transaction.interceptor.TransactionInterceptor.invoke(TransactionInterceptor.java:119)
	at org.springframework.aop.framework.ReflectiveMethodInvocation.proceed(ReflectiveMethodInvocation.java:184)
	at org.springframework.aop.framework.CglibAopProxy$CglibMethodInvocation.proceed(CglibAopProxy.java:751)
	at org.springframework.aop.framework.CglibAopProxy$DynamicAdvisedInterceptor.intercept(CglibAopProxy.java:703)
	at com.shiel.campaignapi.service.BookingService$$SpringCGLIB$$0.saveBooking(<generated>)
	at com.shiel.campaignapi.controller.BookingController.addBooking(BookingController.java:37)
	at java.base/jdk.internal.reflect.NativeMethodAccessorImpl.invoke0(Native Method)
	at java.base/jdk.internal.reflect.NativeMethodAccessorImpl.invoke(NativeMethodAccessorImpl.java:77)
	at java.base/jdk.internal.reflect.DelegatingMethodAccessorImpl.invoke(DelegatingMethodAccessorImpl.java:43)
	at java.base/java.lang.reflect.Method.invoke(Method.java:568)
	at org.springframework.web.method.support.InvocableHandlerMethod.doInvoke(InvocableHandlerMethod.java:205)
	at org.springframework.web.method.support.InvocableHandlerMethod.invokeForRequest(InvocableHandlerMethod.java:150)
	at org.springframework.web.servlet.mvc.method.annotation.ServletInvocableHandlerMethod.invokeAndHandle(ServletInvocableHandlerMethod.java:118)
	at org.springframework.web.servlet.mvc.method.annotation.RequestMappingHandlerAdapter.invokeHandlerMethod(RequestMappingHandlerAdapter.java:884)
	at org.springframework.web.servlet.mvc.method.annotation.RequestMappingHandlerAdapter.handleInternal(RequestMappingHandlerAdapter.java:797)
	at org.springframework.web.servlet.mvc.method.AbstractHandlerMethodAdapter.handle(AbstractHandlerMethodAdapter.java:87)
	at org.springframework.web.servlet.DispatcherServlet.doDispatch(DispatcherServlet.java:1081)
	at org.springframework.web.servlet.DispatcherServlet.doService(DispatcherServlet.java:974)
	at org.springframework.web.servlet.FrameworkServlet.processRequest(FrameworkServlet.java:1011)
	at org.springframework.web.servlet.FrameworkServlet.doPost(FrameworkServlet.java:914)
	at jakarta.servlet.http.HttpServlet.service(HttpServlet.java:590)
	at org.springframework.web.servlet.FrameworkServlet.service(FrameworkServlet.java:885)
	at jakarta.servlet.http.HttpServlet.service(HttpServlet.java:658)
	at org.apache.catalina.core.ApplicationFilterChain.internalDoFilter(ApplicationFilterChain.java:205)
	at org.apache.catalina.core.ApplicationFilterChain.doFilter(ApplicationFilterChain.java:149)
	at org.apache.tomcat.websocket.server.WsFilter.doFilter(WsFilter.java:51)
	at org.apache.catalina.core.ApplicationFilterChain.internalDoFilter(ApplicationFilterChain.java:174)
	at org.apache.catalina.core.ApplicationFilterChain.doFilter(ApplicationFilterChain.java:149)
	at org.springframework.web.filter.OncePerRequestFilter.doFilter(OncePerRequestFilter.java:110)
	at org.apache.catalina.core.ApplicationFilterChain.internalDoFilter(ApplicationFilterChain.java:174)
	at org.apache.catalina.core.ApplicationFilterChain.doFilter(ApplicationFilterChain.java:149)
	at org.springframework.security.web.FilterChainProxy.lambda$doFilterInternal$3(FilterChainProxy.java:231)
	at org.springframework.security.web.FilterChainProxy$VirtualFilterChain.doFilter(FilterChainProxy.java:365)
	at org.springframework.security.web.access.intercept.AuthorizationFilter.doFilter(AuthorizationFilter.java:100)
	at org.springframework.security.web.FilterChainProxy$VirtualFilterChain.doFilter(FilterChainProxy.java:374)
	at org.springframework.security.web.access.ExceptionTranslationFilter.doFilter(ExceptionTranslationFilter.java:126)
	at org.springframework.security.web.access.ExceptionTranslationFilter.doFilter(ExceptionTranslationFilter.java:120)
	at org.springframework.security.web.FilterChainProxy$VirtualFilterChain.doFilter(FilterChainProxy.java:374)
	at org.springframework.security.web.session.SessionManagementFilter.doFilter(SessionManagementFilter.java:131)
	at org.springframework.security.web.session.SessionManagementFilter.doFilter(SessionManagementFilter.java:85)
	at org.springframework.security.web.FilterChainProxy$VirtualFilterChain.doFilter(FilterChainProxy.java:374)
	at org.springframework.security.web.authentication.AnonymousAuthenticationFilter.doFilter(AnonymousAuthenticationFilter.java:100)
	at org.springframework.security.web.FilterChainProxy$VirtualFilterChain.doFilter(FilterChainProxy.java:374)
	at org.springframework.security.web.servletapi.SecurityContextHolderAwareRequestFilter.doFilter(SecurityContextHolderAwareRequestFilter.java:179)
	at org.springframework.security.web.FilterChainProxy$VirtualFilterChain.doFilter(FilterChainProxy.java:374)
	at org.springframework.security.web.savedrequest.RequestCacheAwareFilter.doFilter(RequestCacheAwareFilter.java:63)
	at org.springframework.security.web.FilterChainProxy$VirtualFilterChain.doFilter(FilterChainProxy.java:374)
	at com.shiel.campaignapi.config.JwtAuthenticationFilter.doFilterInternal(JwtAuthenticationFilter.java:91)
	at org.springframework.web.filter.OncePerRequestFilter.doFilter(OncePerRequestFilter.java:116)
	at org.springframework.security.web.FilterChainProxy$VirtualFilterChain.doFilter(FilterChainProxy.java:374)
	at org.springframework.security.web.authentication.logout.LogoutFilter.doFilter(LogoutFilter.java:107)
	at org.springframework.security.web.authentication.logout.LogoutFilter.doFilter(LogoutFilter.java:93)
	at org.springframework.security.web.FilterChainProxy$VirtualFilterChain.doFilter(FilterChainProxy.java:374)
	at org.springframework.security.web.header.HeaderWriterFilter.doHeadersAfter(HeaderWriterFilter.java:90)
	at org.springframework.security.web.header.HeaderWriterFilter.doFilterInternal(HeaderWriterFilter.java:75)
	at org.springframework.web.filter.OncePerRequestFilter.doFilter(OncePerRequestFilter.java:116)
	at org.springframework.security.web.FilterChainProxy$VirtualFilterChain.doFilter(FilterChainProxy.java:374)
	at org.springframework.security.web.context.SecurityContextHolderFilter.doFilter(SecurityContextHolderFilter.java:82)
	at org.springframework.security.web.context.SecurityContextHolderFilter.doFilter(SecurityContextHolderFilter.java:69)
	at org.springframework.security.web.FilterChainProxy$VirtualFilterChain.doFilter(FilterChainProxy.java:374)
	at org.springframework.security.web.context.request.async.WebAsyncManagerIntegrationFilter.doFilterInternal(WebAsyncManagerIntegrationFilter.java:62)
	at org.springframework.web.filter.OncePerRequestFilter.doFilter(OncePerRequestFilter.java:116)
	at org.springframework.security.web.FilterChainProxy$VirtualFilterChain.doFilter(FilterChainProxy.java:374)
	at org.springframework.security.web.session.DisableEncodeUrlFilter.doFilterInternal(DisableEncodeUrlFilter.java:42)
	at org.springframework.web.filter.OncePerRequestFilter.doFilter(OncePerRequestFilter.java:116)
	at org.springframework.security.web.FilterChainProxy$VirtualFilterChain.doFilter(FilterChainProxy.java:374)
	at org.springframework.security.web.FilterChainProxy.doFilterInternal(FilterChainProxy.java:233)
	at org.springframework.security.web.FilterChainProxy.doFilter(FilterChainProxy.java:191)
	at org.springframework.web.filter.DelegatingFilterProxy.invokeDelegate(DelegatingFilterProxy.java:352)
	at org.springframework.web.filter.DelegatingFilterProxy.doFilter(DelegatingFilterProxy.java:268)
	at org.apache.catalina.core.ApplicationFilterChain.internalDoFilter(ApplicationFilterChain.java:174)
	at org.apache.catalina.core.ApplicationFilterChain.doFilter(ApplicationFilterChain.java:149)
	at org.springframework.web.filter.RequestContextFilter.doFilterInternal(RequestContextFilter.java:100)
	at org.springframework.web.filter.OncePerRequestFilter.doFilter(OncePerRequestFilter.java:116)
	at org.apache.catalina.core.ApplicationFilterChain.internalDoFilter(ApplicationFilterChain.java:174)
	at org.apache.catalina.core.ApplicationFilterChain.doFilter(ApplicationFilterChain.java:149)
	at org.springframework.web.filter.FormContentFilter.doFilterInternal(FormContentFilter.java:93)
	at org.springframework.web.filter.OncePerRequestFilter.doFilter(OncePerRequestFilter.java:116)
	at org.apache.catalina.core.ApplicationFilterChain.internalDoFilter(ApplicationFilterChain.java:174)
	at org.apache.catalina.core.ApplicationFilterChain.doFilter(ApplicationFilterChain.java:149)
	at org.springframework.web.filter.CharacterEncodingFilter.doFilterInternal(CharacterEncodingFilter.java:201)
	at org.springframework.web.filter.OncePerRequestFilter.doFilter(OncePerRequestFilter.java:116)
	at org.apache.catalina.core.ApplicationFilterChain.internalDoFilter(ApplicationFilterChain.java:174)
	at org.apache.catalina.core.ApplicationFilterChain.doFilter(ApplicationFilterChain.java:149)
	at org.apache.catalina.core.StandardWrapperValve.invoke(StandardWrapperValve.java:167)
	at org.apache.catalina.core.StandardContextValve.invoke(StandardContextValve.java:90)
	at org.apache.catalina.authenticator.AuthenticatorBase.invoke(AuthenticatorBase.java:482)
	at org.apache.catalina.core.StandardHostValve.invoke(StandardHostValve.java:115)
	at org.apache.catalina.valves.ErrorReportValve.invoke(ErrorReportValve.java:93)
	at org.apache.catalina.core.StandardEngineValve.invoke(StandardEngineValve.java:74)
	at org.apache.catalina.connector.CoyoteAdapter.service(CoyoteAdapter.java:341)
	at org.apache.coyote.http11.Http11Processor.service(Http11Processor.java:391)
	at org.apache.coyote.AbstractProcessorLight.process(AbstractProcessorLight.java:63)
	at org.apache.coyote.AbstractProtocol$ConnectionHandler.process(AbstractProtocol.java:894)
	at org.apache.tomcat.util.net.NioEndpoint$SocketProcessor.doRun(NioEndpoint.java:1740)
	at org.apache.tomcat.util.net.SocketProcessorBase.run(SocketProcessorBase.java:52)
	at org.apache.tomcat.util.threads.ThreadPoolExecutor.runWorker(ThreadPoolExecutor.java:1191)
	at org.apache.tomcat.util.threads.ThreadPoolExecutor$Worker.run(ThreadPoolExecutor.java:659)
	at org.apache.tomcat.util.threads.TaskThread$WrappingRunnable.run(TaskThread.java:61)
	at java.base/java.lang.Thread.run(Thread.java:833)
2025-02-14 19:21:16 [background-preinit] INFO  o.h.validator.internal.util.Version - HV000001: Hibernate Validator 7.0.0.Final
2025-02-14 19:21:16 [main] INFO  c.s.c.CampaignApiApplication - Starting CampaignApiApplication using Java 17.0.8.1 with PID 17912 (D:\project\camp-api\campaignapi\target\classes started by shibi in D:\project\camp-api\campaignapi)
2025-02-14 19:21:16 [main] INFO  c.s.c.CampaignApiApplication - No active profile set, falling back to 1 default profile: "default"
2025-02-14 19:21:17 [main] INFO  o.s.d.r.c.RepositoryConfigurationDelegate - Bootstrapping Spring Data JPA repositories in DEFAULT mode.
2025-02-14 19:21:17 [main] INFO  o.s.d.r.c.RepositoryConfigurationDelegate - Finished Spring Data repository scanning in 63 ms. Found 9 JPA repository interfaces.
2025-02-14 19:21:17 [main] INFO  o.s.b.w.e.tomcat.TomcatWebServer - Tomcat initialized with port(s): 8080 (http)
2025-02-14 19:21:17 [main] INFO  o.a.coyote.http11.Http11NioProtocol - Initializing ProtocolHandler ["http-nio-8080"]
2025-02-14 19:21:17 [main] INFO  o.a.catalina.core.StandardService - Starting service [Tomcat]
2025-02-14 19:21:17 [main] INFO  o.a.catalina.core.StandardEngine - Starting Servlet engine: [Apache Tomcat/10.1.13]
2025-02-14 19:21:18 [main] INFO  o.a.c.c.C.[.[localhost].[/api] - Initializing Spring embedded WebApplicationContext
2025-02-14 19:21:18 [main] INFO  o.s.b.w.s.c.ServletWebServerApplicationContext - Root WebApplicationContext: initialization completed in 1246 ms
2025-02-14 19:21:18 [main] INFO  o.h.jpa.internal.util.LogHelper - HHH000204: Processing PersistenceUnitInfo [name: default]
2025-02-14 19:21:18 [main] INFO  org.hibernate.Version - HHH000412: Hibernate ORM core version 6.2.9.Final
2025-02-14 19:21:18 [main] INFO  org.hibernate.cfg.Environment - HHH000406: Using bytecode reflection optimizer
2025-02-14 19:21:18 [main] INFO  o.h.b.i.BytecodeProviderInitiator - HHH000021: Bytecode provider name : bytebuddy
2025-02-14 19:21:18 [main] INFO  o.s.o.j.p.SpringPersistenceUnitInfo - No LoadTimeWeaver setup: ignoring JPA class transformer
2025-02-14 19:21:18 [main] INFO  com.zaxxer.hikari.HikariDataSource - HikariPool-1 - Starting...
2025-02-14 19:21:18 [main] INFO  com.zaxxer.hikari.pool.HikariPool - HikariPool-1 - Added connection com.mysql.cj.jdbc.ConnectionImpl@5315266
2025-02-14 19:21:18 [main] INFO  com.zaxxer.hikari.HikariDataSource - HikariPool-1 - Start completed.
2025-02-14 19:21:18 [main] INFO  o.h.b.i.BytecodeProviderInitiator - HHH000021: Bytecode provider name : bytebuddy
2025-02-14 19:21:19 [main] INFO  o.h.e.t.j.p.i.JtaPlatformInitiator - HHH000490: Using JtaPlatform implementation: [org.hibernate.engine.transaction.jta.platform.internal.NoJtaPlatform]
2025-02-14 19:21:19 [main] INFO  o.s.o.j.LocalContainerEntityManagerFactoryBean - Initialized JPA EntityManagerFactory for persistence unit 'default'
2025-02-14 19:21:20 [main] INFO  c.s.c.config.FirebaseConfig - Firebase initialized successfully.
2025-02-14 19:21:20 [main] INFO  c.s.c.service.AuthenticationService - AuthenticationService initialized.
2025-02-14 19:21:20 [main] INFO  o.s.b.f.a.AutowiredAnnotationBeanPostProcessor - Autowired annotation is not supported on static fields: private static final org.slf4j.Logger com.shiel.campaignapi.service.BookingService.logger
2025-02-14 19:21:20 [main] INFO  org.quartz.impl.StdSchedulerFactory - Using default implementation for ThreadExecutor
2025-02-14 19:21:20 [main] INFO  o.quartz.core.SchedulerSignalerImpl - Initialized Scheduler Signaller of type: class org.quartz.core.SchedulerSignalerImpl
2025-02-14 19:21:20 [main] INFO  org.quartz.core.QuartzScheduler - Quartz Scheduler v.2.3.2 created.
2025-02-14 19:21:20 [main] INFO  org.quartz.simpl.RAMJobStore - RAMJobStore initialized.
2025-02-14 19:21:20 [main] INFO  org.quartz.core.QuartzScheduler - Scheduler meta-data: Quartz Scheduler (v2.3.2) 'MeetingScheduler' with instanceId 'NON_CLUSTERED'
  Scheduler class: 'org.quartz.core.QuartzScheduler' - running locally.
  NOT STARTED.
  Currently in standby mode.
  Number of jobs executed: 0
  Using thread pool 'org.quartz.simpl.SimpleThreadPool' - with 10 threads.
  Using job-store 'org.quartz.simpl.RAMJobStore' - which does not support persistence. and is not clustered.

2025-02-14 19:21:20 [main] INFO  org.quartz.impl.StdSchedulerFactory - Quartz scheduler 'MeetingScheduler' initialized from an externally provided properties instance.
2025-02-14 19:21:20 [main] INFO  org.quartz.impl.StdSchedulerFactory - Quartz scheduler version: 2.3.2
2025-02-14 19:21:20 [main] INFO  org.quartz.core.QuartzScheduler - JobFactory set to: org.springframework.scheduling.quartz.SpringBeanJobFactory@25df95b
2025-02-14 19:21:20 [main] INFO  o.s.s.web.DefaultSecurityFilterChain - Will secure any request with [org.springframework.security.web.session.DisableEncodeUrlFilter@6517bc6b, org.springframework.security.web.context.request.async.WebAsyncManagerIntegrationFilter@53d3d604, org.springframework.security.web.context.SecurityContextHolderFilter@399ac1a3, org.springframework.security.web.header.HeaderWriterFilter@6237927a, org.springframework.security.web.authentication.logout.LogoutFilter@63f08f9f, com.shiel.campaignapi.config.JwtAuthenticationFilter@78d49939, org.springframework.security.web.savedrequest.RequestCacheAwareFilter@3c48bbf3, org.springframework.security.web.servletapi.SecurityContextHolderAwareRequestFilter@446dc997, org.springframework.security.web.authentication.AnonymousAuthenticationFilter@44eda25b, org.springframework.security.web.session.SessionManagementFilter@105e8710, org.springframework.security.web.access.ExceptionTranslationFilter@37f687c1, org.springframework.security.web.access.intercept.AuthorizationFilter@14144cc9]
2025-02-14 19:21:20 [main] INFO  o.a.coyote.http11.Http11NioProtocol - Starting ProtocolHandler ["http-nio-8080"]
2025-02-14 19:21:20 [main] INFO  o.s.b.w.e.tomcat.TomcatWebServer - Tomcat started on port(s): 8080 (http) with context path '/api'
2025-02-14 19:21:20 [main] INFO  o.s.s.quartz.SchedulerFactoryBean - Starting Quartz Scheduler now
2025-02-14 19:21:20 [main] INFO  org.quartz.core.QuartzScheduler - Scheduler MeetingScheduler_$_NON_CLUSTERED started.
2025-02-14 19:21:20 [main] INFO  c.s.c.CampaignApiApplication - Started CampaignApiApplication in 4.671 seconds (process running for 5.782)
2025-02-14 19:21:28 [http-nio-8080-exec-2] INFO  o.a.c.c.C.[.[localhost].[/api] - Initializing Spring DispatcherServlet 'dispatcherServlet'
2025-02-14 19:21:28 [http-nio-8080-exec-2] INFO  o.s.web.servlet.DispatcherServlet - Initializing Servlet 'dispatcherServlet'
2025-02-14 19:21:28 [http-nio-8080-exec-2] INFO  o.s.web.servlet.DispatcherServlet - Completed initialization in 3 ms
2025-02-14 19:21:28 [http-nio-8080-exec-2] INFO  c.s.c.service.BookingService - Starting booking process for event ID: 1
2025-02-14 19:22:35 [http-nio-8080-exec-2] ERROR c.s.c.service.BookingService - Error saving booking: Father's age must be greater than the user's age
com.shiel.campaignapi.exception.UserIllegalArgumentException: Father's age must be greater than the user's age
	at com.shiel.campaignapi.service.BookingService.saveBooking(BookingService.java:172)
	at java.base/jdk.internal.reflect.NativeMethodAccessorImpl.invoke0(Native Method)
	at java.base/jdk.internal.reflect.NativeMethodAccessorImpl.invoke(NativeMethodAccessorImpl.java:77)
	at java.base/jdk.internal.reflect.DelegatingMethodAccessorImpl.invoke(DelegatingMethodAccessorImpl.java:43)
	at java.base/java.lang.reflect.Method.invoke(Method.java:568)
	at org.springframework.aop.support.AopUtils.invokeJoinpointUsingReflection(AopUtils.java:343)
	at org.springframework.aop.framework.ReflectiveMethodInvocation.invokeJoinpoint(ReflectiveMethodInvocation.java:196)
	at org.springframework.aop.framework.ReflectiveMethodInvocation.proceed(ReflectiveMethodInvocation.java:163)
	at org.springframework.aop.framework.CglibAopProxy$CglibMethodInvocation.proceed(CglibAopProxy.java:751)
	at org.springframework.transaction.interceptor.TransactionInterceptor$1.proceedWithInvocation(TransactionInterceptor.java:123)
	at org.springframework.transaction.interceptor.TransactionAspectSupport.invokeWithinTransaction(TransactionAspectSupport.java:391)
	at org.springframework.transaction.interceptor.TransactionInterceptor.invoke(TransactionInterceptor.java:119)
	at org.springframework.aop.framework.ReflectiveMethodInvocation.proceed(ReflectiveMethodInvocation.java:184)
	at org.springframework.aop.framework.CglibAopProxy$CglibMethodInvocation.proceed(CglibAopProxy.java:751)
	at org.springframework.aop.framework.CglibAopProxy$DynamicAdvisedInterceptor.intercept(CglibAopProxy.java:703)
	at com.shiel.campaignapi.service.BookingService$$SpringCGLIB$$0.saveBooking(<generated>)
	at com.shiel.campaignapi.controller.BookingController.addBooking(BookingController.java:37)
	at java.base/jdk.internal.reflect.NativeMethodAccessorImpl.invoke0(Native Method)
	at java.base/jdk.internal.reflect.NativeMethodAccessorImpl.invoke(NativeMethodAccessorImpl.java:77)
	at java.base/jdk.internal.reflect.DelegatingMethodAccessorImpl.invoke(DelegatingMethodAccessorImpl.java:43)
	at java.base/java.lang.reflect.Method.invoke(Method.java:568)
	at org.springframework.web.method.support.InvocableHandlerMethod.doInvoke(InvocableHandlerMethod.java:205)
	at org.springframework.web.method.support.InvocableHandlerMethod.invokeForRequest(InvocableHandlerMethod.java:150)
	at org.springframework.web.servlet.mvc.method.annotation.ServletInvocableHandlerMethod.invokeAndHandle(ServletInvocableHandlerMethod.java:118)
	at org.springframework.web.servlet.mvc.method.annotation.RequestMappingHandlerAdapter.invokeHandlerMethod(RequestMappingHandlerAdapter.java:884)
	at org.springframework.web.servlet.mvc.method.annotation.RequestMappingHandlerAdapter.handleInternal(RequestMappingHandlerAdapter.java:797)
	at org.springframework.web.servlet.mvc.method.AbstractHandlerMethodAdapter.handle(AbstractHandlerMethodAdapter.java:87)
	at org.springframework.web.servlet.DispatcherServlet.doDispatch(DispatcherServlet.java:1081)
	at org.springframework.web.servlet.DispatcherServlet.doService(DispatcherServlet.java:974)
	at org.springframework.web.servlet.FrameworkServlet.processRequest(FrameworkServlet.java:1011)
	at org.springframework.web.servlet.FrameworkServlet.doPost(FrameworkServlet.java:914)
	at jakarta.servlet.http.HttpServlet.service(HttpServlet.java:590)
	at org.springframework.web.servlet.FrameworkServlet.service(FrameworkServlet.java:885)
	at jakarta.servlet.http.HttpServlet.service(HttpServlet.java:658)
	at org.apache.catalina.core.ApplicationFilterChain.internalDoFilter(ApplicationFilterChain.java:205)
	at org.apache.catalina.core.ApplicationFilterChain.doFilter(ApplicationFilterChain.java:149)
	at org.apache.tomcat.websocket.server.WsFilter.doFilter(WsFilter.java:51)
	at org.apache.catalina.core.ApplicationFilterChain.internalDoFilter(ApplicationFilterChain.java:174)
	at org.apache.catalina.core.ApplicationFilterChain.doFilter(ApplicationFilterChain.java:149)
	at org.springframework.web.filter.OncePerRequestFilter.doFilter(OncePerRequestFilter.java:110)
	at org.apache.catalina.core.ApplicationFilterChain.internalDoFilter(ApplicationFilterChain.java:174)
	at org.apache.catalina.core.ApplicationFilterChain.doFilter(ApplicationFilterChain.java:149)
	at org.springframework.security.web.FilterChainProxy.lambda$doFilterInternal$3(FilterChainProxy.java:231)
	at org.springframework.security.web.FilterChainProxy$VirtualFilterChain.doFilter(FilterChainProxy.java:365)
	at org.springframework.security.web.access.intercept.AuthorizationFilter.doFilter(AuthorizationFilter.java:100)
	at org.springframework.security.web.FilterChainProxy$VirtualFilterChain.doFilter(FilterChainProxy.java:374)
	at org.springframework.security.web.access.ExceptionTranslationFilter.doFilter(ExceptionTranslationFilter.java:126)
	at org.springframework.security.web.access.ExceptionTranslationFilter.doFilter(ExceptionTranslationFilter.java:120)
	at org.springframework.security.web.FilterChainProxy$VirtualFilterChain.doFilter(FilterChainProxy.java:374)
	at org.springframework.security.web.session.SessionManagementFilter.doFilter(SessionManagementFilter.java:131)
	at org.springframework.security.web.session.SessionManagementFilter.doFilter(SessionManagementFilter.java:85)
	at org.springframework.security.web.FilterChainProxy$VirtualFilterChain.doFilter(FilterChainProxy.java:374)
	at org.springframework.security.web.authentication.AnonymousAuthenticationFilter.doFilter(AnonymousAuthenticationFilter.java:100)
	at org.springframework.security.web.FilterChainProxy$VirtualFilterChain.doFilter(FilterChainProxy.java:374)
	at org.springframework.security.web.servletapi.SecurityContextHolderAwareRequestFilter.doFilter(SecurityContextHolderAwareRequestFilter.java:179)
	at org.springframework.security.web.FilterChainProxy$VirtualFilterChain.doFilter(FilterChainProxy.java:374)
	at org.springframework.security.web.savedrequest.RequestCacheAwareFilter.doFilter(RequestCacheAwareFilter.java:63)
	at org.springframework.security.web.FilterChainProxy$VirtualFilterChain.doFilter(FilterChainProxy.java:374)
	at com.shiel.campaignapi.config.JwtAuthenticationFilter.doFilterInternal(JwtAuthenticationFilter.java:91)
	at org.springframework.web.filter.OncePerRequestFilter.doFilter(OncePerRequestFilter.java:116)
	at org.springframework.security.web.FilterChainProxy$VirtualFilterChain.doFilter(FilterChainProxy.java:374)
	at org.springframework.security.web.authentication.logout.LogoutFilter.doFilter(LogoutFilter.java:107)
	at org.springframework.security.web.authentication.logout.LogoutFilter.doFilter(LogoutFilter.java:93)
	at org.springframework.security.web.FilterChainProxy$VirtualFilterChain.doFilter(FilterChainProxy.java:374)
	at org.springframework.security.web.header.HeaderWriterFilter.doHeadersAfter(HeaderWriterFilter.java:90)
	at org.springframework.security.web.header.HeaderWriterFilter.doFilterInternal(HeaderWriterFilter.java:75)
	at org.springframework.web.filter.OncePerRequestFilter.doFilter(OncePerRequestFilter.java:116)
	at org.springframework.security.web.FilterChainProxy$VirtualFilterChain.doFilter(FilterChainProxy.java:374)
	at org.springframework.security.web.context.SecurityContextHolderFilter.doFilter(SecurityContextHolderFilter.java:82)
	at org.springframework.security.web.context.SecurityContextHolderFilter.doFilter(SecurityContextHolderFilter.java:69)
	at org.springframework.security.web.FilterChainProxy$VirtualFilterChain.doFilter(FilterChainProxy.java:374)
	at org.springframework.security.web.context.request.async.WebAsyncManagerIntegrationFilter.doFilterInternal(WebAsyncManagerIntegrationFilter.java:62)
	at org.springframework.web.filter.OncePerRequestFilter.doFilter(OncePerRequestFilter.java:116)
	at org.springframework.security.web.FilterChainProxy$VirtualFilterChain.doFilter(FilterChainProxy.java:374)
	at org.springframework.security.web.session.DisableEncodeUrlFilter.doFilterInternal(DisableEncodeUrlFilter.java:42)
	at org.springframework.web.filter.OncePerRequestFilter.doFilter(OncePerRequestFilter.java:116)
	at org.springframework.security.web.FilterChainProxy$VirtualFilterChain.doFilter(FilterChainProxy.java:374)
	at org.springframework.security.web.FilterChainProxy.doFilterInternal(FilterChainProxy.java:233)
	at org.springframework.security.web.FilterChainProxy.doFilter(FilterChainProxy.java:191)
	at org.springframework.web.filter.DelegatingFilterProxy.invokeDelegate(DelegatingFilterProxy.java:352)
	at org.springframework.web.filter.DelegatingFilterProxy.doFilter(DelegatingFilterProxy.java:268)
	at org.apache.catalina.core.ApplicationFilterChain.internalDoFilter(ApplicationFilterChain.java:174)
	at org.apache.catalina.core.ApplicationFilterChain.doFilter(ApplicationFilterChain.java:149)
	at org.springframework.web.filter.RequestContextFilter.doFilterInternal(RequestContextFilter.java:100)
	at org.springframework.web.filter.OncePerRequestFilter.doFilter(OncePerRequestFilter.java:116)
	at org.apache.catalina.core.ApplicationFilterChain.internalDoFilter(ApplicationFilterChain.java:174)
	at org.apache.catalina.core.ApplicationFilterChain.doFilter(ApplicationFilterChain.java:149)
	at org.springframework.web.filter.FormContentFilter.doFilterInternal(FormContentFilter.java:93)
	at org.springframework.web.filter.OncePerRequestFilter.doFilter(OncePerRequestFilter.java:116)
	at org.apache.catalina.core.ApplicationFilterChain.internalDoFilter(ApplicationFilterChain.java:174)
	at org.apache.catalina.core.ApplicationFilterChain.doFilter(ApplicationFilterChain.java:149)
	at org.springframework.web.filter.CharacterEncodingFilter.doFilterInternal(CharacterEncodingFilter.java:201)
	at org.springframework.web.filter.OncePerRequestFilter.doFilter(OncePerRequestFilter.java:116)
	at org.apache.catalina.core.ApplicationFilterChain.internalDoFilter(ApplicationFilterChain.java:174)
	at org.apache.catalina.core.ApplicationFilterChain.doFilter(ApplicationFilterChain.java:149)
	at org.apache.catalina.core.StandardWrapperValve.invoke(StandardWrapperValve.java:167)
	at org.apache.catalina.core.StandardContextValve.invoke(StandardContextValve.java:90)
	at org.apache.catalina.authenticator.AuthenticatorBase.invoke(AuthenticatorBase.java:482)
	at org.apache.catalina.core.StandardHostValve.invoke(StandardHostValve.java:115)
	at org.apache.catalina.valves.ErrorReportValve.invoke(ErrorReportValve.java:93)
	at org.apache.catalina.core.StandardEngineValve.invoke(StandardEngineValve.java:74)
	at org.apache.catalina.connector.CoyoteAdapter.service(CoyoteAdapter.java:341)
	at org.apache.coyote.http11.Http11Processor.service(Http11Processor.java:391)
	at org.apache.coyote.AbstractProcessorLight.process(AbstractProcessorLight.java:63)
	at org.apache.coyote.AbstractProtocol$ConnectionHandler.process(AbstractProtocol.java:894)
	at org.apache.tomcat.util.net.NioEndpoint$SocketProcessor.doRun(NioEndpoint.java:1740)
	at org.apache.tomcat.util.net.SocketProcessorBase.run(SocketProcessorBase.java:52)
	at org.apache.tomcat.util.threads.ThreadPoolExecutor.runWorker(ThreadPoolExecutor.java:1191)
	at org.apache.tomcat.util.threads.ThreadPoolExecutor$Worker.run(ThreadPoolExecutor.java:659)
	at org.apache.tomcat.util.threads.TaskThread$WrappingRunnable.run(TaskThread.java:61)
	at java.base/java.lang.Thread.run(Thread.java:833)
2025-02-14 19:29:22 [background-preinit] INFO  o.h.validator.internal.util.Version - HV000001: Hibernate Validator 7.0.0.Final
2025-02-14 19:29:22 [main] INFO  c.s.c.CampaignApiApplication - Starting CampaignApiApplication using Java 17.0.8.1 with PID 2480 (D:\project\camp-api\campaignapi\target\classes started by shibi in D:\project\camp-api\campaignapi)
2025-02-14 19:29:22 [main] INFO  c.s.c.CampaignApiApplication - No active profile set, falling back to 1 default profile: "default"
2025-02-14 19:29:22 [main] INFO  o.s.d.r.c.RepositoryConfigurationDelegate - Bootstrapping Spring Data JPA repositories in DEFAULT mode.
2025-02-14 19:29:22 [main] INFO  o.s.d.r.c.RepositoryConfigurationDelegate - Finished Spring Data repository scanning in 59 ms. Found 9 JPA repository interfaces.
2025-02-14 19:29:23 [main] INFO  o.s.b.w.e.tomcat.TomcatWebServer - Tomcat initialized with port(s): 8080 (http)
2025-02-14 19:29:23 [main] INFO  o.a.coyote.http11.Http11NioProtocol - Initializing ProtocolHandler ["http-nio-8080"]
2025-02-14 19:29:23 [main] INFO  o.a.catalina.core.StandardService - Starting service [Tomcat]
2025-02-14 19:29:23 [main] INFO  o.a.catalina.core.StandardEngine - Starting Servlet engine: [Apache Tomcat/10.1.13]
2025-02-14 19:29:23 [main] INFO  o.a.c.c.C.[.[localhost].[/api] - Initializing Spring embedded WebApplicationContext
2025-02-14 19:29:23 [main] INFO  o.s.b.w.s.c.ServletWebServerApplicationContext - Root WebApplicationContext: initialization completed in 1185 ms
2025-02-14 19:29:23 [main] INFO  o.h.jpa.internal.util.LogHelper - HHH000204: Processing PersistenceUnitInfo [name: default]
2025-02-14 19:29:23 [main] INFO  org.hibernate.Version - HHH000412: Hibernate ORM core version 6.2.9.Final
2025-02-14 19:29:23 [main] INFO  org.hibernate.cfg.Environment - HHH000406: Using bytecode reflection optimizer
2025-02-14 19:29:23 [main] INFO  o.h.b.i.BytecodeProviderInitiator - HHH000021: Bytecode provider name : bytebuddy
2025-02-14 19:29:23 [main] INFO  o.s.o.j.p.SpringPersistenceUnitInfo - No LoadTimeWeaver setup: ignoring JPA class transformer
2025-02-14 19:29:23 [main] INFO  com.zaxxer.hikari.HikariDataSource - HikariPool-1 - Starting...
2025-02-14 19:29:23 [main] INFO  com.zaxxer.hikari.pool.HikariPool - HikariPool-1 - Added connection com.mysql.cj.jdbc.ConnectionImpl@61c4cebd
2025-02-14 19:29:23 [main] INFO  com.zaxxer.hikari.HikariDataSource - HikariPool-1 - Start completed.
2025-02-14 19:29:24 [main] INFO  o.h.b.i.BytecodeProviderInitiator - HHH000021: Bytecode provider name : bytebuddy
2025-02-14 19:29:24 [main] INFO  o.h.e.t.j.p.i.JtaPlatformInitiator - HHH000490: Using JtaPlatform implementation: [org.hibernate.engine.transaction.jta.platform.internal.NoJtaPlatform]
2025-02-14 19:29:24 [main] INFO  o.s.o.j.LocalContainerEntityManagerFactoryBean - Initialized JPA EntityManagerFactory for persistence unit 'default'
2025-02-14 19:29:25 [main] INFO  c.s.c.config.FirebaseConfig - Firebase initialized successfully.
2025-02-14 19:29:25 [main] INFO  c.s.c.service.AuthenticationService - AuthenticationService initialized.
2025-02-14 19:29:25 [main] INFO  o.s.b.f.a.AutowiredAnnotationBeanPostProcessor - Autowired annotation is not supported on static fields: private static final org.slf4j.Logger com.shiel.campaignapi.service.BookingService.logger
2025-02-14 19:29:25 [main] INFO  org.quartz.impl.StdSchedulerFactory - Using default implementation for ThreadExecutor
2025-02-14 19:29:25 [main] INFO  o.quartz.core.SchedulerSignalerImpl - Initialized Scheduler Signaller of type: class org.quartz.core.SchedulerSignalerImpl
2025-02-14 19:29:25 [main] INFO  org.quartz.core.QuartzScheduler - Quartz Scheduler v.2.3.2 created.
2025-02-14 19:29:25 [main] INFO  org.quartz.simpl.RAMJobStore - RAMJobStore initialized.
2025-02-14 19:29:25 [main] INFO  org.quartz.core.QuartzScheduler - Scheduler meta-data: Quartz Scheduler (v2.3.2) 'MeetingScheduler' with instanceId 'NON_CLUSTERED'
  Scheduler class: 'org.quartz.core.QuartzScheduler' - running locally.
  NOT STARTED.
  Currently in standby mode.
  Number of jobs executed: 0
  Using thread pool 'org.quartz.simpl.SimpleThreadPool' - with 10 threads.
  Using job-store 'org.quartz.simpl.RAMJobStore' - which does not support persistence. and is not clustered.

2025-02-14 19:29:25 [main] INFO  org.quartz.impl.StdSchedulerFactory - Quartz scheduler 'MeetingScheduler' initialized from an externally provided properties instance.
2025-02-14 19:29:25 [main] INFO  org.quartz.impl.StdSchedulerFactory - Quartz scheduler version: 2.3.2
2025-02-14 19:29:25 [main] INFO  org.quartz.core.QuartzScheduler - JobFactory set to: org.springframework.scheduling.quartz.SpringBeanJobFactory@324ee3ca
2025-02-14 19:29:25 [main] INFO  o.s.s.web.DefaultSecurityFilterChain - Will secure any request with [org.springframework.security.web.session.DisableEncodeUrlFilter@7a7698f4, org.springframework.security.web.context.request.async.WebAsyncManagerIntegrationFilter@1150b923, org.springframework.security.web.context.SecurityContextHolderFilter@5e6b2641, org.springframework.security.web.header.HeaderWriterFilter@e50e308, org.springframework.security.web.authentication.logout.LogoutFilter@7701b695, com.shiel.campaignapi.config.JwtAuthenticationFilter@d91e8c7, org.springframework.security.web.savedrequest.RequestCacheAwareFilter@1ef585bb, org.springframework.security.web.servletapi.SecurityContextHolderAwareRequestFilter@24c94e95, org.springframework.security.web.authentication.AnonymousAuthenticationFilter@54c2cfc9, org.springframework.security.web.session.SessionManagementFilter@4ec78008, org.springframework.security.web.access.ExceptionTranslationFilter@51c7d472, org.springframework.security.web.access.intercept.AuthorizationFilter@5ed6a36a]
2025-02-14 19:29:25 [main] INFO  o.a.coyote.http11.Http11NioProtocol - Starting ProtocolHandler ["http-nio-8080"]
2025-02-14 19:29:25 [main] INFO  o.s.b.w.e.tomcat.TomcatWebServer - Tomcat started on port(s): 8080 (http) with context path '/api'
2025-02-14 19:29:25 [main] INFO  o.s.s.quartz.SchedulerFactoryBean - Starting Quartz Scheduler now
2025-02-14 19:29:25 [main] INFO  org.quartz.core.QuartzScheduler - Scheduler MeetingScheduler_$_NON_CLUSTERED started.
2025-02-14 19:29:25 [main] INFO  c.s.c.CampaignApiApplication - Started CampaignApiApplication in 4.174 seconds (process running for 4.815)
2025-02-14 19:29:29 [http-nio-8080-exec-2] INFO  o.a.c.c.C.[.[localhost].[/api] - Initializing Spring DispatcherServlet 'dispatcherServlet'
2025-02-14 19:29:29 [http-nio-8080-exec-2] INFO  o.s.web.servlet.DispatcherServlet - Initializing Servlet 'dispatcherServlet'
2025-02-14 19:29:29 [http-nio-8080-exec-2] INFO  o.s.web.servlet.DispatcherServlet - Completed initialization in 1 ms
2025-02-14 19:29:29 [http-nio-8080-exec-2] INFO  c.s.c.service.BookingService - Starting booking process for event ID: 1
2025-02-14 19:29:29 [http-nio-8080-exec-2] ERROR c.s.c.service.BookingService - Error saving booking: Father's age must be greater than the user's age
com.shiel.campaignapi.exception.BookingIllegalArgumentException: Father's age must be greater than the user's age
	at com.shiel.campaignapi.service.BookingService.saveBooking(BookingService.java:173)
	at java.base/jdk.internal.reflect.NativeMethodAccessorImpl.invoke0(Native Method)
	at java.base/jdk.internal.reflect.NativeMethodAccessorImpl.invoke(NativeMethodAccessorImpl.java:77)
	at java.base/jdk.internal.reflect.DelegatingMethodAccessorImpl.invoke(DelegatingMethodAccessorImpl.java:43)
	at java.base/java.lang.reflect.Method.invoke(Method.java:568)
	at org.springframework.aop.support.AopUtils.invokeJoinpointUsingReflection(AopUtils.java:343)
	at org.springframework.aop.framework.ReflectiveMethodInvocation.invokeJoinpoint(ReflectiveMethodInvocation.java:196)
	at org.springframework.aop.framework.ReflectiveMethodInvocation.proceed(ReflectiveMethodInvocation.java:163)
	at org.springframework.aop.framework.CglibAopProxy$CglibMethodInvocation.proceed(CglibAopProxy.java:751)
	at org.springframework.transaction.interceptor.TransactionInterceptor$1.proceedWithInvocation(TransactionInterceptor.java:123)
	at org.springframework.transaction.interceptor.TransactionAspectSupport.invokeWithinTransaction(TransactionAspectSupport.java:391)
	at org.springframework.transaction.interceptor.TransactionInterceptor.invoke(TransactionInterceptor.java:119)
	at org.springframework.aop.framework.ReflectiveMethodInvocation.proceed(ReflectiveMethodInvocation.java:184)
	at org.springframework.aop.framework.CglibAopProxy$CglibMethodInvocation.proceed(CglibAopProxy.java:751)
	at org.springframework.aop.framework.CglibAopProxy$DynamicAdvisedInterceptor.intercept(CglibAopProxy.java:703)
	at com.shiel.campaignapi.service.BookingService$$SpringCGLIB$$0.saveBooking(<generated>)
	at com.shiel.campaignapi.controller.BookingController.addBooking(BookingController.java:37)
	at java.base/jdk.internal.reflect.NativeMethodAccessorImpl.invoke0(Native Method)
	at java.base/jdk.internal.reflect.NativeMethodAccessorImpl.invoke(NativeMethodAccessorImpl.java:77)
	at java.base/jdk.internal.reflect.DelegatingMethodAccessorImpl.invoke(DelegatingMethodAccessorImpl.java:43)
	at java.base/java.lang.reflect.Method.invoke(Method.java:568)
	at org.springframework.web.method.support.InvocableHandlerMethod.doInvoke(InvocableHandlerMethod.java:205)
	at org.springframework.web.method.support.InvocableHandlerMethod.invokeForRequest(InvocableHandlerMethod.java:150)
	at org.springframework.web.servlet.mvc.method.annotation.ServletInvocableHandlerMethod.invokeAndHandle(ServletInvocableHandlerMethod.java:118)
	at org.springframework.web.servlet.mvc.method.annotation.RequestMappingHandlerAdapter.invokeHandlerMethod(RequestMappingHandlerAdapter.java:884)
	at org.springframework.web.servlet.mvc.method.annotation.RequestMappingHandlerAdapter.handleInternal(RequestMappingHandlerAdapter.java:797)
	at org.springframework.web.servlet.mvc.method.AbstractHandlerMethodAdapter.handle(AbstractHandlerMethodAdapter.java:87)
	at org.springframework.web.servlet.DispatcherServlet.doDispatch(DispatcherServlet.java:1081)
	at org.springframework.web.servlet.DispatcherServlet.doService(DispatcherServlet.java:974)
	at org.springframework.web.servlet.FrameworkServlet.processRequest(FrameworkServlet.java:1011)
	at org.springframework.web.servlet.FrameworkServlet.doPost(FrameworkServlet.java:914)
	at jakarta.servlet.http.HttpServlet.service(HttpServlet.java:590)
	at org.springframework.web.servlet.FrameworkServlet.service(FrameworkServlet.java:885)
	at jakarta.servlet.http.HttpServlet.service(HttpServlet.java:658)
	at org.apache.catalina.core.ApplicationFilterChain.internalDoFilter(ApplicationFilterChain.java:205)
	at org.apache.catalina.core.ApplicationFilterChain.doFilter(ApplicationFilterChain.java:149)
	at org.apache.tomcat.websocket.server.WsFilter.doFilter(WsFilter.java:51)
	at org.apache.catalina.core.ApplicationFilterChain.internalDoFilter(ApplicationFilterChain.java:174)
	at org.apache.catalina.core.ApplicationFilterChain.doFilter(ApplicationFilterChain.java:149)
	at org.springframework.web.filter.OncePerRequestFilter.doFilter(OncePerRequestFilter.java:110)
	at org.apache.catalina.core.ApplicationFilterChain.internalDoFilter(ApplicationFilterChain.java:174)
	at org.apache.catalina.core.ApplicationFilterChain.doFilter(ApplicationFilterChain.java:149)
	at org.springframework.security.web.FilterChainProxy.lambda$doFilterInternal$3(FilterChainProxy.java:231)
	at org.springframework.security.web.FilterChainProxy$VirtualFilterChain.doFilter(FilterChainProxy.java:365)
	at org.springframework.security.web.access.intercept.AuthorizationFilter.doFilter(AuthorizationFilter.java:100)
	at org.springframework.security.web.FilterChainProxy$VirtualFilterChain.doFilter(FilterChainProxy.java:374)
	at org.springframework.security.web.access.ExceptionTranslationFilter.doFilter(ExceptionTranslationFilter.java:126)
	at org.springframework.security.web.access.ExceptionTranslationFilter.doFilter(ExceptionTranslationFilter.java:120)
	at org.springframework.security.web.FilterChainProxy$VirtualFilterChain.doFilter(FilterChainProxy.java:374)
	at org.springframework.security.web.session.SessionManagementFilter.doFilter(SessionManagementFilter.java:131)
	at org.springframework.security.web.session.SessionManagementFilter.doFilter(SessionManagementFilter.java:85)
	at org.springframework.security.web.FilterChainProxy$VirtualFilterChain.doFilter(FilterChainProxy.java:374)
	at org.springframework.security.web.authentication.AnonymousAuthenticationFilter.doFilter(AnonymousAuthenticationFilter.java:100)
	at org.springframework.security.web.FilterChainProxy$VirtualFilterChain.doFilter(FilterChainProxy.java:374)
	at org.springframework.security.web.servletapi.SecurityContextHolderAwareRequestFilter.doFilter(SecurityContextHolderAwareRequestFilter.java:179)
	at org.springframework.security.web.FilterChainProxy$VirtualFilterChain.doFilter(FilterChainProxy.java:374)
	at org.springframework.security.web.savedrequest.RequestCacheAwareFilter.doFilter(RequestCacheAwareFilter.java:63)
	at org.springframework.security.web.FilterChainProxy$VirtualFilterChain.doFilter(FilterChainProxy.java:374)
	at com.shiel.campaignapi.config.JwtAuthenticationFilter.doFilterInternal(JwtAuthenticationFilter.java:91)
	at org.springframework.web.filter.OncePerRequestFilter.doFilter(OncePerRequestFilter.java:116)
	at org.springframework.security.web.FilterChainProxy$VirtualFilterChain.doFilter(FilterChainProxy.java:374)
	at org.springframework.security.web.authentication.logout.LogoutFilter.doFilter(LogoutFilter.java:107)
	at org.springframework.security.web.authentication.logout.LogoutFilter.doFilter(LogoutFilter.java:93)
	at org.springframework.security.web.FilterChainProxy$VirtualFilterChain.doFilter(FilterChainProxy.java:374)
	at org.springframework.security.web.header.HeaderWriterFilter.doHeadersAfter(HeaderWriterFilter.java:90)
	at org.springframework.security.web.header.HeaderWriterFilter.doFilterInternal(HeaderWriterFilter.java:75)
	at org.springframework.web.filter.OncePerRequestFilter.doFilter(OncePerRequestFilter.java:116)
	at org.springframework.security.web.FilterChainProxy$VirtualFilterChain.doFilter(FilterChainProxy.java:374)
	at org.springframework.security.web.context.SecurityContextHolderFilter.doFilter(SecurityContextHolderFilter.java:82)
	at org.springframework.security.web.context.SecurityContextHolderFilter.doFilter(SecurityContextHolderFilter.java:69)
	at org.springframework.security.web.FilterChainProxy$VirtualFilterChain.doFilter(FilterChainProxy.java:374)
	at org.springframework.security.web.context.request.async.WebAsyncManagerIntegrationFilter.doFilterInternal(WebAsyncManagerIntegrationFilter.java:62)
	at org.springframework.web.filter.OncePerRequestFilter.doFilter(OncePerRequestFilter.java:116)
	at org.springframework.security.web.FilterChainProxy$VirtualFilterChain.doFilter(FilterChainProxy.java:374)
	at org.springframework.security.web.session.DisableEncodeUrlFilter.doFilterInternal(DisableEncodeUrlFilter.java:42)
	at org.springframework.web.filter.OncePerRequestFilter.doFilter(OncePerRequestFilter.java:116)
	at org.springframework.security.web.FilterChainProxy$VirtualFilterChain.doFilter(FilterChainProxy.java:374)
	at org.springframework.security.web.FilterChainProxy.doFilterInternal(FilterChainProxy.java:233)
	at org.springframework.security.web.FilterChainProxy.doFilter(FilterChainProxy.java:191)
	at org.springframework.web.filter.DelegatingFilterProxy.invokeDelegate(DelegatingFilterProxy.java:352)
	at org.springframework.web.filter.DelegatingFilterProxy.doFilter(DelegatingFilterProxy.java:268)
	at org.apache.catalina.core.ApplicationFilterChain.internalDoFilter(ApplicationFilterChain.java:174)
	at org.apache.catalina.core.ApplicationFilterChain.doFilter(ApplicationFilterChain.java:149)
	at org.springframework.web.filter.RequestContextFilter.doFilterInternal(RequestContextFilter.java:100)
	at org.springframework.web.filter.OncePerRequestFilter.doFilter(OncePerRequestFilter.java:116)
	at org.apache.catalina.core.ApplicationFilterChain.internalDoFilter(ApplicationFilterChain.java:174)
	at org.apache.catalina.core.ApplicationFilterChain.doFilter(ApplicationFilterChain.java:149)
	at org.springframework.web.filter.FormContentFilter.doFilterInternal(FormContentFilter.java:93)
	at org.springframework.web.filter.OncePerRequestFilter.doFilter(OncePerRequestFilter.java:116)
	at org.apache.catalina.core.ApplicationFilterChain.internalDoFilter(ApplicationFilterChain.java:174)
	at org.apache.catalina.core.ApplicationFilterChain.doFilter(ApplicationFilterChain.java:149)
	at org.springframework.web.filter.CharacterEncodingFilter.doFilterInternal(CharacterEncodingFilter.java:201)
	at org.springframework.web.filter.OncePerRequestFilter.doFilter(OncePerRequestFilter.java:116)
	at org.apache.catalina.core.ApplicationFilterChain.internalDoFilter(ApplicationFilterChain.java:174)
	at org.apache.catalina.core.ApplicationFilterChain.doFilter(ApplicationFilterChain.java:149)
	at org.apache.catalina.core.StandardWrapperValve.invoke(StandardWrapperValve.java:167)
	at org.apache.catalina.core.StandardContextValve.invoke(StandardContextValve.java:90)
	at org.apache.catalina.authenticator.AuthenticatorBase.invoke(AuthenticatorBase.java:482)
	at org.apache.catalina.core.StandardHostValve.invoke(StandardHostValve.java:115)
	at org.apache.catalina.valves.ErrorReportValve.invoke(ErrorReportValve.java:93)
	at org.apache.catalina.core.StandardEngineValve.invoke(StandardEngineValve.java:74)
	at org.apache.catalina.connector.CoyoteAdapter.service(CoyoteAdapter.java:341)
	at org.apache.coyote.http11.Http11Processor.service(Http11Processor.java:391)
	at org.apache.coyote.AbstractProcessorLight.process(AbstractProcessorLight.java:63)
	at org.apache.coyote.AbstractProtocol$ConnectionHandler.process(AbstractProtocol.java:894)
	at org.apache.tomcat.util.net.NioEndpoint$SocketProcessor.doRun(NioEndpoint.java:1740)
	at org.apache.tomcat.util.net.SocketProcessorBase.run(SocketProcessorBase.java:52)
	at org.apache.tomcat.util.threads.ThreadPoolExecutor.runWorker(ThreadPoolExecutor.java:1191)
	at org.apache.tomcat.util.threads.ThreadPoolExecutor$Worker.run(ThreadPoolExecutor.java:659)
	at org.apache.tomcat.util.threads.TaskThread$WrappingRunnable.run(TaskThread.java:61)
	at java.base/java.lang.Thread.run(Thread.java:833)
2025-02-14 19:33:12 [background-preinit] INFO  o.h.validator.internal.util.Version - HV000001: Hibernate Validator 7.0.0.Final
2025-02-14 19:33:12 [main] INFO  c.s.c.CampaignApiApplication - Starting CampaignApiApplication using Java 17.0.8.1 with PID 10520 (D:\project\camp-api\campaignapi\target\classes started by shibi in D:\project\camp-api\campaignapi)
2025-02-14 19:33:12 [main] INFO  c.s.c.CampaignApiApplication - No active profile set, falling back to 1 default profile: "default"
2025-02-14 19:33:12 [main] INFO  o.s.d.r.c.RepositoryConfigurationDelegate - Bootstrapping Spring Data JPA repositories in DEFAULT mode.
2025-02-14 19:33:12 [main] INFO  o.s.d.r.c.RepositoryConfigurationDelegate - Finished Spring Data repository scanning in 59 ms. Found 9 JPA repository interfaces.
2025-02-14 19:33:13 [main] INFO  o.s.b.w.e.tomcat.TomcatWebServer - Tomcat initialized with port(s): 8080 (http)
2025-02-14 19:33:13 [main] INFO  o.a.coyote.http11.Http11NioProtocol - Initializing ProtocolHandler ["http-nio-8080"]
2025-02-14 19:33:13 [main] INFO  o.a.catalina.core.StandardService - Starting service [Tomcat]
2025-02-14 19:33:13 [main] INFO  o.a.catalina.core.StandardEngine - Starting Servlet engine: [Apache Tomcat/10.1.13]
2025-02-14 19:33:13 [main] INFO  o.a.c.c.C.[.[localhost].[/api] - Initializing Spring embedded WebApplicationContext
2025-02-14 19:33:13 [main] INFO  o.s.b.w.s.c.ServletWebServerApplicationContext - Root WebApplicationContext: initialization completed in 1158 ms
2025-02-14 19:33:13 [main] INFO  o.h.jpa.internal.util.LogHelper - HHH000204: Processing PersistenceUnitInfo [name: default]
2025-02-14 19:33:13 [main] INFO  org.hibernate.Version - HHH000412: Hibernate ORM core version 6.2.9.Final
2025-02-14 19:33:13 [main] INFO  org.hibernate.cfg.Environment - HHH000406: Using bytecode reflection optimizer
2025-02-14 19:33:13 [main] INFO  o.h.b.i.BytecodeProviderInitiator - HHH000021: Bytecode provider name : bytebuddy
2025-02-14 19:33:13 [main] INFO  o.s.o.j.p.SpringPersistenceUnitInfo - No LoadTimeWeaver setup: ignoring JPA class transformer
2025-02-14 19:33:13 [main] INFO  com.zaxxer.hikari.HikariDataSource - HikariPool-1 - Starting...
2025-02-14 19:33:13 [main] INFO  com.zaxxer.hikari.pool.HikariPool - HikariPool-1 - Added connection com.mysql.cj.jdbc.ConnectionImpl@716ae973
2025-02-14 19:33:13 [main] INFO  com.zaxxer.hikari.HikariDataSource - HikariPool-1 - Start completed.
2025-02-14 19:33:14 [main] INFO  o.h.b.i.BytecodeProviderInitiator - HHH000021: Bytecode provider name : bytebuddy
2025-02-14 19:33:14 [main] INFO  o.h.e.t.j.p.i.JtaPlatformInitiator - HHH000490: Using JtaPlatform implementation: [org.hibernate.engine.transaction.jta.platform.internal.NoJtaPlatform]
2025-02-14 19:33:14 [main] INFO  o.s.o.j.LocalContainerEntityManagerFactoryBean - Initialized JPA EntityManagerFactory for persistence unit 'default'
2025-02-14 19:33:15 [main] INFO  c.s.c.config.FirebaseConfig - Firebase initialized successfully.
2025-02-14 19:33:15 [main] INFO  c.s.c.service.AuthenticationService - AuthenticationService initialized.
2025-02-14 19:33:15 [main] INFO  o.s.b.f.a.AutowiredAnnotationBeanPostProcessor - Autowired annotation is not supported on static fields: private static final org.slf4j.Logger com.shiel.campaignapi.service.BookingService.logger
2025-02-14 19:33:15 [main] INFO  org.quartz.impl.StdSchedulerFactory - Using default implementation for ThreadExecutor
2025-02-14 19:33:15 [main] INFO  o.quartz.core.SchedulerSignalerImpl - Initialized Scheduler Signaller of type: class org.quartz.core.SchedulerSignalerImpl
2025-02-14 19:33:15 [main] INFO  org.quartz.core.QuartzScheduler - Quartz Scheduler v.2.3.2 created.
2025-02-14 19:33:15 [main] INFO  org.quartz.simpl.RAMJobStore - RAMJobStore initialized.
2025-02-14 19:33:15 [main] INFO  org.quartz.core.QuartzScheduler - Scheduler meta-data: Quartz Scheduler (v2.3.2) 'MeetingScheduler' with instanceId 'NON_CLUSTERED'
  Scheduler class: 'org.quartz.core.QuartzScheduler' - running locally.
  NOT STARTED.
  Currently in standby mode.
  Number of jobs executed: 0
  Using thread pool 'org.quartz.simpl.SimpleThreadPool' - with 10 threads.
  Using job-store 'org.quartz.simpl.RAMJobStore' - which does not support persistence. and is not clustered.

2025-02-14 19:33:15 [main] INFO  org.quartz.impl.StdSchedulerFactory - Quartz scheduler 'MeetingScheduler' initialized from an externally provided properties instance.
2025-02-14 19:33:15 [main] INFO  org.quartz.impl.StdSchedulerFactory - Quartz scheduler version: 2.3.2
2025-02-14 19:33:15 [main] INFO  org.quartz.core.QuartzScheduler - JobFactory set to: org.springframework.scheduling.quartz.SpringBeanJobFactory@7b186fb8
2025-02-14 19:33:15 [main] INFO  o.s.s.web.DefaultSecurityFilterChain - Will secure any request with [org.springframework.security.web.session.DisableEncodeUrlFilter@54c2cfc9, org.springframework.security.web.context.request.async.WebAsyncManagerIntegrationFilter@3d9dc84d, org.springframework.security.web.context.SecurityContextHolderFilter@1ef585bb, org.springframework.security.web.header.HeaderWriterFilter@47a05ad8, org.springframework.security.web.authentication.logout.LogoutFilter@73b63917, com.shiel.campaignapi.config.JwtAuthenticationFilter@66011fbc, org.springframework.security.web.savedrequest.RequestCacheAwareFilter@4bf2c697, org.springframework.security.web.servletapi.SecurityContextHolderAwareRequestFilter@5014ccf9, org.springframework.security.web.authentication.AnonymousAuthenticationFilter@73625632, org.springframework.security.web.session.SessionManagementFilter@64e6cdad, org.springframework.security.web.access.ExceptionTranslationFilter@e50e308, org.springframework.security.web.access.intercept.AuthorizationFilter@35ab83a7]
2025-02-14 19:33:15 [main] INFO  o.a.coyote.http11.Http11NioProtocol - Starting ProtocolHandler ["http-nio-8080"]
2025-02-14 19:33:16 [main] INFO  o.s.b.w.e.tomcat.TomcatWebServer - Tomcat started on port(s): 8080 (http) with context path '/api'
2025-02-14 19:33:16 [main] INFO  o.s.s.quartz.SchedulerFactoryBean - Starting Quartz Scheduler now
2025-02-14 19:33:16 [main] INFO  org.quartz.core.QuartzScheduler - Scheduler MeetingScheduler_$_NON_CLUSTERED started.
2025-02-14 19:33:16 [main] INFO  c.s.c.CampaignApiApplication - Started CampaignApiApplication in 4.163 seconds (process running for 4.805)
2025-02-14 19:33:21 [http-nio-8080-exec-2] INFO  o.a.c.c.C.[.[localhost].[/api] - Initializing Spring DispatcherServlet 'dispatcherServlet'
2025-02-14 19:33:21 [http-nio-8080-exec-2] INFO  o.s.web.servlet.DispatcherServlet - Initializing Servlet 'dispatcherServlet'
2025-02-14 19:33:21 [http-nio-8080-exec-2] INFO  o.s.web.servlet.DispatcherServlet - Completed initialization in 1 ms
2025-02-14 19:33:21 [http-nio-8080-exec-2] INFO  c.s.c.service.BookingService - Starting booking process for event ID: 1
2025-02-14 19:33:21 [http-nio-8080-exec-2] ERROR c.s.c.service.BookingService - Error saving booking: Father's age must be greater than the user's age
com.shiel.campaignapi.exception.BookingIllegalArgument: Father's age must be greater than the user's age
	at com.shiel.campaignapi.service.BookingService.saveBooking(BookingService.java:173)
	at java.base/jdk.internal.reflect.NativeMethodAccessorImpl.invoke0(Native Method)
	at java.base/jdk.internal.reflect.NativeMethodAccessorImpl.invoke(NativeMethodAccessorImpl.java:77)
	at java.base/jdk.internal.reflect.DelegatingMethodAccessorImpl.invoke(DelegatingMethodAccessorImpl.java:43)
	at java.base/java.lang.reflect.Method.invoke(Method.java:568)
	at org.springframework.aop.support.AopUtils.invokeJoinpointUsingReflection(AopUtils.java:343)
	at org.springframework.aop.framework.ReflectiveMethodInvocation.invokeJoinpoint(ReflectiveMethodInvocation.java:196)
	at org.springframework.aop.framework.ReflectiveMethodInvocation.proceed(ReflectiveMethodInvocation.java:163)
	at org.springframework.aop.framework.CglibAopProxy$CglibMethodInvocation.proceed(CglibAopProxy.java:751)
	at org.springframework.transaction.interceptor.TransactionInterceptor$1.proceedWithInvocation(TransactionInterceptor.java:123)
	at org.springframework.transaction.interceptor.TransactionAspectSupport.invokeWithinTransaction(TransactionAspectSupport.java:391)
	at org.springframework.transaction.interceptor.TransactionInterceptor.invoke(TransactionInterceptor.java:119)
	at org.springframework.aop.framework.ReflectiveMethodInvocation.proceed(ReflectiveMethodInvocation.java:184)
	at org.springframework.aop.framework.CglibAopProxy$CglibMethodInvocation.proceed(CglibAopProxy.java:751)
	at org.springframework.aop.framework.CglibAopProxy$DynamicAdvisedInterceptor.intercept(CglibAopProxy.java:703)
	at com.shiel.campaignapi.service.BookingService$$SpringCGLIB$$0.saveBooking(<generated>)
	at com.shiel.campaignapi.controller.BookingController.addBooking(BookingController.java:37)
	at java.base/jdk.internal.reflect.NativeMethodAccessorImpl.invoke0(Native Method)
	at java.base/jdk.internal.reflect.NativeMethodAccessorImpl.invoke(NativeMethodAccessorImpl.java:77)
	at java.base/jdk.internal.reflect.DelegatingMethodAccessorImpl.invoke(DelegatingMethodAccessorImpl.java:43)
	at java.base/java.lang.reflect.Method.invoke(Method.java:568)
	at org.springframework.web.method.support.InvocableHandlerMethod.doInvoke(InvocableHandlerMethod.java:205)
	at org.springframework.web.method.support.InvocableHandlerMethod.invokeForRequest(InvocableHandlerMethod.java:150)
	at org.springframework.web.servlet.mvc.method.annotation.ServletInvocableHandlerMethod.invokeAndHandle(ServletInvocableHandlerMethod.java:118)
	at org.springframework.web.servlet.mvc.method.annotation.RequestMappingHandlerAdapter.invokeHandlerMethod(RequestMappingHandlerAdapter.java:884)
	at org.springframework.web.servlet.mvc.method.annotation.RequestMappingHandlerAdapter.handleInternal(RequestMappingHandlerAdapter.java:797)
	at org.springframework.web.servlet.mvc.method.AbstractHandlerMethodAdapter.handle(AbstractHandlerMethodAdapter.java:87)
	at org.springframework.web.servlet.DispatcherServlet.doDispatch(DispatcherServlet.java:1081)
	at org.springframework.web.servlet.DispatcherServlet.doService(DispatcherServlet.java:974)
	at org.springframework.web.servlet.FrameworkServlet.processRequest(FrameworkServlet.java:1011)
	at org.springframework.web.servlet.FrameworkServlet.doPost(FrameworkServlet.java:914)
	at jakarta.servlet.http.HttpServlet.service(HttpServlet.java:590)
	at org.springframework.web.servlet.FrameworkServlet.service(FrameworkServlet.java:885)
	at jakarta.servlet.http.HttpServlet.service(HttpServlet.java:658)
	at org.apache.catalina.core.ApplicationFilterChain.internalDoFilter(ApplicationFilterChain.java:205)
	at org.apache.catalina.core.ApplicationFilterChain.doFilter(ApplicationFilterChain.java:149)
	at org.apache.tomcat.websocket.server.WsFilter.doFilter(WsFilter.java:51)
	at org.apache.catalina.core.ApplicationFilterChain.internalDoFilter(ApplicationFilterChain.java:174)
	at org.apache.catalina.core.ApplicationFilterChain.doFilter(ApplicationFilterChain.java:149)
	at org.springframework.web.filter.OncePerRequestFilter.doFilter(OncePerRequestFilter.java:110)
	at org.apache.catalina.core.ApplicationFilterChain.internalDoFilter(ApplicationFilterChain.java:174)
	at org.apache.catalina.core.ApplicationFilterChain.doFilter(ApplicationFilterChain.java:149)
	at org.springframework.security.web.FilterChainProxy.lambda$doFilterInternal$3(FilterChainProxy.java:231)
	at org.springframework.security.web.FilterChainProxy$VirtualFilterChain.doFilter(FilterChainProxy.java:365)
	at org.springframework.security.web.access.intercept.AuthorizationFilter.doFilter(AuthorizationFilter.java:100)
	at org.springframework.security.web.FilterChainProxy$VirtualFilterChain.doFilter(FilterChainProxy.java:374)
	at org.springframework.security.web.access.ExceptionTranslationFilter.doFilter(ExceptionTranslationFilter.java:126)
	at org.springframework.security.web.access.ExceptionTranslationFilter.doFilter(ExceptionTranslationFilter.java:120)
	at org.springframework.security.web.FilterChainProxy$VirtualFilterChain.doFilter(FilterChainProxy.java:374)
	at org.springframework.security.web.session.SessionManagementFilter.doFilter(SessionManagementFilter.java:131)
	at org.springframework.security.web.session.SessionManagementFilter.doFilter(SessionManagementFilter.java:85)
	at org.springframework.security.web.FilterChainProxy$VirtualFilterChain.doFilter(FilterChainProxy.java:374)
	at org.springframework.security.web.authentication.AnonymousAuthenticationFilter.doFilter(AnonymousAuthenticationFilter.java:100)
	at org.springframework.security.web.FilterChainProxy$VirtualFilterChain.doFilter(FilterChainProxy.java:374)
	at org.springframework.security.web.servletapi.SecurityContextHolderAwareRequestFilter.doFilter(SecurityContextHolderAwareRequestFilter.java:179)
	at org.springframework.security.web.FilterChainProxy$VirtualFilterChain.doFilter(FilterChainProxy.java:374)
	at org.springframework.security.web.savedrequest.RequestCacheAwareFilter.doFilter(RequestCacheAwareFilter.java:63)
	at org.springframework.security.web.FilterChainProxy$VirtualFilterChain.doFilter(FilterChainProxy.java:374)
	at com.shiel.campaignapi.config.JwtAuthenticationFilter.doFilterInternal(JwtAuthenticationFilter.java:91)
	at org.springframework.web.filter.OncePerRequestFilter.doFilter(OncePerRequestFilter.java:116)
	at org.springframework.security.web.FilterChainProxy$VirtualFilterChain.doFilter(FilterChainProxy.java:374)
	at org.springframework.security.web.authentication.logout.LogoutFilter.doFilter(LogoutFilter.java:107)
	at org.springframework.security.web.authentication.logout.LogoutFilter.doFilter(LogoutFilter.java:93)
	at org.springframework.security.web.FilterChainProxy$VirtualFilterChain.doFilter(FilterChainProxy.java:374)
	at org.springframework.security.web.header.HeaderWriterFilter.doHeadersAfter(HeaderWriterFilter.java:90)
	at org.springframework.security.web.header.HeaderWriterFilter.doFilterInternal(HeaderWriterFilter.java:75)
	at org.springframework.web.filter.OncePerRequestFilter.doFilter(OncePerRequestFilter.java:116)
	at org.springframework.security.web.FilterChainProxy$VirtualFilterChain.doFilter(FilterChainProxy.java:374)
	at org.springframework.security.web.context.SecurityContextHolderFilter.doFilter(SecurityContextHolderFilter.java:82)
	at org.springframework.security.web.context.SecurityContextHolderFilter.doFilter(SecurityContextHolderFilter.java:69)
	at org.springframework.security.web.FilterChainProxy$VirtualFilterChain.doFilter(FilterChainProxy.java:374)
	at org.springframework.security.web.context.request.async.WebAsyncManagerIntegrationFilter.doFilterInternal(WebAsyncManagerIntegrationFilter.java:62)
	at org.springframework.web.filter.OncePerRequestFilter.doFilter(OncePerRequestFilter.java:116)
	at org.springframework.security.web.FilterChainProxy$VirtualFilterChain.doFilter(FilterChainProxy.java:374)
	at org.springframework.security.web.session.DisableEncodeUrlFilter.doFilterInternal(DisableEncodeUrlFilter.java:42)
	at org.springframework.web.filter.OncePerRequestFilter.doFilter(OncePerRequestFilter.java:116)
	at org.springframework.security.web.FilterChainProxy$VirtualFilterChain.doFilter(FilterChainProxy.java:374)
	at org.springframework.security.web.FilterChainProxy.doFilterInternal(FilterChainProxy.java:233)
	at org.springframework.security.web.FilterChainProxy.doFilter(FilterChainProxy.java:191)
	at org.springframework.web.filter.DelegatingFilterProxy.invokeDelegate(DelegatingFilterProxy.java:352)
	at org.springframework.web.filter.DelegatingFilterProxy.doFilter(DelegatingFilterProxy.java:268)
	at org.apache.catalina.core.ApplicationFilterChain.internalDoFilter(ApplicationFilterChain.java:174)
	at org.apache.catalina.core.ApplicationFilterChain.doFilter(ApplicationFilterChain.java:149)
	at org.springframework.web.filter.RequestContextFilter.doFilterInternal(RequestContextFilter.java:100)
	at org.springframework.web.filter.OncePerRequestFilter.doFilter(OncePerRequestFilter.java:116)
	at org.apache.catalina.core.ApplicationFilterChain.internalDoFilter(ApplicationFilterChain.java:174)
	at org.apache.catalina.core.ApplicationFilterChain.doFilter(ApplicationFilterChain.java:149)
	at org.springframework.web.filter.FormContentFilter.doFilterInternal(FormContentFilter.java:93)
	at org.springframework.web.filter.OncePerRequestFilter.doFilter(OncePerRequestFilter.java:116)
	at org.apache.catalina.core.ApplicationFilterChain.internalDoFilter(ApplicationFilterChain.java:174)
	at org.apache.catalina.core.ApplicationFilterChain.doFilter(ApplicationFilterChain.java:149)
	at org.springframework.web.filter.CharacterEncodingFilter.doFilterInternal(CharacterEncodingFilter.java:201)
	at org.springframework.web.filter.OncePerRequestFilter.doFilter(OncePerRequestFilter.java:116)
	at org.apache.catalina.core.ApplicationFilterChain.internalDoFilter(ApplicationFilterChain.java:174)
	at org.apache.catalina.core.ApplicationFilterChain.doFilter(ApplicationFilterChain.java:149)
	at org.apache.catalina.core.StandardWrapperValve.invoke(StandardWrapperValve.java:167)
	at org.apache.catalina.core.StandardContextValve.invoke(StandardContextValve.java:90)
	at org.apache.catalina.authenticator.AuthenticatorBase.invoke(AuthenticatorBase.java:482)
	at org.apache.catalina.core.StandardHostValve.invoke(StandardHostValve.java:115)
	at org.apache.catalina.valves.ErrorReportValve.invoke(ErrorReportValve.java:93)
	at org.apache.catalina.core.StandardEngineValve.invoke(StandardEngineValve.java:74)
	at org.apache.catalina.connector.CoyoteAdapter.service(CoyoteAdapter.java:341)
	at org.apache.coyote.http11.Http11Processor.service(Http11Processor.java:391)
	at org.apache.coyote.AbstractProcessorLight.process(AbstractProcessorLight.java:63)
	at org.apache.coyote.AbstractProtocol$ConnectionHandler.process(AbstractProtocol.java:894)
	at org.apache.tomcat.util.net.NioEndpoint$SocketProcessor.doRun(NioEndpoint.java:1740)
	at org.apache.tomcat.util.net.SocketProcessorBase.run(SocketProcessorBase.java:52)
	at org.apache.tomcat.util.threads.ThreadPoolExecutor.runWorker(ThreadPoolExecutor.java:1191)
	at org.apache.tomcat.util.threads.ThreadPoolExecutor$Worker.run(ThreadPoolExecutor.java:659)
	at org.apache.tomcat.util.threads.TaskThread$WrappingRunnable.run(TaskThread.java:61)
	at java.base/java.lang.Thread.run(Thread.java:833)
2025-02-14 19:37:13 [background-preinit] INFO  o.h.validator.internal.util.Version - HV000001: Hibernate Validator 7.0.0.Final
2025-02-14 19:37:13 [main] INFO  c.s.c.CampaignApiApplication - Starting CampaignApiApplication using Java 17.0.8.1 with PID 19004 (D:\project\camp-api\campaignapi\target\classes started by shibi in D:\project\camp-api\campaignapi)
2025-02-14 19:37:13 [main] INFO  c.s.c.CampaignApiApplication - No active profile set, falling back to 1 default profile: "default"
2025-02-14 19:37:14 [main] INFO  o.s.d.r.c.RepositoryConfigurationDelegate - Bootstrapping Spring Data JPA repositories in DEFAULT mode.
2025-02-14 19:37:14 [main] INFO  o.s.d.r.c.RepositoryConfigurationDelegate - Finished Spring Data repository scanning in 58 ms. Found 9 JPA repository interfaces.
2025-02-14 19:37:14 [main] INFO  o.s.b.w.e.tomcat.TomcatWebServer - Tomcat initialized with port(s): 8080 (http)
2025-02-14 19:37:14 [main] INFO  o.a.coyote.http11.Http11NioProtocol - Initializing ProtocolHandler ["http-nio-8080"]
2025-02-14 19:37:14 [main] INFO  o.a.catalina.core.StandardService - Starting service [Tomcat]
2025-02-14 19:37:14 [main] INFO  o.a.catalina.core.StandardEngine - Starting Servlet engine: [Apache Tomcat/10.1.13]
2025-02-14 19:37:14 [main] INFO  o.a.c.c.C.[.[localhost].[/api] - Initializing Spring embedded WebApplicationContext
2025-02-14 19:37:14 [main] INFO  o.s.b.w.s.c.ServletWebServerApplicationContext - Root WebApplicationContext: initialization completed in 1149 ms
2025-02-14 19:37:15 [main] INFO  o.h.jpa.internal.util.LogHelper - HHH000204: Processing PersistenceUnitInfo [name: default]
2025-02-14 19:37:15 [main] INFO  org.hibernate.Version - HHH000412: Hibernate ORM core version 6.2.9.Final
2025-02-14 19:37:15 [main] INFO  org.hibernate.cfg.Environment - HHH000406: Using bytecode reflection optimizer
2025-02-14 19:37:15 [main] INFO  o.h.b.i.BytecodeProviderInitiator - HHH000021: Bytecode provider name : bytebuddy
2025-02-14 19:37:15 [main] INFO  o.s.o.j.p.SpringPersistenceUnitInfo - No LoadTimeWeaver setup: ignoring JPA class transformer
2025-02-14 19:37:15 [main] INFO  com.zaxxer.hikari.HikariDataSource - HikariPool-1 - Starting...
2025-02-14 19:37:15 [main] INFO  com.zaxxer.hikari.pool.HikariPool - HikariPool-1 - Added connection com.mysql.cj.jdbc.ConnectionImpl@38cb1606
2025-02-14 19:37:15 [main] INFO  com.zaxxer.hikari.HikariDataSource - HikariPool-1 - Start completed.
2025-02-14 19:37:15 [main] INFO  o.h.b.i.BytecodeProviderInitiator - HHH000021: Bytecode provider name : bytebuddy
2025-02-14 19:37:16 [main] INFO  o.h.e.t.j.p.i.JtaPlatformInitiator - HHH000490: Using JtaPlatform implementation: [org.hibernate.engine.transaction.jta.platform.internal.NoJtaPlatform]
2025-02-14 19:37:16 [main] INFO  o.s.o.j.LocalContainerEntityManagerFactoryBean - Initialized JPA EntityManagerFactory for persistence unit 'default'
2025-02-14 19:37:16 [main] INFO  c.s.c.config.FirebaseConfig - Firebase initialized successfully.
2025-02-14 19:37:17 [main] INFO  c.s.c.service.AuthenticationService - AuthenticationService initialized.
2025-02-14 19:37:17 [main] INFO  o.s.b.f.a.AutowiredAnnotationBeanPostProcessor - Autowired annotation is not supported on static fields: private static final org.slf4j.Logger com.shiel.campaignapi.service.BookingService.logger
2025-02-14 19:37:17 [main] INFO  org.quartz.impl.StdSchedulerFactory - Using default implementation for ThreadExecutor
2025-02-14 19:37:17 [main] INFO  o.quartz.core.SchedulerSignalerImpl - Initialized Scheduler Signaller of type: class org.quartz.core.SchedulerSignalerImpl
2025-02-14 19:37:17 [main] INFO  org.quartz.core.QuartzScheduler - Quartz Scheduler v.2.3.2 created.
2025-02-14 19:37:17 [main] INFO  org.quartz.simpl.RAMJobStore - RAMJobStore initialized.
2025-02-14 19:37:17 [main] INFO  org.quartz.core.QuartzScheduler - Scheduler meta-data: Quartz Scheduler (v2.3.2) 'MeetingScheduler' with instanceId 'NON_CLUSTERED'
  Scheduler class: 'org.quartz.core.QuartzScheduler' - running locally.
  NOT STARTED.
  Currently in standby mode.
  Number of jobs executed: 0
  Using thread pool 'org.quartz.simpl.SimpleThreadPool' - with 10 threads.
  Using job-store 'org.quartz.simpl.RAMJobStore' - which does not support persistence. and is not clustered.

2025-02-14 19:37:17 [main] INFO  org.quartz.impl.StdSchedulerFactory - Quartz scheduler 'MeetingScheduler' initialized from an externally provided properties instance.
2025-02-14 19:37:17 [main] INFO  org.quartz.impl.StdSchedulerFactory - Quartz scheduler version: 2.3.2
2025-02-14 19:37:17 [main] INFO  org.quartz.core.QuartzScheduler - JobFactory set to: org.springframework.scheduling.quartz.SpringBeanJobFactory@7e474bd
2025-02-14 19:37:17 [main] INFO  o.s.s.web.DefaultSecurityFilterChain - Will secure any request with [org.springframework.security.web.session.DisableEncodeUrlFilter@35ab83a7, org.springframework.security.web.context.request.async.WebAsyncManagerIntegrationFilter@7a7698f4, org.springframework.security.web.context.SecurityContextHolderFilter@64e6cdad, org.springframework.security.web.header.HeaderWriterFilter@3aa4d595, org.springframework.security.web.authentication.logout.LogoutFilter@d1b9dd7, com.shiel.campaignapi.config.JwtAuthenticationFilter@3985175e, org.springframework.security.web.savedrequest.RequestCacheAwareFilter@2c5e2a44, org.springframework.security.web.servletapi.SecurityContextHolderAwareRequestFilter@16a3d9a7, org.springframework.security.web.authentication.AnonymousAuthenticationFilter@1150b923, org.springframework.security.web.session.SessionManagementFilter@283240b0, org.springframework.security.web.access.ExceptionTranslationFilter@729a98e9, org.springframework.security.web.access.intercept.AuthorizationFilter@5295779]
2025-02-14 19:37:17 [main] INFO  o.a.coyote.http11.Http11NioProtocol - Starting ProtocolHandler ["http-nio-8080"]
2025-02-14 19:37:17 [main] INFO  o.s.b.w.e.tomcat.TomcatWebServer - Tomcat started on port(s): 8080 (http) with context path '/api'
2025-02-14 19:37:17 [main] INFO  o.s.s.quartz.SchedulerFactoryBean - Starting Quartz Scheduler now
2025-02-14 19:37:17 [main] INFO  org.quartz.core.QuartzScheduler - Scheduler MeetingScheduler_$_NON_CLUSTERED started.
2025-02-14 19:37:17 [main] INFO  c.s.c.CampaignApiApplication - Started CampaignApiApplication in 4.261 seconds (process running for 4.907)
2025-02-14 19:37:33 [http-nio-8080-exec-2] INFO  o.a.c.c.C.[.[localhost].[/api] - Initializing Spring DispatcherServlet 'dispatcherServlet'
2025-02-14 19:37:33 [http-nio-8080-exec-2] INFO  o.s.web.servlet.DispatcherServlet - Initializing Servlet 'dispatcherServlet'
2025-02-14 19:37:33 [http-nio-8080-exec-2] INFO  o.s.web.servlet.DispatcherServlet - Completed initialization in 1 ms
2025-02-14 19:37:33 [http-nio-8080-exec-2] INFO  c.s.c.service.AuthenticationService - Attempting authentication for identifier: 9480044871
2025-02-14 19:37:45 [background-preinit] INFO  o.h.validator.internal.util.Version - HV000001: Hibernate Validator 7.0.0.Final
2025-02-14 19:37:45 [main] INFO  c.s.c.CampaignApiApplication - Starting CampaignApiApplication using Java 17.0.8.1 with PID 12696 (D:\project\camp-api\campaignapi\target\classes started by shibi in D:\project\camp-api\campaignapi)
2025-02-14 19:37:45 [main] INFO  c.s.c.CampaignApiApplication - No active profile set, falling back to 1 default profile: "default"
2025-02-14 19:37:46 [main] INFO  o.s.d.r.c.RepositoryConfigurationDelegate - Bootstrapping Spring Data JPA repositories in DEFAULT mode.
2025-02-14 19:37:46 [main] INFO  o.s.d.r.c.RepositoryConfigurationDelegate - Finished Spring Data repository scanning in 72 ms. Found 9 JPA repository interfaces.
2025-02-14 19:37:47 [main] INFO  o.s.b.w.e.tomcat.TomcatWebServer - Tomcat initialized with port(s): 8080 (http)
2025-02-14 19:37:47 [main] INFO  o.a.coyote.http11.Http11NioProtocol - Initializing ProtocolHandler ["http-nio-8080"]
2025-02-14 19:37:47 [main] INFO  o.a.catalina.core.StandardService - Starting service [Tomcat]
2025-02-14 19:37:47 [main] INFO  o.a.catalina.core.StandardEngine - Starting Servlet engine: [Apache Tomcat/10.1.13]
2025-02-14 19:37:47 [main] INFO  o.a.c.c.C.[.[localhost].[/api] - Initializing Spring embedded WebApplicationContext
2025-02-14 19:37:47 [main] INFO  o.s.b.w.s.c.ServletWebServerApplicationContext - Root WebApplicationContext: initialization completed in 1291 ms
2025-02-14 19:37:47 [main] INFO  o.h.jpa.internal.util.LogHelper - HHH000204: Processing PersistenceUnitInfo [name: default]
2025-02-14 19:37:47 [main] INFO  org.hibernate.Version - HHH000412: Hibernate ORM core version 6.2.9.Final
2025-02-14 19:37:47 [main] INFO  org.hibernate.cfg.Environment - HHH000406: Using bytecode reflection optimizer
2025-02-14 19:37:47 [main] INFO  o.h.b.i.BytecodeProviderInitiator - HHH000021: Bytecode provider name : bytebuddy
2025-02-14 19:37:47 [main] INFO  o.s.o.j.p.SpringPersistenceUnitInfo - No LoadTimeWeaver setup: ignoring JPA class transformer
2025-02-14 19:37:47 [main] INFO  com.zaxxer.hikari.HikariDataSource - HikariPool-1 - Starting...
2025-02-14 19:37:47 [main] INFO  com.zaxxer.hikari.pool.HikariPool - HikariPool-1 - Added connection com.mysql.cj.jdbc.ConnectionImpl@1de12397
2025-02-14 19:37:47 [main] INFO  com.zaxxer.hikari.HikariDataSource - HikariPool-1 - Start completed.
2025-02-14 19:37:47 [background-preinit] INFO  o.h.validator.internal.util.Version - HV000001: Hibernate Validator 7.0.0.Final
2025-02-14 19:37:47 [main] INFO  c.s.c.CampaignApiApplication - Starting CampaignApiApplication using Java 17.0.8.1 with PID 12212 (D:\project\camp-api\campaignapi\target\classes started by shibi in D:\project\camp-api\campaignapi)
2025-02-14 19:37:47 [main] INFO  c.s.c.CampaignApiApplication - No active profile set, falling back to 1 default profile: "default"
2025-02-14 19:37:48 [main] INFO  o.h.b.i.BytecodeProviderInitiator - HHH000021: Bytecode provider name : bytebuddy
2025-02-14 19:37:48 [main] INFO  o.s.d.r.c.RepositoryConfigurationDelegate - Bootstrapping Spring Data JPA repositories in DEFAULT mode.
2025-02-14 19:37:48 [main] INFO  o.s.d.r.c.RepositoryConfigurationDelegate - Finished Spring Data repository scanning in 73 ms. Found 9 JPA repository interfaces.
2025-02-14 19:37:48 [main] INFO  o.h.e.t.j.p.i.JtaPlatformInitiator - HHH000490: Using JtaPlatform implementation: [org.hibernate.engine.transaction.jta.platform.internal.NoJtaPlatform]
2025-02-14 19:37:48 [main] INFO  o.s.o.j.LocalContainerEntityManagerFactoryBean - Initialized JPA EntityManagerFactory for persistence unit 'default'
2025-02-14 19:37:49 [main] INFO  o.s.b.w.e.tomcat.TomcatWebServer - Tomcat initialized with port(s): 8080 (http)
2025-02-14 19:37:49 [main] INFO  o.a.coyote.http11.Http11NioProtocol - Initializing ProtocolHandler ["http-nio-8080"]
2025-02-14 19:37:49 [main] INFO  o.a.catalina.core.StandardService - Starting service [Tomcat]
2025-02-14 19:37:49 [main] INFO  o.a.catalina.core.StandardEngine - Starting Servlet engine: [Apache Tomcat/10.1.13]
2025-02-14 19:37:49 [main] INFO  o.a.c.c.C.[.[localhost].[/api] - Initializing Spring embedded WebApplicationContext
2025-02-14 19:37:49 [main] INFO  o.s.b.w.s.c.ServletWebServerApplicationContext - Root WebApplicationContext: initialization completed in 1375 ms
2025-02-14 19:37:49 [main] INFO  o.h.jpa.internal.util.LogHelper - HHH000204: Processing PersistenceUnitInfo [name: default]
2025-02-14 19:37:49 [main] INFO  c.s.c.config.FirebaseConfig - Firebase initialized successfully.
2025-02-14 19:37:49 [main] INFO  org.hibernate.Version - HHH000412: Hibernate ORM core version 6.2.9.Final
2025-02-14 19:37:49 [main] INFO  org.hibernate.cfg.Environment - HHH000406: Using bytecode reflection optimizer
2025-02-14 19:37:49 [main] INFO  c.s.c.service.AuthenticationService - AuthenticationService initialized.
2025-02-14 19:37:49 [main] INFO  o.s.b.f.a.AutowiredAnnotationBeanPostProcessor - Autowired annotation is not supported on static fields: private static final org.slf4j.Logger com.shiel.campaignapi.service.BookingService.logger
2025-02-14 19:37:49 [main] INFO  o.h.b.i.BytecodeProviderInitiator - HHH000021: Bytecode provider name : bytebuddy
2025-02-14 19:37:49 [main] INFO  org.quartz.impl.StdSchedulerFactory - Using default implementation for ThreadExecutor
2025-02-14 19:37:49 [main] INFO  o.s.o.j.p.SpringPersistenceUnitInfo - No LoadTimeWeaver setup: ignoring JPA class transformer
2025-02-14 19:37:49 [main] INFO  o.quartz.core.SchedulerSignalerImpl - Initialized Scheduler Signaller of type: class org.quartz.core.SchedulerSignalerImpl
2025-02-14 19:37:49 [main] INFO  org.quartz.core.QuartzScheduler - Quartz Scheduler v.2.3.2 created.
2025-02-14 19:37:49 [main] INFO  org.quartz.simpl.RAMJobStore - RAMJobStore initialized.
2025-02-14 19:37:49 [main] INFO  org.quartz.core.QuartzScheduler - Scheduler meta-data: Quartz Scheduler (v2.3.2) 'MeetingScheduler' with instanceId 'NON_CLUSTERED'
  Scheduler class: 'org.quartz.core.QuartzScheduler' - running locally.
  NOT STARTED.
  Currently in standby mode.
  Number of jobs executed: 0
  Using thread pool 'org.quartz.simpl.SimpleThreadPool' - with 10 threads.
  Using job-store 'org.quartz.simpl.RAMJobStore' - which does not support persistence. and is not clustered.

2025-02-14 19:37:49 [main] INFO  org.quartz.impl.StdSchedulerFactory - Quartz scheduler 'MeetingScheduler' initialized from an externally provided properties instance.
2025-02-14 19:37:49 [main] INFO  org.quartz.impl.StdSchedulerFactory - Quartz scheduler version: 2.3.2
2025-02-14 19:37:49 [main] INFO  org.quartz.core.QuartzScheduler - JobFactory set to: org.springframework.scheduling.quartz.SpringBeanJobFactory@74f54f8e
2025-02-14 19:37:49 [main] INFO  com.zaxxer.hikari.HikariDataSource - HikariPool-1 - Starting...
2025-02-14 19:37:49 [main] INFO  com.zaxxer.hikari.pool.HikariPool - HikariPool-1 - Added connection com.mysql.cj.jdbc.ConnectionImpl@60a6840c
2025-02-14 19:37:49 [main] INFO  com.zaxxer.hikari.HikariDataSource - HikariPool-1 - Start completed.
2025-02-14 19:37:49 [main] INFO  o.s.s.web.DefaultSecurityFilterChain - Will secure any request with [org.springframework.security.web.session.DisableEncodeUrlFilter@524945e2, org.springframework.security.web.context.request.async.WebAsyncManagerIntegrationFilter@73b63917, org.springframework.security.web.context.SecurityContextHolderFilter@5275d709, org.springframework.security.web.header.HeaderWriterFilter@5e8359da, org.springframework.security.web.authentication.logout.LogoutFilter@2f32fe68, com.shiel.campaignapi.config.JwtAuthenticationFilter@41623694, org.springframework.security.web.savedrequest.RequestCacheAwareFilter@6461c673, org.springframework.security.web.servletapi.SecurityContextHolderAwareRequestFilter@388ad8aa, org.springframework.security.web.authentication.AnonymousAuthenticationFilter@2292e793, org.springframework.security.web.session.SessionManagementFilter@28ab7ffb, org.springframework.security.web.access.ExceptionTranslationFilter@5852605c, org.springframework.security.web.access.intercept.AuthorizationFilter@519e0814]
2025-02-14 19:37:50 [main] INFO  o.a.coyote.http11.Http11NioProtocol - Starting ProtocolHandler ["http-nio-8080"]
2025-02-14 19:37:50 [main] INFO  o.s.b.w.e.tomcat.TomcatWebServer - Tomcat started on port(s): 8080 (http) with context path '/api'
2025-02-14 19:37:50 [main] INFO  o.s.s.quartz.SchedulerFactoryBean - Starting Quartz Scheduler now
2025-02-14 19:37:50 [main] INFO  org.quartz.core.QuartzScheduler - Scheduler MeetingScheduler_$_NON_CLUSTERED started.
2025-02-14 19:37:50 [main] INFO  c.s.c.CampaignApiApplication - Started CampaignApiApplication in 4.739 seconds (process running for 5.387)
2025-02-14 19:37:50 [main] INFO  o.h.b.i.BytecodeProviderInitiator - HHH000021: Bytecode provider name : bytebuddy
2025-02-14 19:37:51 [main] INFO  o.h.e.t.j.p.i.JtaPlatformInitiator - HHH000490: Using JtaPlatform implementation: [org.hibernate.engine.transaction.jta.platform.internal.NoJtaPlatform]
2025-02-14 19:37:51 [main] INFO  o.s.o.j.LocalContainerEntityManagerFactoryBean - Initialized JPA EntityManagerFactory for persistence unit 'default'
2025-02-14 19:37:51 [main] INFO  c.s.c.config.FirebaseConfig - Firebase initialized successfully.
2025-02-14 19:37:51 [main] INFO  c.s.c.service.AuthenticationService - AuthenticationService initialized.
2025-02-14 19:37:51 [main] INFO  o.s.b.f.a.AutowiredAnnotationBeanPostProcessor - Autowired annotation is not supported on static fields: private static final org.slf4j.Logger com.shiel.campaignapi.service.BookingService.logger
2025-02-14 19:37:52 [main] INFO  org.quartz.impl.StdSchedulerFactory - Using default implementation for ThreadExecutor
2025-02-14 19:37:52 [main] INFO  o.quartz.core.SchedulerSignalerImpl - Initialized Scheduler Signaller of type: class org.quartz.core.SchedulerSignalerImpl
2025-02-14 19:37:52 [main] INFO  org.quartz.core.QuartzScheduler - Quartz Scheduler v.2.3.2 created.
2025-02-14 19:37:52 [main] INFO  org.quartz.simpl.RAMJobStore - RAMJobStore initialized.
2025-02-14 19:37:52 [main] INFO  org.quartz.core.QuartzScheduler - Scheduler meta-data: Quartz Scheduler (v2.3.2) 'MeetingScheduler' with instanceId 'NON_CLUSTERED'
  Scheduler class: 'org.quartz.core.QuartzScheduler' - running locally.
  NOT STARTED.
  Currently in standby mode.
  Number of jobs executed: 0
  Using thread pool 'org.quartz.simpl.SimpleThreadPool' - with 10 threads.
  Using job-store 'org.quartz.simpl.RAMJobStore' - which does not support persistence. and is not clustered.

2025-02-14 19:37:52 [main] INFO  org.quartz.impl.StdSchedulerFactory - Quartz scheduler 'MeetingScheduler' initialized from an externally provided properties instance.
2025-02-14 19:37:52 [main] INFO  org.quartz.impl.StdSchedulerFactory - Quartz scheduler version: 2.3.2
2025-02-14 19:37:52 [main] INFO  org.quartz.core.QuartzScheduler - JobFactory set to: org.springframework.scheduling.quartz.SpringBeanJobFactory@106e6dfe
2025-02-14 19:37:52 [main] INFO  o.s.s.web.DefaultSecurityFilterChain - Will secure any request with [org.springframework.security.web.session.DisableEncodeUrlFilter@606c2e4b, org.springframework.security.web.context.request.async.WebAsyncManagerIntegrationFilter@1b914e36, org.springframework.security.web.context.SecurityContextHolderFilter@21312b5, org.springframework.security.web.header.HeaderWriterFilter@399ac1a3, org.springframework.security.web.authentication.logout.LogoutFilter@5e3a577a, com.shiel.campaignapi.config.JwtAuthenticationFilter@4e451f9a, org.springframework.security.web.savedrequest.RequestCacheAwareFilter@4867f5cf, org.springframework.security.web.servletapi.SecurityContextHolderAwareRequestFilter@1912ba29, org.springframework.security.web.authentication.AnonymousAuthenticationFilter@29f3ea39, org.springframework.security.web.session.SessionManagementFilter@4a29520e, org.springframework.security.web.access.ExceptionTranslationFilter@7442be61, org.springframework.security.web.access.intercept.AuthorizationFilter@6ed2aa8a]
2025-02-14 19:37:52 [main] INFO  o.a.coyote.http11.Http11NioProtocol - Starting ProtocolHandler ["http-nio-8080"]
2025-02-14 19:37:52 [main] WARN  o.s.b.w.s.c.AnnotationConfigServletWebServerApplicationContext - Exception encountered during context initialization - cancelling refresh attempt: org.springframework.context.ApplicationContextException: Failed to start bean 'webServerStartStop'
2025-02-14 19:37:52 [main] INFO  o.s.s.quartz.SchedulerFactoryBean - Shutting down Quartz Scheduler
2025-02-14 19:37:52 [main] INFO  org.quartz.core.QuartzScheduler - Scheduler MeetingScheduler_$_NON_CLUSTERED shutting down.
2025-02-14 19:37:52 [main] INFO  org.quartz.core.QuartzScheduler - Scheduler MeetingScheduler_$_NON_CLUSTERED paused.
2025-02-14 19:37:52 [main] INFO  org.quartz.core.QuartzScheduler - Scheduler MeetingScheduler_$_NON_CLUSTERED shutdown complete.
2025-02-14 19:37:52 [main] INFO  o.s.o.j.LocalContainerEntityManagerFactoryBean - Closing JPA EntityManagerFactory for persistence unit 'default'
2025-02-14 19:37:52 [main] INFO  com.zaxxer.hikari.HikariDataSource - HikariPool-1 - Shutdown initiated...
2025-02-14 19:37:52 [main] INFO  com.zaxxer.hikari.HikariDataSource - HikariPool-1 - Shutdown completed.
2025-02-14 19:37:52 [main] INFO  o.a.coyote.http11.Http11NioProtocol - Pausing ProtocolHandler ["http-nio-8080"]
2025-02-14 19:37:52 [main] INFO  o.a.catalina.core.StandardService - Stopping service [Tomcat]
2025-02-14 19:37:52 [main] INFO  o.a.coyote.http11.Http11NioProtocol - Stopping ProtocolHandler ["http-nio-8080"]
2025-02-14 19:37:52 [main] INFO  o.a.coyote.http11.Http11NioProtocol - Destroying ProtocolHandler ["http-nio-8080"]
2025-02-14 19:37:52 [main] INFO  o.s.b.a.l.ConditionEvaluationReportLogger - 

Error starting ApplicationContext. To display the condition evaluation report re-run your application with 'debug' enabled.
2025-02-14 19:37:52 [main] ERROR o.s.b.d.LoggingFailureAnalysisReporter - 

***************************
APPLICATION FAILED TO START
***************************

Description:

Web server failed to start. Port 8080 was already in use.

Action:

Identify and stop the process that's listening on port 8080 or configure this application to listen on another port.

2025-02-14 19:38:33 [background-preinit] INFO  o.h.validator.internal.util.Version - HV000001: Hibernate Validator 7.0.0.Final
2025-02-14 19:38:34 [main] INFO  c.s.c.CampaignApiApplication - Starting CampaignApiApplication using Java 17.0.8.1 with PID 8724 (D:\project\camp-api\campaignapi\target\classes started by shibi in D:\project\camp-api\campaignapi)
2025-02-14 19:38:34 [main] INFO  c.s.c.CampaignApiApplication - No active profile set, falling back to 1 default profile: "default"
2025-02-14 19:38:34 [main] INFO  o.s.d.r.c.RepositoryConfigurationDelegate - Bootstrapping Spring Data JPA repositories in DEFAULT mode.
2025-02-14 19:38:34 [main] INFO  o.s.d.r.c.RepositoryConfigurationDelegate - Finished Spring Data repository scanning in 95 ms. Found 9 JPA repository interfaces.
2025-02-14 19:38:35 [main] INFO  o.s.b.w.e.tomcat.TomcatWebServer - Tomcat initialized with port(s): 8080 (http)
2025-02-14 19:38:35 [main] INFO  o.a.coyote.http11.Http11NioProtocol - Initializing ProtocolHandler ["http-nio-8080"]
2025-02-14 19:38:35 [main] INFO  o.a.catalina.core.StandardService - Starting service [Tomcat]
2025-02-14 19:38:35 [main] INFO  o.a.catalina.core.StandardEngine - Starting Servlet engine: [Apache Tomcat/10.1.13]
2025-02-14 19:38:35 [main] INFO  o.a.c.c.C.[.[localhost].[/api] - Initializing Spring embedded WebApplicationContext
2025-02-14 19:38:35 [main] INFO  o.s.b.w.s.c.ServletWebServerApplicationContext - Root WebApplicationContext: initialization completed in 1418 ms
2025-02-14 19:38:35 [main] INFO  o.h.jpa.internal.util.LogHelper - HHH000204: Processing PersistenceUnitInfo [name: default]
2025-02-14 19:38:35 [main] INFO  org.hibernate.Version - HHH000412: Hibernate ORM core version 6.2.9.Final
2025-02-14 19:38:35 [main] INFO  org.hibernate.cfg.Environment - HHH000406: Using bytecode reflection optimizer
2025-02-14 19:38:35 [main] INFO  o.h.b.i.BytecodeProviderInitiator - HHH000021: Bytecode provider name : bytebuddy
2025-02-14 19:38:35 [main] INFO  o.s.o.j.p.SpringPersistenceUnitInfo - No LoadTimeWeaver setup: ignoring JPA class transformer
2025-02-14 19:38:35 [main] INFO  com.zaxxer.hikari.HikariDataSource - HikariPool-1 - Starting...
2025-02-14 19:38:36 [main] INFO  com.zaxxer.hikari.pool.HikariPool - HikariPool-1 - Added connection com.mysql.cj.jdbc.ConnectionImpl@2ceb68a1
2025-02-14 19:38:36 [main] INFO  com.zaxxer.hikari.HikariDataSource - HikariPool-1 - Start completed.
2025-02-14 19:38:36 [main] INFO  o.h.b.i.BytecodeProviderInitiator - HHH000021: Bytecode provider name : bytebuddy
2025-02-14 19:38:37 [main] INFO  o.h.e.t.j.p.i.JtaPlatformInitiator - HHH000490: Using JtaPlatform implementation: [org.hibernate.engine.transaction.jta.platform.internal.NoJtaPlatform]
2025-02-14 19:38:37 [main] INFO  o.s.o.j.LocalContainerEntityManagerFactoryBean - Initialized JPA EntityManagerFactory for persistence unit 'default'
2025-02-14 19:38:37 [main] INFO  c.s.c.config.FirebaseConfig - Firebase initialized successfully.
2025-02-14 19:38:37 [main] INFO  c.s.c.service.AuthenticationService - AuthenticationService initialized.
2025-02-14 19:38:37 [main] INFO  o.s.b.f.a.AutowiredAnnotationBeanPostProcessor - Autowired annotation is not supported on static fields: private static final org.slf4j.Logger com.shiel.campaignapi.service.BookingService.logger
2025-02-14 19:38:38 [main] INFO  org.quartz.impl.StdSchedulerFactory - Using default implementation for ThreadExecutor
2025-02-14 19:38:38 [main] INFO  o.quartz.core.SchedulerSignalerImpl - Initialized Scheduler Signaller of type: class org.quartz.core.SchedulerSignalerImpl
2025-02-14 19:38:38 [main] INFO  org.quartz.core.QuartzScheduler - Quartz Scheduler v.2.3.2 created.
2025-02-14 19:38:38 [main] INFO  org.quartz.simpl.RAMJobStore - RAMJobStore initialized.
2025-02-14 19:38:38 [main] INFO  org.quartz.core.QuartzScheduler - Scheduler meta-data: Quartz Scheduler (v2.3.2) 'MeetingScheduler' with instanceId 'NON_CLUSTERED'
  Scheduler class: 'org.quartz.core.QuartzScheduler' - running locally.
  NOT STARTED.
  Currently in standby mode.
  Number of jobs executed: 0
  Using thread pool 'org.quartz.simpl.SimpleThreadPool' - with 10 threads.
  Using job-store 'org.quartz.simpl.RAMJobStore' - which does not support persistence. and is not clustered.

2025-02-14 19:38:38 [main] INFO  org.quartz.impl.StdSchedulerFactory - Quartz scheduler 'MeetingScheduler' initialized from an externally provided properties instance.
2025-02-14 19:38:38 [main] INFO  org.quartz.impl.StdSchedulerFactory - Quartz scheduler version: 2.3.2
2025-02-14 19:38:38 [main] INFO  org.quartz.core.QuartzScheduler - JobFactory set to: org.springframework.scheduling.quartz.SpringBeanJobFactory@525aadf2
2025-02-14 19:38:38 [main] INFO  o.s.s.web.DefaultSecurityFilterChain - Will secure any request with [org.springframework.security.web.session.DisableEncodeUrlFilter@19740583, org.springframework.security.web.context.request.async.WebAsyncManagerIntegrationFilter@8850865, org.springframework.security.web.context.SecurityContextHolderFilter@381ed137, org.springframework.security.web.header.HeaderWriterFilter@25bfc558, org.springframework.security.web.authentication.logout.LogoutFilter@6ee34fe4, com.shiel.campaignapi.config.JwtAuthenticationFilter@614d01b, org.springframework.security.web.savedrequest.RequestCacheAwareFilter@1912ba29, org.springframework.security.web.servletapi.SecurityContextHolderAwareRequestFilter@67c020c8, org.springframework.security.web.authentication.AnonymousAuthenticationFilter@3e11996e, org.springframework.security.web.session.SessionManagementFilter@22a89db, org.springframework.security.web.access.ExceptionTranslationFilter@3c48bbf3, org.springframework.security.web.access.intercept.AuthorizationFilter@1b914e36]
2025-02-14 19:38:38 [main] INFO  o.a.coyote.http11.Http11NioProtocol - Starting ProtocolHandler ["http-nio-8080"]
2025-02-14 19:38:38 [main] INFO  o.s.b.w.e.tomcat.TomcatWebServer - Tomcat started on port(s): 8080 (http) with context path '/api'
2025-02-14 19:38:38 [main] INFO  o.s.s.quartz.SchedulerFactoryBean - Starting Quartz Scheduler now
2025-02-14 19:38:38 [main] INFO  org.quartz.core.QuartzScheduler - Scheduler MeetingScheduler_$_NON_CLUSTERED started.
2025-02-14 19:38:38 [main] INFO  c.s.c.CampaignApiApplication - Started CampaignApiApplication in 4.982 seconds (process running for 5.96)
2025-02-14 19:38:47 [http-nio-8080-exec-2] INFO  o.a.c.c.C.[.[localhost].[/api] - Initializing Spring DispatcherServlet 'dispatcherServlet'
2025-02-14 19:38:47 [http-nio-8080-exec-2] INFO  o.s.web.servlet.DispatcherServlet - Initializing Servlet 'dispatcherServlet'
2025-02-14 19:38:47 [http-nio-8080-exec-2] INFO  o.s.web.servlet.DispatcherServlet - Completed initialization in 2 ms
2025-02-14 19:38:47 [http-nio-8080-exec-2] INFO  c.s.c.service.AuthenticationService - Attempting authentication for identifier: 9480044871
2025-02-14 19:43:45 [background-preinit] INFO  o.h.validator.internal.util.Version - HV000001: Hibernate Validator 7.0.0.Final
2025-02-14 19:43:45 [main] INFO  c.s.c.CampaignApiApplication - Starting CampaignApiApplication using Java 17.0.8.1 with PID 20584 (D:\project\camp-api\campaignapi\target\classes started by shibi in D:\project\camp-api\campaignapi)
2025-02-14 19:43:45 [main] INFO  c.s.c.CampaignApiApplication - No active profile set, falling back to 1 default profile: "default"
2025-02-14 19:43:46 [main] INFO  o.s.d.r.c.RepositoryConfigurationDelegate - Bootstrapping Spring Data JPA repositories in DEFAULT mode.
2025-02-14 19:43:46 [main] INFO  o.s.d.r.c.RepositoryConfigurationDelegate - Finished Spring Data repository scanning in 53 ms. Found 9 JPA repository interfaces.
2025-02-14 19:43:46 [main] INFO  o.s.b.w.e.tomcat.TomcatWebServer - Tomcat initialized with port(s): 8080 (http)
2025-02-14 19:43:46 [main] INFO  o.a.coyote.http11.Http11NioProtocol - Initializing ProtocolHandler ["http-nio-8080"]
2025-02-14 19:43:46 [main] INFO  o.a.catalina.core.StandardService - Starting service [Tomcat]
2025-02-14 19:43:46 [main] INFO  o.a.catalina.core.StandardEngine - Starting Servlet engine: [Apache Tomcat/10.1.13]
2025-02-14 19:43:46 [main] INFO  o.a.c.c.C.[.[localhost].[/api] - Initializing Spring embedded WebApplicationContext
2025-02-14 19:43:46 [main] INFO  o.s.b.w.s.c.ServletWebServerApplicationContext - Root WebApplicationContext: initialization completed in 1143 ms
2025-02-14 19:43:46 [main] INFO  o.h.jpa.internal.util.LogHelper - HHH000204: Processing PersistenceUnitInfo [name: default]
2025-02-14 19:43:46 [main] INFO  org.hibernate.Version - HHH000412: Hibernate ORM core version 6.2.9.Final
2025-02-14 19:43:46 [main] INFO  org.hibernate.cfg.Environment - HHH000406: Using bytecode reflection optimizer
2025-02-14 19:43:46 [main] INFO  o.h.b.i.BytecodeProviderInitiator - HHH000021: Bytecode provider name : bytebuddy
2025-02-14 19:43:47 [main] INFO  o.s.o.j.p.SpringPersistenceUnitInfo - No LoadTimeWeaver setup: ignoring JPA class transformer
2025-02-14 19:43:47 [main] INFO  com.zaxxer.hikari.HikariDataSource - HikariPool-1 - Starting...
2025-02-14 19:43:47 [main] INFO  com.zaxxer.hikari.pool.HikariPool - HikariPool-1 - Added connection com.mysql.cj.jdbc.ConnectionImpl@1171ba7e
2025-02-14 19:43:47 [main] INFO  com.zaxxer.hikari.HikariDataSource - HikariPool-1 - Start completed.
2025-02-14 19:43:47 [main] INFO  o.h.b.i.BytecodeProviderInitiator - HHH000021: Bytecode provider name : bytebuddy
2025-02-14 19:43:48 [main] INFO  o.h.e.t.j.p.i.JtaPlatformInitiator - HHH000490: Using JtaPlatform implementation: [org.hibernate.engine.transaction.jta.platform.internal.NoJtaPlatform]
2025-02-14 19:43:48 [main] INFO  o.s.o.j.LocalContainerEntityManagerFactoryBean - Initialized JPA EntityManagerFactory for persistence unit 'default'
2025-02-14 19:43:48 [main] INFO  c.s.c.config.FirebaseConfig - Firebase initialized successfully.
2025-02-14 19:43:48 [main] INFO  c.s.c.service.AuthenticationService - AuthenticationService initialized.
2025-02-14 19:43:48 [main] INFO  o.s.b.f.a.AutowiredAnnotationBeanPostProcessor - Autowired annotation is not supported on static fields: private static final org.slf4j.Logger com.shiel.campaignapi.service.BookingService.logger
2025-02-14 19:43:48 [main] INFO  org.quartz.impl.StdSchedulerFactory - Using default implementation for ThreadExecutor
2025-02-14 19:43:48 [main] INFO  o.quartz.core.SchedulerSignalerImpl - Initialized Scheduler Signaller of type: class org.quartz.core.SchedulerSignalerImpl
2025-02-14 19:43:48 [main] INFO  org.quartz.core.QuartzScheduler - Quartz Scheduler v.2.3.2 created.
2025-02-14 19:43:48 [main] INFO  org.quartz.simpl.RAMJobStore - RAMJobStore initialized.
2025-02-14 19:43:48 [main] INFO  org.quartz.core.QuartzScheduler - Scheduler meta-data: Quartz Scheduler (v2.3.2) 'MeetingScheduler' with instanceId 'NON_CLUSTERED'
  Scheduler class: 'org.quartz.core.QuartzScheduler' - running locally.
  NOT STARTED.
  Currently in standby mode.
  Number of jobs executed: 0
  Using thread pool 'org.quartz.simpl.SimpleThreadPool' - with 10 threads.
  Using job-store 'org.quartz.simpl.RAMJobStore' - which does not support persistence. and is not clustered.

2025-02-14 19:43:48 [main] INFO  org.quartz.impl.StdSchedulerFactory - Quartz scheduler 'MeetingScheduler' initialized from an externally provided properties instance.
2025-02-14 19:43:48 [main] INFO  org.quartz.impl.StdSchedulerFactory - Quartz scheduler version: 2.3.2
2025-02-14 19:43:48 [main] INFO  org.quartz.core.QuartzScheduler - JobFactory set to: org.springframework.scheduling.quartz.SpringBeanJobFactory@5f7dbdfa
2025-02-14 19:43:49 [main] INFO  o.s.s.web.DefaultSecurityFilterChain - Will secure any request with [org.springframework.security.web.session.DisableEncodeUrlFilter@3d9dc84d, org.springframework.security.web.context.request.async.WebAsyncManagerIntegrationFilter@73625632, org.springframework.security.web.context.SecurityContextHolderFilter@4caca86d, org.springframework.security.web.header.HeaderWriterFilter@5b3427c4, org.springframework.security.web.authentication.logout.LogoutFilter@2292e793, com.shiel.campaignapi.config.JwtAuthenticationFilter@77afdbc5, org.springframework.security.web.savedrequest.RequestCacheAwareFilter@16a3d9a7, org.springframework.security.web.servletapi.SecurityContextHolderAwareRequestFilter@58f259bd, org.springframework.security.web.authentication.AnonymousAuthenticationFilter@676f70dc, org.springframework.security.web.session.SessionManagementFilter@5e6b2641, org.springframework.security.web.access.ExceptionTranslationFilter@28ab7ffb, org.springframework.security.web.access.intercept.AuthorizationFilter@7a7698f4]
2025-02-14 19:43:49 [main] INFO  o.a.coyote.http11.Http11NioProtocol - Starting ProtocolHandler ["http-nio-8080"]
2025-02-14 19:43:49 [main] INFO  o.s.b.w.e.tomcat.TomcatWebServer - Tomcat started on port(s): 8080 (http) with context path '/api'
2025-02-14 19:43:49 [main] INFO  o.s.s.quartz.SchedulerFactoryBean - Starting Quartz Scheduler now
2025-02-14 19:43:49 [main] INFO  org.quartz.core.QuartzScheduler - Scheduler MeetingScheduler_$_NON_CLUSTERED started.
2025-02-14 19:43:49 [main] INFO  c.s.c.CampaignApiApplication - Started CampaignApiApplication in 4.272 seconds (process running for 4.977)
2025-02-14 19:44:02 [http-nio-8080-exec-1] INFO  o.a.c.c.C.[.[localhost].[/api] - Initializing Spring DispatcherServlet 'dispatcherServlet'
2025-02-14 19:44:02 [http-nio-8080-exec-1] INFO  o.s.web.servlet.DispatcherServlet - Initializing Servlet 'dispatcherServlet'
2025-02-14 19:44:02 [http-nio-8080-exec-1] INFO  o.s.web.servlet.DispatcherServlet - Completed initialization in 1 ms
2025-02-14 19:44:03 [http-nio-8080-exec-1] INFO  c.s.c.service.BookingService - Starting booking process for event ID: 1
2025-02-14 19:44:03 [http-nio-8080-exec-1] ERROR c.s.c.service.BookingService - Error saving booking: Father's age must be greater than the user's age
com.shiel.campaignapi.exception.BookingIllegalArgument: Father's age must be greater than the user's age
	at com.shiel.campaignapi.service.BookingService.saveBooking(BookingService.java:173)
	at java.base/jdk.internal.reflect.NativeMethodAccessorImpl.invoke0(Native Method)
	at java.base/jdk.internal.reflect.NativeMethodAccessorImpl.invoke(NativeMethodAccessorImpl.java:77)
	at java.base/jdk.internal.reflect.DelegatingMethodAccessorImpl.invoke(DelegatingMethodAccessorImpl.java:43)
	at java.base/java.lang.reflect.Method.invoke(Method.java:568)
	at org.springframework.aop.support.AopUtils.invokeJoinpointUsingReflection(AopUtils.java:343)
	at org.springframework.aop.framework.ReflectiveMethodInvocation.invokeJoinpoint(ReflectiveMethodInvocation.java:196)
	at org.springframework.aop.framework.ReflectiveMethodInvocation.proceed(ReflectiveMethodInvocation.java:163)
	at org.springframework.aop.framework.CglibAopProxy$CglibMethodInvocation.proceed(CglibAopProxy.java:751)
	at org.springframework.transaction.interceptor.TransactionInterceptor$1.proceedWithInvocation(TransactionInterceptor.java:123)
	at org.springframework.transaction.interceptor.TransactionAspectSupport.invokeWithinTransaction(TransactionAspectSupport.java:391)
	at org.springframework.transaction.interceptor.TransactionInterceptor.invoke(TransactionInterceptor.java:119)
	at org.springframework.aop.framework.ReflectiveMethodInvocation.proceed(ReflectiveMethodInvocation.java:184)
	at org.springframework.aop.framework.CglibAopProxy$CglibMethodInvocation.proceed(CglibAopProxy.java:751)
	at org.springframework.aop.framework.CglibAopProxy$DynamicAdvisedInterceptor.intercept(CglibAopProxy.java:703)
	at com.shiel.campaignapi.service.BookingService$$SpringCGLIB$$0.saveBooking(<generated>)
	at com.shiel.campaignapi.controller.BookingController.addBooking(BookingController.java:36)
	at java.base/jdk.internal.reflect.NativeMethodAccessorImpl.invoke0(Native Method)
	at java.base/jdk.internal.reflect.NativeMethodAccessorImpl.invoke(NativeMethodAccessorImpl.java:77)
	at java.base/jdk.internal.reflect.DelegatingMethodAccessorImpl.invoke(DelegatingMethodAccessorImpl.java:43)
	at java.base/java.lang.reflect.Method.invoke(Method.java:568)
	at org.springframework.web.method.support.InvocableHandlerMethod.doInvoke(InvocableHandlerMethod.java:205)
	at org.springframework.web.method.support.InvocableHandlerMethod.invokeForRequest(InvocableHandlerMethod.java:150)
	at org.springframework.web.servlet.mvc.method.annotation.ServletInvocableHandlerMethod.invokeAndHandle(ServletInvocableHandlerMethod.java:118)
	at org.springframework.web.servlet.mvc.method.annotation.RequestMappingHandlerAdapter.invokeHandlerMethod(RequestMappingHandlerAdapter.java:884)
	at org.springframework.web.servlet.mvc.method.annotation.RequestMappingHandlerAdapter.handleInternal(RequestMappingHandlerAdapter.java:797)
	at org.springframework.web.servlet.mvc.method.AbstractHandlerMethodAdapter.handle(AbstractHandlerMethodAdapter.java:87)
	at org.springframework.web.servlet.DispatcherServlet.doDispatch(DispatcherServlet.java:1081)
	at org.springframework.web.servlet.DispatcherServlet.doService(DispatcherServlet.java:974)
	at org.springframework.web.servlet.FrameworkServlet.processRequest(FrameworkServlet.java:1011)
	at org.springframework.web.servlet.FrameworkServlet.doPost(FrameworkServlet.java:914)
	at jakarta.servlet.http.HttpServlet.service(HttpServlet.java:590)
	at org.springframework.web.servlet.FrameworkServlet.service(FrameworkServlet.java:885)
	at jakarta.servlet.http.HttpServlet.service(HttpServlet.java:658)
	at org.apache.catalina.core.ApplicationFilterChain.internalDoFilter(ApplicationFilterChain.java:205)
	at org.apache.catalina.core.ApplicationFilterChain.doFilter(ApplicationFilterChain.java:149)
	at org.apache.tomcat.websocket.server.WsFilter.doFilter(WsFilter.java:51)
	at org.apache.catalina.core.ApplicationFilterChain.internalDoFilter(ApplicationFilterChain.java:174)
	at org.apache.catalina.core.ApplicationFilterChain.doFilter(ApplicationFilterChain.java:149)
	at org.springframework.web.filter.OncePerRequestFilter.doFilter(OncePerRequestFilter.java:110)
	at org.apache.catalina.core.ApplicationFilterChain.internalDoFilter(ApplicationFilterChain.java:174)
	at org.apache.catalina.core.ApplicationFilterChain.doFilter(ApplicationFilterChain.java:149)
	at org.springframework.security.web.FilterChainProxy.lambda$doFilterInternal$3(FilterChainProxy.java:231)
	at org.springframework.security.web.FilterChainProxy$VirtualFilterChain.doFilter(FilterChainProxy.java:365)
	at org.springframework.security.web.access.intercept.AuthorizationFilter.doFilter(AuthorizationFilter.java:100)
	at org.springframework.security.web.FilterChainProxy$VirtualFilterChain.doFilter(FilterChainProxy.java:374)
	at org.springframework.security.web.access.ExceptionTranslationFilter.doFilter(ExceptionTranslationFilter.java:126)
	at org.springframework.security.web.access.ExceptionTranslationFilter.doFilter(ExceptionTranslationFilter.java:120)
	at org.springframework.security.web.FilterChainProxy$VirtualFilterChain.doFilter(FilterChainProxy.java:374)
	at org.springframework.security.web.session.SessionManagementFilter.doFilter(SessionManagementFilter.java:131)
	at org.springframework.security.web.session.SessionManagementFilter.doFilter(SessionManagementFilter.java:85)
	at org.springframework.security.web.FilterChainProxy$VirtualFilterChain.doFilter(FilterChainProxy.java:374)
	at org.springframework.security.web.authentication.AnonymousAuthenticationFilter.doFilter(AnonymousAuthenticationFilter.java:100)
	at org.springframework.security.web.FilterChainProxy$VirtualFilterChain.doFilter(FilterChainProxy.java:374)
	at org.springframework.security.web.servletapi.SecurityContextHolderAwareRequestFilter.doFilter(SecurityContextHolderAwareRequestFilter.java:179)
	at org.springframework.security.web.FilterChainProxy$VirtualFilterChain.doFilter(FilterChainProxy.java:374)
	at org.springframework.security.web.savedrequest.RequestCacheAwareFilter.doFilter(RequestCacheAwareFilter.java:63)
	at org.springframework.security.web.FilterChainProxy$VirtualFilterChain.doFilter(FilterChainProxy.java:374)
	at com.shiel.campaignapi.config.JwtAuthenticationFilter.doFilterInternal(JwtAuthenticationFilter.java:91)
	at org.springframework.web.filter.OncePerRequestFilter.doFilter(OncePerRequestFilter.java:116)
	at org.springframework.security.web.FilterChainProxy$VirtualFilterChain.doFilter(FilterChainProxy.java:374)
	at org.springframework.security.web.authentication.logout.LogoutFilter.doFilter(LogoutFilter.java:107)
	at org.springframework.security.web.authentication.logout.LogoutFilter.doFilter(LogoutFilter.java:93)
	at org.springframework.security.web.FilterChainProxy$VirtualFilterChain.doFilter(FilterChainProxy.java:374)
	at org.springframework.security.web.header.HeaderWriterFilter.doHeadersAfter(HeaderWriterFilter.java:90)
	at org.springframework.security.web.header.HeaderWriterFilter.doFilterInternal(HeaderWriterFilter.java:75)
	at org.springframework.web.filter.OncePerRequestFilter.doFilter(OncePerRequestFilter.java:116)
	at org.springframework.security.web.FilterChainProxy$VirtualFilterChain.doFilter(FilterChainProxy.java:374)
	at org.springframework.security.web.context.SecurityContextHolderFilter.doFilter(SecurityContextHolderFilter.java:82)
	at org.springframework.security.web.context.SecurityContextHolderFilter.doFilter(SecurityContextHolderFilter.java:69)
	at org.springframework.security.web.FilterChainProxy$VirtualFilterChain.doFilter(FilterChainProxy.java:374)
	at org.springframework.security.web.context.request.async.WebAsyncManagerIntegrationFilter.doFilterInternal(WebAsyncManagerIntegrationFilter.java:62)
	at org.springframework.web.filter.OncePerRequestFilter.doFilter(OncePerRequestFilter.java:116)
	at org.springframework.security.web.FilterChainProxy$VirtualFilterChain.doFilter(FilterChainProxy.java:374)
	at org.springframework.security.web.session.DisableEncodeUrlFilter.doFilterInternal(DisableEncodeUrlFilter.java:42)
	at org.springframework.web.filter.OncePerRequestFilter.doFilter(OncePerRequestFilter.java:116)
	at org.springframework.security.web.FilterChainProxy$VirtualFilterChain.doFilter(FilterChainProxy.java:374)
	at org.springframework.security.web.FilterChainProxy.doFilterInternal(FilterChainProxy.java:233)
	at org.springframework.security.web.FilterChainProxy.doFilter(FilterChainProxy.java:191)
	at org.springframework.web.filter.DelegatingFilterProxy.invokeDelegate(DelegatingFilterProxy.java:352)
	at org.springframework.web.filter.DelegatingFilterProxy.doFilter(DelegatingFilterProxy.java:268)
	at org.apache.catalina.core.ApplicationFilterChain.internalDoFilter(ApplicationFilterChain.java:174)
	at org.apache.catalina.core.ApplicationFilterChain.doFilter(ApplicationFilterChain.java:149)
	at org.springframework.web.filter.RequestContextFilter.doFilterInternal(RequestContextFilter.java:100)
	at org.springframework.web.filter.OncePerRequestFilter.doFilter(OncePerRequestFilter.java:116)
	at org.apache.catalina.core.ApplicationFilterChain.internalDoFilter(ApplicationFilterChain.java:174)
	at org.apache.catalina.core.ApplicationFilterChain.doFilter(ApplicationFilterChain.java:149)
	at org.springframework.web.filter.FormContentFilter.doFilterInternal(FormContentFilter.java:93)
	at org.springframework.web.filter.OncePerRequestFilter.doFilter(OncePerRequestFilter.java:116)
	at org.apache.catalina.core.ApplicationFilterChain.internalDoFilter(ApplicationFilterChain.java:174)
	at org.apache.catalina.core.ApplicationFilterChain.doFilter(ApplicationFilterChain.java:149)
	at org.springframework.web.filter.CharacterEncodingFilter.doFilterInternal(CharacterEncodingFilter.java:201)
	at org.springframework.web.filter.OncePerRequestFilter.doFilter(OncePerRequestFilter.java:116)
	at org.apache.catalina.core.ApplicationFilterChain.internalDoFilter(ApplicationFilterChain.java:174)
	at org.apache.catalina.core.ApplicationFilterChain.doFilter(ApplicationFilterChain.java:149)
	at org.apache.catalina.core.StandardWrapperValve.invoke(StandardWrapperValve.java:167)
	at org.apache.catalina.core.StandardContextValve.invoke(StandardContextValve.java:90)
	at org.apache.catalina.authenticator.AuthenticatorBase.invoke(AuthenticatorBase.java:482)
	at org.apache.catalina.core.StandardHostValve.invoke(StandardHostValve.java:115)
	at org.apache.catalina.valves.ErrorReportValve.invoke(ErrorReportValve.java:93)
	at org.apache.catalina.core.StandardEngineValve.invoke(StandardEngineValve.java:74)
	at org.apache.catalina.connector.CoyoteAdapter.service(CoyoteAdapter.java:341)
	at org.apache.coyote.http11.Http11Processor.service(Http11Processor.java:391)
	at org.apache.coyote.AbstractProcessorLight.process(AbstractProcessorLight.java:63)
	at org.apache.coyote.AbstractProtocol$ConnectionHandler.process(AbstractProtocol.java:894)
	at org.apache.tomcat.util.net.NioEndpoint$SocketProcessor.doRun(NioEndpoint.java:1740)
	at org.apache.tomcat.util.net.SocketProcessorBase.run(SocketProcessorBase.java:52)
	at org.apache.tomcat.util.threads.ThreadPoolExecutor.runWorker(ThreadPoolExecutor.java:1191)
	at org.apache.tomcat.util.threads.ThreadPoolExecutor$Worker.run(ThreadPoolExecutor.java:659)
	at org.apache.tomcat.util.threads.TaskThread$WrappingRunnable.run(TaskThread.java:61)
	at java.base/java.lang.Thread.run(Thread.java:833)
2025-02-14 19:46:11 [background-preinit] INFO  o.h.validator.internal.util.Version - HV000001: Hibernate Validator 7.0.0.Final
2025-02-14 19:46:11 [main] INFO  c.s.c.CampaignApiApplication - Starting CampaignApiApplication using Java 17.0.8.1 with PID 11216 (D:\project\camp-api\campaignapi\target\classes started by shibi in D:\project\camp-api\campaignapi)
2025-02-14 19:46:11 [main] INFO  c.s.c.CampaignApiApplication - No active profile set, falling back to 1 default profile: "default"
2025-02-14 19:46:12 [main] INFO  o.s.d.r.c.RepositoryConfigurationDelegate - Bootstrapping Spring Data JPA repositories in DEFAULT mode.
2025-02-14 19:46:12 [main] INFO  o.s.d.r.c.RepositoryConfigurationDelegate - Finished Spring Data repository scanning in 59 ms. Found 9 JPA repository interfaces.
2025-02-14 19:46:12 [main] INFO  o.s.b.w.e.tomcat.TomcatWebServer - Tomcat initialized with port(s): 8080 (http)
2025-02-14 19:46:12 [main] INFO  o.a.coyote.http11.Http11NioProtocol - Initializing ProtocolHandler ["http-nio-8080"]
2025-02-14 19:46:12 [main] INFO  o.a.catalina.core.StandardService - Starting service [Tomcat]
2025-02-14 19:46:12 [main] INFO  o.a.catalina.core.StandardEngine - Starting Servlet engine: [Apache Tomcat/10.1.13]
2025-02-14 19:46:12 [main] INFO  o.a.c.c.C.[.[localhost].[/api] - Initializing Spring embedded WebApplicationContext
2025-02-14 19:46:12 [main] INFO  o.s.b.w.s.c.ServletWebServerApplicationContext - Root WebApplicationContext: initialization completed in 1124 ms
2025-02-14 19:46:12 [main] INFO  o.h.jpa.internal.util.LogHelper - HHH000204: Processing PersistenceUnitInfo [name: default]
2025-02-14 19:46:12 [main] INFO  org.hibernate.Version - HHH000412: Hibernate ORM core version 6.2.9.Final
2025-02-14 19:46:12 [main] INFO  org.hibernate.cfg.Environment - HHH000406: Using bytecode reflection optimizer
2025-02-14 19:46:12 [main] INFO  o.h.b.i.BytecodeProviderInitiator - HHH000021: Bytecode provider name : bytebuddy
2025-02-14 19:46:13 [main] INFO  o.s.o.j.p.SpringPersistenceUnitInfo - No LoadTimeWeaver setup: ignoring JPA class transformer
2025-02-14 19:46:13 [main] INFO  com.zaxxer.hikari.HikariDataSource - HikariPool-1 - Starting...
2025-02-14 19:46:13 [main] INFO  com.zaxxer.hikari.pool.HikariPool - HikariPool-1 - Added connection com.mysql.cj.jdbc.ConnectionImpl@2f5f5bc9
2025-02-14 19:46:13 [main] INFO  com.zaxxer.hikari.HikariDataSource - HikariPool-1 - Start completed.
2025-02-14 19:46:13 [main] INFO  o.h.b.i.BytecodeProviderInitiator - HHH000021: Bytecode provider name : bytebuddy
2025-02-14 19:46:14 [main] INFO  o.h.e.t.j.p.i.JtaPlatformInitiator - HHH000490: Using JtaPlatform implementation: [org.hibernate.engine.transaction.jta.platform.internal.NoJtaPlatform]
2025-02-14 19:46:14 [main] INFO  o.s.o.j.LocalContainerEntityManagerFactoryBean - Initialized JPA EntityManagerFactory for persistence unit 'default'
2025-02-14 19:46:14 [main] INFO  c.s.c.config.FirebaseConfig - Firebase initialized successfully.
2025-02-14 19:46:14 [main] INFO  c.s.c.service.AuthenticationService - AuthenticationService initialized.
2025-02-14 19:46:14 [main] INFO  o.s.b.f.a.AutowiredAnnotationBeanPostProcessor - Autowired annotation is not supported on static fields: private static final org.slf4j.Logger com.shiel.campaignapi.service.BookingService.logger
2025-02-14 19:46:14 [main] INFO  org.quartz.impl.StdSchedulerFactory - Using default implementation for ThreadExecutor
2025-02-14 19:46:14 [main] INFO  o.quartz.core.SchedulerSignalerImpl - Initialized Scheduler Signaller of type: class org.quartz.core.SchedulerSignalerImpl
2025-02-14 19:46:14 [main] INFO  org.quartz.core.QuartzScheduler - Quartz Scheduler v.2.3.2 created.
2025-02-14 19:46:14 [main] INFO  org.quartz.simpl.RAMJobStore - RAMJobStore initialized.
2025-02-14 19:46:14 [main] INFO  org.quartz.core.QuartzScheduler - Scheduler meta-data: Quartz Scheduler (v2.3.2) 'MeetingScheduler' with instanceId 'NON_CLUSTERED'
  Scheduler class: 'org.quartz.core.QuartzScheduler' - running locally.
  NOT STARTED.
  Currently in standby mode.
  Number of jobs executed: 0
  Using thread pool 'org.quartz.simpl.SimpleThreadPool' - with 10 threads.
  Using job-store 'org.quartz.simpl.RAMJobStore' - which does not support persistence. and is not clustered.

2025-02-14 19:46:14 [main] INFO  org.quartz.impl.StdSchedulerFactory - Quartz scheduler 'MeetingScheduler' initialized from an externally provided properties instance.
2025-02-14 19:46:14 [main] INFO  org.quartz.impl.StdSchedulerFactory - Quartz scheduler version: 2.3.2
2025-02-14 19:46:14 [main] INFO  org.quartz.core.QuartzScheduler - JobFactory set to: org.springframework.scheduling.quartz.SpringBeanJobFactory@74f54f8e
2025-02-14 19:46:15 [main] INFO  o.s.s.web.DefaultSecurityFilterChain - Will secure any request with [org.springframework.security.web.session.DisableEncodeUrlFilter@524945e2, org.springframework.security.web.context.request.async.WebAsyncManagerIntegrationFilter@73b63917, org.springframework.security.web.context.SecurityContextHolderFilter@5275d709, org.springframework.security.web.header.HeaderWriterFilter@5e8359da, org.springframework.security.web.authentication.logout.LogoutFilter@2f32fe68, com.shiel.campaignapi.config.JwtAuthenticationFilter@41623694, org.springframework.security.web.savedrequest.RequestCacheAwareFilter@6461c673, org.springframework.security.web.servletapi.SecurityContextHolderAwareRequestFilter@388ad8aa, org.springframework.security.web.authentication.AnonymousAuthenticationFilter@2292e793, org.springframework.security.web.session.SessionManagementFilter@28ab7ffb, org.springframework.security.web.access.ExceptionTranslationFilter@5852605c, org.springframework.security.web.access.intercept.AuthorizationFilter@519e0814]
2025-02-14 19:46:15 [main] INFO  o.a.coyote.http11.Http11NioProtocol - Starting ProtocolHandler ["http-nio-8080"]
2025-02-14 19:46:15 [main] INFO  o.s.b.w.e.tomcat.TomcatWebServer - Tomcat started on port(s): 8080 (http) with context path '/api'
2025-02-14 19:46:15 [main] INFO  o.s.s.quartz.SchedulerFactoryBean - Starting Quartz Scheduler now
2025-02-14 19:46:15 [main] INFO  org.quartz.core.QuartzScheduler - Scheduler MeetingScheduler_$_NON_CLUSTERED started.
2025-02-14 19:46:15 [main] INFO  c.s.c.CampaignApiApplication - Started CampaignApiApplication in 4.081 seconds (process running for 4.735)
2025-02-14 19:46:18 [http-nio-8080-exec-1] INFO  o.a.c.c.C.[.[localhost].[/api] - Initializing Spring DispatcherServlet 'dispatcherServlet'
2025-02-14 19:46:18 [http-nio-8080-exec-1] INFO  o.s.web.servlet.DispatcherServlet - Initializing Servlet 'dispatcherServlet'
2025-02-14 19:46:18 [http-nio-8080-exec-1] INFO  o.s.web.servlet.DispatcherServlet - Completed initialization in 1 ms
2025-02-14 19:46:19 [http-nio-8080-exec-1] INFO  c.s.c.service.BookingService - Starting booking process for event ID: 1
2025-02-14 19:46:19 [http-nio-8080-exec-1] ERROR c.s.c.service.BookingService - Error saving booking: Father's age must be greater than the user's age
com.shiel.campaignapi.exception.UserIllegalArgumentException: Father's age must be greater than the user's age
	at com.shiel.campaignapi.service.BookingService.saveBooking(BookingService.java:173)
	at java.base/jdk.internal.reflect.NativeMethodAccessorImpl.invoke0(Native Method)
	at java.base/jdk.internal.reflect.NativeMethodAccessorImpl.invoke(NativeMethodAccessorImpl.java:77)
	at java.base/jdk.internal.reflect.DelegatingMethodAccessorImpl.invoke(DelegatingMethodAccessorImpl.java:43)
	at java.base/java.lang.reflect.Method.invoke(Method.java:568)
	at org.springframework.aop.support.AopUtils.invokeJoinpointUsingReflection(AopUtils.java:343)
	at org.springframework.aop.framework.ReflectiveMethodInvocation.invokeJoinpoint(ReflectiveMethodInvocation.java:196)
	at org.springframework.aop.framework.ReflectiveMethodInvocation.proceed(ReflectiveMethodInvocation.java:163)
	at org.springframework.aop.framework.CglibAopProxy$CglibMethodInvocation.proceed(CglibAopProxy.java:751)
	at org.springframework.transaction.interceptor.TransactionInterceptor$1.proceedWithInvocation(TransactionInterceptor.java:123)
	at org.springframework.transaction.interceptor.TransactionAspectSupport.invokeWithinTransaction(TransactionAspectSupport.java:391)
	at org.springframework.transaction.interceptor.TransactionInterceptor.invoke(TransactionInterceptor.java:119)
	at org.springframework.aop.framework.ReflectiveMethodInvocation.proceed(ReflectiveMethodInvocation.java:184)
	at org.springframework.aop.framework.CglibAopProxy$CglibMethodInvocation.proceed(CglibAopProxy.java:751)
	at org.springframework.aop.framework.CglibAopProxy$DynamicAdvisedInterceptor.intercept(CglibAopProxy.java:703)
	at com.shiel.campaignapi.service.BookingService$$SpringCGLIB$$0.saveBooking(<generated>)
	at com.shiel.campaignapi.controller.BookingController.addBooking(BookingController.java:36)
	at java.base/jdk.internal.reflect.NativeMethodAccessorImpl.invoke0(Native Method)
	at java.base/jdk.internal.reflect.NativeMethodAccessorImpl.invoke(NativeMethodAccessorImpl.java:77)
	at java.base/jdk.internal.reflect.DelegatingMethodAccessorImpl.invoke(DelegatingMethodAccessorImpl.java:43)
	at java.base/java.lang.reflect.Method.invoke(Method.java:568)
	at org.springframework.web.method.support.InvocableHandlerMethod.doInvoke(InvocableHandlerMethod.java:205)
	at org.springframework.web.method.support.InvocableHandlerMethod.invokeForRequest(InvocableHandlerMethod.java:150)
	at org.springframework.web.servlet.mvc.method.annotation.ServletInvocableHandlerMethod.invokeAndHandle(ServletInvocableHandlerMethod.java:118)
	at org.springframework.web.servlet.mvc.method.annotation.RequestMappingHandlerAdapter.invokeHandlerMethod(RequestMappingHandlerAdapter.java:884)
	at org.springframework.web.servlet.mvc.method.annotation.RequestMappingHandlerAdapter.handleInternal(RequestMappingHandlerAdapter.java:797)
	at org.springframework.web.servlet.mvc.method.AbstractHandlerMethodAdapter.handle(AbstractHandlerMethodAdapter.java:87)
	at org.springframework.web.servlet.DispatcherServlet.doDispatch(DispatcherServlet.java:1081)
	at org.springframework.web.servlet.DispatcherServlet.doService(DispatcherServlet.java:974)
	at org.springframework.web.servlet.FrameworkServlet.processRequest(FrameworkServlet.java:1011)
	at org.springframework.web.servlet.FrameworkServlet.doPost(FrameworkServlet.java:914)
	at jakarta.servlet.http.HttpServlet.service(HttpServlet.java:590)
	at org.springframework.web.servlet.FrameworkServlet.service(FrameworkServlet.java:885)
	at jakarta.servlet.http.HttpServlet.service(HttpServlet.java:658)
	at org.apache.catalina.core.ApplicationFilterChain.internalDoFilter(ApplicationFilterChain.java:205)
	at org.apache.catalina.core.ApplicationFilterChain.doFilter(ApplicationFilterChain.java:149)
	at org.apache.tomcat.websocket.server.WsFilter.doFilter(WsFilter.java:51)
	at org.apache.catalina.core.ApplicationFilterChain.internalDoFilter(ApplicationFilterChain.java:174)
	at org.apache.catalina.core.ApplicationFilterChain.doFilter(ApplicationFilterChain.java:149)
	at org.springframework.web.filter.OncePerRequestFilter.doFilter(OncePerRequestFilter.java:110)
	at org.apache.catalina.core.ApplicationFilterChain.internalDoFilter(ApplicationFilterChain.java:174)
	at org.apache.catalina.core.ApplicationFilterChain.doFilter(ApplicationFilterChain.java:149)
	at org.springframework.security.web.FilterChainProxy.lambda$doFilterInternal$3(FilterChainProxy.java:231)
	at org.springframework.security.web.FilterChainProxy$VirtualFilterChain.doFilter(FilterChainProxy.java:365)
	at org.springframework.security.web.access.intercept.AuthorizationFilter.doFilter(AuthorizationFilter.java:100)
	at org.springframework.security.web.FilterChainProxy$VirtualFilterChain.doFilter(FilterChainProxy.java:374)
	at org.springframework.security.web.access.ExceptionTranslationFilter.doFilter(ExceptionTranslationFilter.java:126)
	at org.springframework.security.web.access.ExceptionTranslationFilter.doFilter(ExceptionTranslationFilter.java:120)
	at org.springframework.security.web.FilterChainProxy$VirtualFilterChain.doFilter(FilterChainProxy.java:374)
	at org.springframework.security.web.session.SessionManagementFilter.doFilter(SessionManagementFilter.java:131)
	at org.springframework.security.web.session.SessionManagementFilter.doFilter(SessionManagementFilter.java:85)
	at org.springframework.security.web.FilterChainProxy$VirtualFilterChain.doFilter(FilterChainProxy.java:374)
	at org.springframework.security.web.authentication.AnonymousAuthenticationFilter.doFilter(AnonymousAuthenticationFilter.java:100)
	at org.springframework.security.web.FilterChainProxy$VirtualFilterChain.doFilter(FilterChainProxy.java:374)
	at org.springframework.security.web.servletapi.SecurityContextHolderAwareRequestFilter.doFilter(SecurityContextHolderAwareRequestFilter.java:179)
	at org.springframework.security.web.FilterChainProxy$VirtualFilterChain.doFilter(FilterChainProxy.java:374)
	at org.springframework.security.web.savedrequest.RequestCacheAwareFilter.doFilter(RequestCacheAwareFilter.java:63)
	at org.springframework.security.web.FilterChainProxy$VirtualFilterChain.doFilter(FilterChainProxy.java:374)
	at com.shiel.campaignapi.config.JwtAuthenticationFilter.doFilterInternal(JwtAuthenticationFilter.java:91)
	at org.springframework.web.filter.OncePerRequestFilter.doFilter(OncePerRequestFilter.java:116)
	at org.springframework.security.web.FilterChainProxy$VirtualFilterChain.doFilter(FilterChainProxy.java:374)
	at org.springframework.security.web.authentication.logout.LogoutFilter.doFilter(LogoutFilter.java:107)
	at org.springframework.security.web.authentication.logout.LogoutFilter.doFilter(LogoutFilter.java:93)
	at org.springframework.security.web.FilterChainProxy$VirtualFilterChain.doFilter(FilterChainProxy.java:374)
	at org.springframework.security.web.header.HeaderWriterFilter.doHeadersAfter(HeaderWriterFilter.java:90)
	at org.springframework.security.web.header.HeaderWriterFilter.doFilterInternal(HeaderWriterFilter.java:75)
	at org.springframework.web.filter.OncePerRequestFilter.doFilter(OncePerRequestFilter.java:116)
	at org.springframework.security.web.FilterChainProxy$VirtualFilterChain.doFilter(FilterChainProxy.java:374)
	at org.springframework.security.web.context.SecurityContextHolderFilter.doFilter(SecurityContextHolderFilter.java:82)
	at org.springframework.security.web.context.SecurityContextHolderFilter.doFilter(SecurityContextHolderFilter.java:69)
	at org.springframework.security.web.FilterChainProxy$VirtualFilterChain.doFilter(FilterChainProxy.java:374)
	at org.springframework.security.web.context.request.async.WebAsyncManagerIntegrationFilter.doFilterInternal(WebAsyncManagerIntegrationFilter.java:62)
	at org.springframework.web.filter.OncePerRequestFilter.doFilter(OncePerRequestFilter.java:116)
	at org.springframework.security.web.FilterChainProxy$VirtualFilterChain.doFilter(FilterChainProxy.java:374)
	at org.springframework.security.web.session.DisableEncodeUrlFilter.doFilterInternal(DisableEncodeUrlFilter.java:42)
	at org.springframework.web.filter.OncePerRequestFilter.doFilter(OncePerRequestFilter.java:116)
	at org.springframework.security.web.FilterChainProxy$VirtualFilterChain.doFilter(FilterChainProxy.java:374)
	at org.springframework.security.web.FilterChainProxy.doFilterInternal(FilterChainProxy.java:233)
	at org.springframework.security.web.FilterChainProxy.doFilter(FilterChainProxy.java:191)
	at org.springframework.web.filter.DelegatingFilterProxy.invokeDelegate(DelegatingFilterProxy.java:352)
	at org.springframework.web.filter.DelegatingFilterProxy.doFilter(DelegatingFilterProxy.java:268)
	at org.apache.catalina.core.ApplicationFilterChain.internalDoFilter(ApplicationFilterChain.java:174)
	at org.apache.catalina.core.ApplicationFilterChain.doFilter(ApplicationFilterChain.java:149)
	at org.springframework.web.filter.RequestContextFilter.doFilterInternal(RequestContextFilter.java:100)
	at org.springframework.web.filter.OncePerRequestFilter.doFilter(OncePerRequestFilter.java:116)
	at org.apache.catalina.core.ApplicationFilterChain.internalDoFilter(ApplicationFilterChain.java:174)
	at org.apache.catalina.core.ApplicationFilterChain.doFilter(ApplicationFilterChain.java:149)
	at org.springframework.web.filter.FormContentFilter.doFilterInternal(FormContentFilter.java:93)
	at org.springframework.web.filter.OncePerRequestFilter.doFilter(OncePerRequestFilter.java:116)
	at org.apache.catalina.core.ApplicationFilterChain.internalDoFilter(ApplicationFilterChain.java:174)
	at org.apache.catalina.core.ApplicationFilterChain.doFilter(ApplicationFilterChain.java:149)
	at org.springframework.web.filter.CharacterEncodingFilter.doFilterInternal(CharacterEncodingFilter.java:201)
	at org.springframework.web.filter.OncePerRequestFilter.doFilter(OncePerRequestFilter.java:116)
	at org.apache.catalina.core.ApplicationFilterChain.internalDoFilter(ApplicationFilterChain.java:174)
	at org.apache.catalina.core.ApplicationFilterChain.doFilter(ApplicationFilterChain.java:149)
	at org.apache.catalina.core.StandardWrapperValve.invoke(StandardWrapperValve.java:167)
	at org.apache.catalina.core.StandardContextValve.invoke(StandardContextValve.java:90)
	at org.apache.catalina.authenticator.AuthenticatorBase.invoke(AuthenticatorBase.java:482)
	at org.apache.catalina.core.StandardHostValve.invoke(StandardHostValve.java:115)
	at org.apache.catalina.valves.ErrorReportValve.invoke(ErrorReportValve.java:93)
	at org.apache.catalina.core.StandardEngineValve.invoke(StandardEngineValve.java:74)
	at org.apache.catalina.connector.CoyoteAdapter.service(CoyoteAdapter.java:341)
	at org.apache.coyote.http11.Http11Processor.service(Http11Processor.java:391)
	at org.apache.coyote.AbstractProcessorLight.process(AbstractProcessorLight.java:63)
	at org.apache.coyote.AbstractProtocol$ConnectionHandler.process(AbstractProtocol.java:894)
	at org.apache.tomcat.util.net.NioEndpoint$SocketProcessor.doRun(NioEndpoint.java:1740)
	at org.apache.tomcat.util.net.SocketProcessorBase.run(SocketProcessorBase.java:52)
	at org.apache.tomcat.util.threads.ThreadPoolExecutor.runWorker(ThreadPoolExecutor.java:1191)
	at org.apache.tomcat.util.threads.ThreadPoolExecutor$Worker.run(ThreadPoolExecutor.java:659)
	at org.apache.tomcat.util.threads.TaskThread$WrappingRunnable.run(TaskThread.java:61)
	at java.base/java.lang.Thread.run(Thread.java:833)
2025-02-14 19:55:15 [background-preinit] INFO  o.h.validator.internal.util.Version - HV000001: Hibernate Validator 7.0.0.Final
2025-02-14 19:55:15 [main] INFO  c.s.c.CampaignApiApplication - Starting CampaignApiApplication using Java 17.0.8.1 with PID 12876 (D:\project\camp-api\campaignapi\target\classes started by shibi in D:\project\camp-api\campaignapi)
2025-02-14 19:55:15 [main] INFO  c.s.c.CampaignApiApplication - No active profile set, falling back to 1 default profile: "default"
2025-02-14 19:55:15 [main] INFO  o.s.d.r.c.RepositoryConfigurationDelegate - Bootstrapping Spring Data JPA repositories in DEFAULT mode.
2025-02-14 19:55:15 [main] INFO  o.s.d.r.c.RepositoryConfigurationDelegate - Finished Spring Data repository scanning in 56 ms. Found 9 JPA repository interfaces.
2025-02-14 19:55:16 [main] INFO  o.s.b.w.e.tomcat.TomcatWebServer - Tomcat initialized with port(s): 8080 (http)
2025-02-14 19:55:16 [main] INFO  o.a.coyote.http11.Http11NioProtocol - Initializing ProtocolHandler ["http-nio-8080"]
2025-02-14 19:55:16 [main] INFO  o.a.catalina.core.StandardService - Starting service [Tomcat]
2025-02-14 19:55:16 [main] INFO  o.a.catalina.core.StandardEngine - Starting Servlet engine: [Apache Tomcat/10.1.13]
2025-02-14 19:55:16 [main] INFO  o.a.c.c.C.[.[localhost].[/api] - Initializing Spring embedded WebApplicationContext
2025-02-14 19:55:16 [main] INFO  o.s.b.w.s.c.ServletWebServerApplicationContext - Root WebApplicationContext: initialization completed in 1149 ms
2025-02-14 19:55:16 [main] INFO  o.h.jpa.internal.util.LogHelper - HHH000204: Processing PersistenceUnitInfo [name: default]
2025-02-14 19:55:16 [main] INFO  org.hibernate.Version - HHH000412: Hibernate ORM core version 6.2.9.Final
2025-02-14 19:55:16 [main] INFO  org.hibernate.cfg.Environment - HHH000406: Using bytecode reflection optimizer
2025-02-14 19:55:16 [main] INFO  o.h.b.i.BytecodeProviderInitiator - HHH000021: Bytecode provider name : bytebuddy
2025-02-14 19:55:16 [main] INFO  o.s.o.j.p.SpringPersistenceUnitInfo - No LoadTimeWeaver setup: ignoring JPA class transformer
2025-02-14 19:55:16 [main] INFO  com.zaxxer.hikari.HikariDataSource - HikariPool-1 - Starting...
2025-02-14 19:55:16 [main] INFO  com.zaxxer.hikari.pool.HikariPool - HikariPool-1 - Added connection com.mysql.cj.jdbc.ConnectionImpl@655909e2
2025-02-14 19:55:16 [main] INFO  com.zaxxer.hikari.HikariDataSource - HikariPool-1 - Start completed.
2025-02-14 19:55:17 [main] INFO  o.h.b.i.BytecodeProviderInitiator - HHH000021: Bytecode provider name : bytebuddy
2025-02-14 19:55:17 [main] INFO  o.h.e.t.j.p.i.JtaPlatformInitiator - HHH000490: Using JtaPlatform implementation: [org.hibernate.engine.transaction.jta.platform.internal.NoJtaPlatform]
2025-02-14 19:55:17 [main] INFO  o.s.o.j.LocalContainerEntityManagerFactoryBean - Initialized JPA EntityManagerFactory for persistence unit 'default'
2025-02-14 19:55:18 [main] INFO  c.s.c.config.FirebaseConfig - Firebase initialized successfully.
2025-02-14 19:55:18 [main] INFO  c.s.c.service.AuthenticationService - AuthenticationService initialized.
2025-02-14 19:55:18 [main] INFO  o.s.b.f.a.AutowiredAnnotationBeanPostProcessor - Autowired annotation is not supported on static fields: private static final org.slf4j.Logger com.shiel.campaignapi.service.BookingService.logger
2025-02-14 19:55:18 [main] INFO  org.quartz.impl.StdSchedulerFactory - Using default implementation for ThreadExecutor
2025-02-14 19:55:18 [main] INFO  o.quartz.core.SchedulerSignalerImpl - Initialized Scheduler Signaller of type: class org.quartz.core.SchedulerSignalerImpl
2025-02-14 19:55:18 [main] INFO  org.quartz.core.QuartzScheduler - Quartz Scheduler v.2.3.2 created.
2025-02-14 19:55:18 [main] INFO  org.quartz.simpl.RAMJobStore - RAMJobStore initialized.
2025-02-14 19:55:18 [main] INFO  org.quartz.core.QuartzScheduler - Scheduler meta-data: Quartz Scheduler (v2.3.2) 'MeetingScheduler' with instanceId 'NON_CLUSTERED'
  Scheduler class: 'org.quartz.core.QuartzScheduler' - running locally.
  NOT STARTED.
  Currently in standby mode.
  Number of jobs executed: 0
  Using thread pool 'org.quartz.simpl.SimpleThreadPool' - with 10 threads.
  Using job-store 'org.quartz.simpl.RAMJobStore' - which does not support persistence. and is not clustered.

2025-02-14 19:55:18 [main] INFO  org.quartz.impl.StdSchedulerFactory - Quartz scheduler 'MeetingScheduler' initialized from an externally provided properties instance.
2025-02-14 19:55:18 [main] INFO  org.quartz.impl.StdSchedulerFactory - Quartz scheduler version: 2.3.2
2025-02-14 19:55:18 [main] INFO  org.quartz.core.QuartzScheduler - JobFactory set to: org.springframework.scheduling.quartz.SpringBeanJobFactory@324ee3ca
2025-02-14 19:55:18 [main] INFO  o.s.s.web.DefaultSecurityFilterChain - Will secure any request with [org.springframework.security.web.session.DisableEncodeUrlFilter@7a7698f4, org.springframework.security.web.context.request.async.WebAsyncManagerIntegrationFilter@1150b923, org.springframework.security.web.context.SecurityContextHolderFilter@5e6b2641, org.springframework.security.web.header.HeaderWriterFilter@e50e308, org.springframework.security.web.authentication.logout.LogoutFilter@7701b695, com.shiel.campaignapi.config.JwtAuthenticationFilter@d91e8c7, org.springframework.security.web.savedrequest.RequestCacheAwareFilter@1ef585bb, org.springframework.security.web.servletapi.SecurityContextHolderAwareRequestFilter@24c94e95, org.springframework.security.web.authentication.AnonymousAuthenticationFilter@54c2cfc9, org.springframework.security.web.session.SessionManagementFilter@4ec78008, org.springframework.security.web.access.ExceptionTranslationFilter@51c7d472, org.springframework.security.web.access.intercept.AuthorizationFilter@5ed6a36a]
2025-02-14 19:55:18 [main] INFO  o.a.coyote.http11.Http11NioProtocol - Starting ProtocolHandler ["http-nio-8080"]
2025-02-14 19:55:18 [main] INFO  o.s.b.w.e.tomcat.TomcatWebServer - Tomcat started on port(s): 8080 (http) with context path '/api'
2025-02-14 19:55:18 [main] INFO  o.s.s.quartz.SchedulerFactoryBean - Starting Quartz Scheduler now
2025-02-14 19:55:18 [main] INFO  org.quartz.core.QuartzScheduler - Scheduler MeetingScheduler_$_NON_CLUSTERED started.
2025-02-14 19:55:18 [main] INFO  c.s.c.CampaignApiApplication - Started CampaignApiApplication in 4.155 seconds (process running for 4.8)
2025-02-14 19:55:33 [http-nio-8080-exec-1] INFO  o.a.c.c.C.[.[localhost].[/api] - Initializing Spring DispatcherServlet 'dispatcherServlet'
2025-02-14 19:55:33 [http-nio-8080-exec-1] INFO  o.s.web.servlet.DispatcherServlet - Initializing Servlet 'dispatcherServlet'
2025-02-14 19:55:33 [http-nio-8080-exec-1] INFO  o.s.web.servlet.DispatcherServlet - Completed initialization in 1 ms
2025-02-14 19:55:33 [http-nio-8080-exec-1] INFO  c.s.c.service.BookingService - Starting booking process for event ID: 1
2025-02-14 19:55:33 [http-nio-8080-exec-1] ERROR c.s.c.service.BookingService - Error saving booking: Father's age must be greater than the user's age
com.shiel.campaignapi.exception.UserIllegalArgumentException: Father's age must be greater than the user's age
	at com.shiel.campaignapi.service.BookingService.saveBooking(BookingService.java:173)
	at java.base/jdk.internal.reflect.NativeMethodAccessorImpl.invoke0(Native Method)
	at java.base/jdk.internal.reflect.NativeMethodAccessorImpl.invoke(NativeMethodAccessorImpl.java:77)
	at java.base/jdk.internal.reflect.DelegatingMethodAccessorImpl.invoke(DelegatingMethodAccessorImpl.java:43)
	at java.base/java.lang.reflect.Method.invoke(Method.java:568)
	at org.springframework.aop.support.AopUtils.invokeJoinpointUsingReflection(AopUtils.java:343)
	at org.springframework.aop.framework.ReflectiveMethodInvocation.invokeJoinpoint(ReflectiveMethodInvocation.java:196)
	at org.springframework.aop.framework.ReflectiveMethodInvocation.proceed(ReflectiveMethodInvocation.java:163)
	at org.springframework.aop.framework.CglibAopProxy$CglibMethodInvocation.proceed(CglibAopProxy.java:751)
	at org.springframework.transaction.interceptor.TransactionInterceptor$1.proceedWithInvocation(TransactionInterceptor.java:123)
	at org.springframework.transaction.interceptor.TransactionAspectSupport.invokeWithinTransaction(TransactionAspectSupport.java:391)
	at org.springframework.transaction.interceptor.TransactionInterceptor.invoke(TransactionInterceptor.java:119)
	at org.springframework.aop.framework.ReflectiveMethodInvocation.proceed(ReflectiveMethodInvocation.java:184)
	at org.springframework.aop.framework.CglibAopProxy$CglibMethodInvocation.proceed(CglibAopProxy.java:751)
	at org.springframework.aop.framework.CglibAopProxy$DynamicAdvisedInterceptor.intercept(CglibAopProxy.java:703)
	at com.shiel.campaignapi.service.BookingService$$SpringCGLIB$$0.saveBooking(<generated>)
	at com.shiel.campaignapi.controller.BookingController.addBooking(BookingController.java:36)
	at java.base/jdk.internal.reflect.NativeMethodAccessorImpl.invoke0(Native Method)
	at java.base/jdk.internal.reflect.NativeMethodAccessorImpl.invoke(NativeMethodAccessorImpl.java:77)
	at java.base/jdk.internal.reflect.DelegatingMethodAccessorImpl.invoke(DelegatingMethodAccessorImpl.java:43)
	at java.base/java.lang.reflect.Method.invoke(Method.java:568)
	at org.springframework.web.method.support.InvocableHandlerMethod.doInvoke(InvocableHandlerMethod.java:205)
	at org.springframework.web.method.support.InvocableHandlerMethod.invokeForRequest(InvocableHandlerMethod.java:150)
	at org.springframework.web.servlet.mvc.method.annotation.ServletInvocableHandlerMethod.invokeAndHandle(ServletInvocableHandlerMethod.java:118)
	at org.springframework.web.servlet.mvc.method.annotation.RequestMappingHandlerAdapter.invokeHandlerMethod(RequestMappingHandlerAdapter.java:884)
	at org.springframework.web.servlet.mvc.method.annotation.RequestMappingHandlerAdapter.handleInternal(RequestMappingHandlerAdapter.java:797)
	at org.springframework.web.servlet.mvc.method.AbstractHandlerMethodAdapter.handle(AbstractHandlerMethodAdapter.java:87)
	at org.springframework.web.servlet.DispatcherServlet.doDispatch(DispatcherServlet.java:1081)
	at org.springframework.web.servlet.DispatcherServlet.doService(DispatcherServlet.java:974)
	at org.springframework.web.servlet.FrameworkServlet.processRequest(FrameworkServlet.java:1011)
	at org.springframework.web.servlet.FrameworkServlet.doPost(FrameworkServlet.java:914)
	at jakarta.servlet.http.HttpServlet.service(HttpServlet.java:590)
	at org.springframework.web.servlet.FrameworkServlet.service(FrameworkServlet.java:885)
	at jakarta.servlet.http.HttpServlet.service(HttpServlet.java:658)
	at org.apache.catalina.core.ApplicationFilterChain.internalDoFilter(ApplicationFilterChain.java:205)
	at org.apache.catalina.core.ApplicationFilterChain.doFilter(ApplicationFilterChain.java:149)
	at org.apache.tomcat.websocket.server.WsFilter.doFilter(WsFilter.java:51)
	at org.apache.catalina.core.ApplicationFilterChain.internalDoFilter(ApplicationFilterChain.java:174)
	at org.apache.catalina.core.ApplicationFilterChain.doFilter(ApplicationFilterChain.java:149)
	at org.springframework.web.filter.OncePerRequestFilter.doFilter(OncePerRequestFilter.java:110)
	at org.apache.catalina.core.ApplicationFilterChain.internalDoFilter(ApplicationFilterChain.java:174)
	at org.apache.catalina.core.ApplicationFilterChain.doFilter(ApplicationFilterChain.java:149)
	at org.springframework.security.web.FilterChainProxy.lambda$doFilterInternal$3(FilterChainProxy.java:231)
	at org.springframework.security.web.FilterChainProxy$VirtualFilterChain.doFilter(FilterChainProxy.java:365)
	at org.springframework.security.web.access.intercept.AuthorizationFilter.doFilter(AuthorizationFilter.java:100)
	at org.springframework.security.web.FilterChainProxy$VirtualFilterChain.doFilter(FilterChainProxy.java:374)
	at org.springframework.security.web.access.ExceptionTranslationFilter.doFilter(ExceptionTranslationFilter.java:126)
	at org.springframework.security.web.access.ExceptionTranslationFilter.doFilter(ExceptionTranslationFilter.java:120)
	at org.springframework.security.web.FilterChainProxy$VirtualFilterChain.doFilter(FilterChainProxy.java:374)
	at org.springframework.security.web.session.SessionManagementFilter.doFilter(SessionManagementFilter.java:131)
	at org.springframework.security.web.session.SessionManagementFilter.doFilter(SessionManagementFilter.java:85)
	at org.springframework.security.web.FilterChainProxy$VirtualFilterChain.doFilter(FilterChainProxy.java:374)
	at org.springframework.security.web.authentication.AnonymousAuthenticationFilter.doFilter(AnonymousAuthenticationFilter.java:100)
	at org.springframework.security.web.FilterChainProxy$VirtualFilterChain.doFilter(FilterChainProxy.java:374)
	at org.springframework.security.web.servletapi.SecurityContextHolderAwareRequestFilter.doFilter(SecurityContextHolderAwareRequestFilter.java:179)
	at org.springframework.security.web.FilterChainProxy$VirtualFilterChain.doFilter(FilterChainProxy.java:374)
	at org.springframework.security.web.savedrequest.RequestCacheAwareFilter.doFilter(RequestCacheAwareFilter.java:63)
	at org.springframework.security.web.FilterChainProxy$VirtualFilterChain.doFilter(FilterChainProxy.java:374)
	at com.shiel.campaignapi.config.JwtAuthenticationFilter.doFilterInternal(JwtAuthenticationFilter.java:91)
	at org.springframework.web.filter.OncePerRequestFilter.doFilter(OncePerRequestFilter.java:116)
	at org.springframework.security.web.FilterChainProxy$VirtualFilterChain.doFilter(FilterChainProxy.java:374)
	at org.springframework.security.web.authentication.logout.LogoutFilter.doFilter(LogoutFilter.java:107)
	at org.springframework.security.web.authentication.logout.LogoutFilter.doFilter(LogoutFilter.java:93)
	at org.springframework.security.web.FilterChainProxy$VirtualFilterChain.doFilter(FilterChainProxy.java:374)
	at org.springframework.security.web.header.HeaderWriterFilter.doHeadersAfter(HeaderWriterFilter.java:90)
	at org.springframework.security.web.header.HeaderWriterFilter.doFilterInternal(HeaderWriterFilter.java:75)
	at org.springframework.web.filter.OncePerRequestFilter.doFilter(OncePerRequestFilter.java:116)
	at org.springframework.security.web.FilterChainProxy$VirtualFilterChain.doFilter(FilterChainProxy.java:374)
	at org.springframework.security.web.context.SecurityContextHolderFilter.doFilter(SecurityContextHolderFilter.java:82)
	at org.springframework.security.web.context.SecurityContextHolderFilter.doFilter(SecurityContextHolderFilter.java:69)
	at org.springframework.security.web.FilterChainProxy$VirtualFilterChain.doFilter(FilterChainProxy.java:374)
	at org.springframework.security.web.context.request.async.WebAsyncManagerIntegrationFilter.doFilterInternal(WebAsyncManagerIntegrationFilter.java:62)
	at org.springframework.web.filter.OncePerRequestFilter.doFilter(OncePerRequestFilter.java:116)
	at org.springframework.security.web.FilterChainProxy$VirtualFilterChain.doFilter(FilterChainProxy.java:374)
	at org.springframework.security.web.session.DisableEncodeUrlFilter.doFilterInternal(DisableEncodeUrlFilter.java:42)
	at org.springframework.web.filter.OncePerRequestFilter.doFilter(OncePerRequestFilter.java:116)
	at org.springframework.security.web.FilterChainProxy$VirtualFilterChain.doFilter(FilterChainProxy.java:374)
	at org.springframework.security.web.FilterChainProxy.doFilterInternal(FilterChainProxy.java:233)
	at org.springframework.security.web.FilterChainProxy.doFilter(FilterChainProxy.java:191)
	at org.springframework.web.filter.DelegatingFilterProxy.invokeDelegate(DelegatingFilterProxy.java:352)
	at org.springframework.web.filter.DelegatingFilterProxy.doFilter(DelegatingFilterProxy.java:268)
	at org.apache.catalina.core.ApplicationFilterChain.internalDoFilter(ApplicationFilterChain.java:174)
	at org.apache.catalina.core.ApplicationFilterChain.doFilter(ApplicationFilterChain.java:149)
	at org.springframework.web.filter.RequestContextFilter.doFilterInternal(RequestContextFilter.java:100)
	at org.springframework.web.filter.OncePerRequestFilter.doFilter(OncePerRequestFilter.java:116)
	at org.apache.catalina.core.ApplicationFilterChain.internalDoFilter(ApplicationFilterChain.java:174)
	at org.apache.catalina.core.ApplicationFilterChain.doFilter(ApplicationFilterChain.java:149)
	at org.springframework.web.filter.FormContentFilter.doFilterInternal(FormContentFilter.java:93)
	at org.springframework.web.filter.OncePerRequestFilter.doFilter(OncePerRequestFilter.java:116)
	at org.apache.catalina.core.ApplicationFilterChain.internalDoFilter(ApplicationFilterChain.java:174)
	at org.apache.catalina.core.ApplicationFilterChain.doFilter(ApplicationFilterChain.java:149)
	at org.springframework.web.filter.CharacterEncodingFilter.doFilterInternal(CharacterEncodingFilter.java:201)
	at org.springframework.web.filter.OncePerRequestFilter.doFilter(OncePerRequestFilter.java:116)
	at org.apache.catalina.core.ApplicationFilterChain.internalDoFilter(ApplicationFilterChain.java:174)
	at org.apache.catalina.core.ApplicationFilterChain.doFilter(ApplicationFilterChain.java:149)
	at org.apache.catalina.core.StandardWrapperValve.invoke(StandardWrapperValve.java:167)
	at org.apache.catalina.core.StandardContextValve.invoke(StandardContextValve.java:90)
	at org.apache.catalina.authenticator.AuthenticatorBase.invoke(AuthenticatorBase.java:482)
	at org.apache.catalina.core.StandardHostValve.invoke(StandardHostValve.java:115)
	at org.apache.catalina.valves.ErrorReportValve.invoke(ErrorReportValve.java:93)
	at org.apache.catalina.core.StandardEngineValve.invoke(StandardEngineValve.java:74)
	at org.apache.catalina.connector.CoyoteAdapter.service(CoyoteAdapter.java:341)
	at org.apache.coyote.http11.Http11Processor.service(Http11Processor.java:391)
	at org.apache.coyote.AbstractProcessorLight.process(AbstractProcessorLight.java:63)
	at org.apache.coyote.AbstractProtocol$ConnectionHandler.process(AbstractProtocol.java:894)
	at org.apache.tomcat.util.net.NioEndpoint$SocketProcessor.doRun(NioEndpoint.java:1740)
	at org.apache.tomcat.util.net.SocketProcessorBase.run(SocketProcessorBase.java:52)
	at org.apache.tomcat.util.threads.ThreadPoolExecutor.runWorker(ThreadPoolExecutor.java:1191)
	at org.apache.tomcat.util.threads.ThreadPoolExecutor$Worker.run(ThreadPoolExecutor.java:659)
	at org.apache.tomcat.util.threads.TaskThread$WrappingRunnable.run(TaskThread.java:61)
	at java.base/java.lang.Thread.run(Thread.java:833)
2025-02-14 20:22:24 [HikariPool-1 housekeeper] WARN  com.zaxxer.hikari.pool.HikariPool - HikariPool-1 - Thread starvation or clock leap detected (housekeeper delta=17m7s785ms133µs).
2025-02-14 20:30:58 [background-preinit] INFO  o.h.validator.internal.util.Version - HV000001: Hibernate Validator 7.0.0.Final
2025-02-14 20:30:58 [main] INFO  c.s.c.CampaignApiApplication - Starting CampaignApiApplication using Java 17.0.8.1 with PID 19292 (D:\project\camp-api\campaignapi\target\classes started by shibi in D:\project\camp-api\campaignapi)
2025-02-14 20:30:58 [main] INFO  c.s.c.CampaignApiApplication - No active profile set, falling back to 1 default profile: "default"
2025-02-14 20:30:59 [main] INFO  o.s.d.r.c.RepositoryConfigurationDelegate - Bootstrapping Spring Data JPA repositories in DEFAULT mode.
2025-02-14 20:30:59 [main] INFO  o.s.d.r.c.RepositoryConfigurationDelegate - Finished Spring Data repository scanning in 100 ms. Found 9 JPA repository interfaces.
2025-02-14 20:31:00 [main] INFO  o.s.b.w.e.tomcat.TomcatWebServer - Tomcat initialized with port(s): 8080 (http)
2025-02-14 20:31:00 [main] INFO  o.a.coyote.http11.Http11NioProtocol - Initializing ProtocolHandler ["http-nio-8080"]
2025-02-14 20:31:00 [main] INFO  o.a.catalina.core.StandardService - Starting service [Tomcat]
2025-02-14 20:31:00 [main] INFO  o.a.catalina.core.StandardEngine - Starting Servlet engine: [Apache Tomcat/10.1.13]
2025-02-14 20:31:00 [main] INFO  o.a.c.c.C.[.[localhost].[/api] - Initializing Spring embedded WebApplicationContext
2025-02-14 20:31:00 [main] INFO  o.s.b.w.s.c.ServletWebServerApplicationContext - Root WebApplicationContext: initialization completed in 1629 ms
2025-02-14 20:31:00 [main] INFO  o.h.jpa.internal.util.LogHelper - HHH000204: Processing PersistenceUnitInfo [name: default]
2025-02-14 20:31:00 [main] INFO  org.hibernate.Version - HHH000412: Hibernate ORM core version 6.2.9.Final
2025-02-14 20:31:00 [main] INFO  org.hibernate.cfg.Environment - HHH000406: Using bytecode reflection optimizer
2025-02-14 20:31:00 [main] INFO  o.h.b.i.BytecodeProviderInitiator - HHH000021: Bytecode provider name : bytebuddy
2025-02-14 20:31:00 [main] INFO  o.s.o.j.p.SpringPersistenceUnitInfo - No LoadTimeWeaver setup: ignoring JPA class transformer
2025-02-14 20:31:00 [main] INFO  com.zaxxer.hikari.HikariDataSource - HikariPool-1 - Starting...
2025-02-14 20:31:01 [main] INFO  com.zaxxer.hikari.pool.HikariPool - HikariPool-1 - Added connection com.mysql.cj.jdbc.ConnectionImpl@32f308c6
2025-02-14 20:31:01 [main] INFO  com.zaxxer.hikari.HikariDataSource - HikariPool-1 - Start completed.
2025-02-14 20:31:01 [main] INFO  o.h.b.i.BytecodeProviderInitiator - HHH000021: Bytecode provider name : bytebuddy
2025-02-14 20:31:02 [main] INFO  o.h.e.t.j.p.i.JtaPlatformInitiator - HHH000490: Using JtaPlatform implementation: [org.hibernate.engine.transaction.jta.platform.internal.NoJtaPlatform]
2025-02-14 20:31:02 [main] INFO  o.s.o.j.LocalContainerEntityManagerFactoryBean - Initialized JPA EntityManagerFactory for persistence unit 'default'
2025-02-14 20:31:03 [main] INFO  c.s.c.config.FirebaseConfig - Firebase initialized successfully.
2025-02-14 20:31:03 [main] INFO  c.s.c.service.AuthenticationService - AuthenticationService initialized.
2025-02-14 20:31:03 [main] INFO  o.s.b.f.a.AutowiredAnnotationBeanPostProcessor - Autowired annotation is not supported on static fields: private static final org.slf4j.Logger com.shiel.campaignapi.service.BookingService.logger
2025-02-14 20:31:03 [main] INFO  org.quartz.impl.StdSchedulerFactory - Using default implementation for ThreadExecutor
2025-02-14 20:31:03 [main] INFO  o.quartz.core.SchedulerSignalerImpl - Initialized Scheduler Signaller of type: class org.quartz.core.SchedulerSignalerImpl
2025-02-14 20:31:03 [main] INFO  org.quartz.core.QuartzScheduler - Quartz Scheduler v.2.3.2 created.
2025-02-14 20:31:03 [main] INFO  org.quartz.simpl.RAMJobStore - RAMJobStore initialized.
2025-02-14 20:31:03 [main] INFO  org.quartz.core.QuartzScheduler - Scheduler meta-data: Quartz Scheduler (v2.3.2) 'MeetingScheduler' with instanceId 'NON_CLUSTERED'
  Scheduler class: 'org.quartz.core.QuartzScheduler' - running locally.
  NOT STARTED.
  Currently in standby mode.
  Number of jobs executed: 0
  Using thread pool 'org.quartz.simpl.SimpleThreadPool' - with 10 threads.
  Using job-store 'org.quartz.simpl.RAMJobStore' - which does not support persistence. and is not clustered.

2025-02-14 20:31:03 [main] INFO  org.quartz.impl.StdSchedulerFactory - Quartz scheduler 'MeetingScheduler' initialized from an externally provided properties instance.
2025-02-14 20:31:03 [main] INFO  org.quartz.impl.StdSchedulerFactory - Quartz scheduler version: 2.3.2
2025-02-14 20:31:03 [main] INFO  org.quartz.core.QuartzScheduler - JobFactory set to: org.springframework.scheduling.quartz.SpringBeanJobFactory@22781286
2025-02-14 20:31:03 [main] INFO  o.s.s.web.DefaultSecurityFilterChain - Will secure any request with [org.springframework.security.web.session.DisableEncodeUrlFilter@bda4cbe, org.springframework.security.web.context.request.async.WebAsyncManagerIntegrationFilter@24df4805, org.springframework.security.web.context.SecurityContextHolderFilter@58f259bd, org.springframework.security.web.header.HeaderWriterFilter@5232cec1, org.springframework.security.web.authentication.logout.LogoutFilter@5ed6a36a, com.shiel.campaignapi.config.JwtAuthenticationFilter@4807b2b7, org.springframework.security.web.savedrequest.RequestCacheAwareFilter@4075c0d8, org.springframework.security.web.servletapi.SecurityContextHolderAwareRequestFilter@2cc9a5a2, org.springframework.security.web.authentication.AnonymousAuthenticationFilter@3bbc8c82, org.springframework.security.web.session.SessionManagementFilter@24c94e95, org.springframework.security.web.access.ExceptionTranslationFilter@1e11d73c, org.springframework.security.web.access.intercept.AuthorizationFilter@2591477f]
2025-02-14 20:31:03 [main] INFO  o.a.coyote.http11.Http11NioProtocol - Starting ProtocolHandler ["http-nio-8080"]
2025-02-14 20:31:03 [main] INFO  o.s.b.w.e.tomcat.TomcatWebServer - Tomcat started on port(s): 8080 (http) with context path '/api'
2025-02-14 20:31:03 [main] INFO  o.s.s.quartz.SchedulerFactoryBean - Starting Quartz Scheduler now
2025-02-14 20:31:03 [main] INFO  org.quartz.core.QuartzScheduler - Scheduler MeetingScheduler_$_NON_CLUSTERED started.
2025-02-14 20:31:03 [main] INFO  c.s.c.CampaignApiApplication - Started CampaignApiApplication in 5.833 seconds (process running for 6.705)
2025-02-14 20:31:09 [http-nio-8080-exec-2] INFO  o.a.c.c.C.[.[localhost].[/api] - Initializing Spring DispatcherServlet 'dispatcherServlet'
2025-02-14 20:31:09 [http-nio-8080-exec-2] INFO  o.s.web.servlet.DispatcherServlet - Initializing Servlet 'dispatcherServlet'
2025-02-14 20:31:09 [http-nio-8080-exec-2] INFO  o.s.web.servlet.DispatcherServlet - Completed initialization in 1 ms
2025-02-14 20:31:09 [http-nio-8080-exec-2] INFO  c.s.c.service.BookingService - Starting booking process for event ID: 1
2025-02-14 20:31:09 [http-nio-8080-exec-2] ERROR c.s.c.service.BookingService - User input error: Father's age must be greater than the user's age
com.shiel.campaignapi.exception.UserIllegalArgumentException: Father's age must be greater than the user's age
	at com.shiel.campaignapi.service.BookingService.saveBooking(BookingService.java:173)
	at java.base/jdk.internal.reflect.NativeMethodAccessorImpl.invoke0(Native Method)
	at java.base/jdk.internal.reflect.NativeMethodAccessorImpl.invoke(NativeMethodAccessorImpl.java:77)
	at java.base/jdk.internal.reflect.DelegatingMethodAccessorImpl.invoke(DelegatingMethodAccessorImpl.java:43)
	at java.base/java.lang.reflect.Method.invoke(Method.java:568)
	at org.springframework.aop.support.AopUtils.invokeJoinpointUsingReflection(AopUtils.java:343)
	at org.springframework.aop.framework.ReflectiveMethodInvocation.invokeJoinpoint(ReflectiveMethodInvocation.java:196)
	at org.springframework.aop.framework.ReflectiveMethodInvocation.proceed(ReflectiveMethodInvocation.java:163)
	at org.springframework.aop.framework.CglibAopProxy$CglibMethodInvocation.proceed(CglibAopProxy.java:751)
	at org.springframework.transaction.interceptor.TransactionInterceptor$1.proceedWithInvocation(TransactionInterceptor.java:123)
	at org.springframework.transaction.interceptor.TransactionAspectSupport.invokeWithinTransaction(TransactionAspectSupport.java:391)
	at org.springframework.transaction.interceptor.TransactionInterceptor.invoke(TransactionInterceptor.java:119)
	at org.springframework.aop.framework.ReflectiveMethodInvocation.proceed(ReflectiveMethodInvocation.java:184)
	at org.springframework.aop.framework.CglibAopProxy$CglibMethodInvocation.proceed(CglibAopProxy.java:751)
	at org.springframework.aop.framework.CglibAopProxy$DynamicAdvisedInterceptor.intercept(CglibAopProxy.java:703)
	at com.shiel.campaignapi.service.BookingService$$SpringCGLIB$$0.saveBooking(<generated>)
	at com.shiel.campaignapi.controller.BookingController.addBooking(BookingController.java:36)
	at java.base/jdk.internal.reflect.NativeMethodAccessorImpl.invoke0(Native Method)
	at java.base/jdk.internal.reflect.NativeMethodAccessorImpl.invoke(NativeMethodAccessorImpl.java:77)
	at java.base/jdk.internal.reflect.DelegatingMethodAccessorImpl.invoke(DelegatingMethodAccessorImpl.java:43)
	at java.base/java.lang.reflect.Method.invoke(Method.java:568)
	at org.springframework.web.method.support.InvocableHandlerMethod.doInvoke(InvocableHandlerMethod.java:205)
	at org.springframework.web.method.support.InvocableHandlerMethod.invokeForRequest(InvocableHandlerMethod.java:150)
	at org.springframework.web.servlet.mvc.method.annotation.ServletInvocableHandlerMethod.invokeAndHandle(ServletInvocableHandlerMethod.java:118)
	at org.springframework.web.servlet.mvc.method.annotation.RequestMappingHandlerAdapter.invokeHandlerMethod(RequestMappingHandlerAdapter.java:884)
	at org.springframework.web.servlet.mvc.method.annotation.RequestMappingHandlerAdapter.handleInternal(RequestMappingHandlerAdapter.java:797)
	at org.springframework.web.servlet.mvc.method.AbstractHandlerMethodAdapter.handle(AbstractHandlerMethodAdapter.java:87)
	at org.springframework.web.servlet.DispatcherServlet.doDispatch(DispatcherServlet.java:1081)
	at org.springframework.web.servlet.DispatcherServlet.doService(DispatcherServlet.java:974)
	at org.springframework.web.servlet.FrameworkServlet.processRequest(FrameworkServlet.java:1011)
	at org.springframework.web.servlet.FrameworkServlet.doPost(FrameworkServlet.java:914)
	at jakarta.servlet.http.HttpServlet.service(HttpServlet.java:590)
	at org.springframework.web.servlet.FrameworkServlet.service(FrameworkServlet.java:885)
	at jakarta.servlet.http.HttpServlet.service(HttpServlet.java:658)
	at org.apache.catalina.core.ApplicationFilterChain.internalDoFilter(ApplicationFilterChain.java:205)
	at org.apache.catalina.core.ApplicationFilterChain.doFilter(ApplicationFilterChain.java:149)
	at org.apache.tomcat.websocket.server.WsFilter.doFilter(WsFilter.java:51)
	at org.apache.catalina.core.ApplicationFilterChain.internalDoFilter(ApplicationFilterChain.java:174)
	at org.apache.catalina.core.ApplicationFilterChain.doFilter(ApplicationFilterChain.java:149)
	at org.springframework.web.filter.OncePerRequestFilter.doFilter(OncePerRequestFilter.java:110)
	at org.apache.catalina.core.ApplicationFilterChain.internalDoFilter(ApplicationFilterChain.java:174)
	at org.apache.catalina.core.ApplicationFilterChain.doFilter(ApplicationFilterChain.java:149)
	at org.springframework.security.web.FilterChainProxy.lambda$doFilterInternal$3(FilterChainProxy.java:231)
	at org.springframework.security.web.FilterChainProxy$VirtualFilterChain.doFilter(FilterChainProxy.java:365)
	at org.springframework.security.web.access.intercept.AuthorizationFilter.doFilter(AuthorizationFilter.java:100)
	at org.springframework.security.web.FilterChainProxy$VirtualFilterChain.doFilter(FilterChainProxy.java:374)
	at org.springframework.security.web.access.ExceptionTranslationFilter.doFilter(ExceptionTranslationFilter.java:126)
	at org.springframework.security.web.access.ExceptionTranslationFilter.doFilter(ExceptionTranslationFilter.java:120)
	at org.springframework.security.web.FilterChainProxy$VirtualFilterChain.doFilter(FilterChainProxy.java:374)
	at org.springframework.security.web.session.SessionManagementFilter.doFilter(SessionManagementFilter.java:131)
	at org.springframework.security.web.session.SessionManagementFilter.doFilter(SessionManagementFilter.java:85)
	at org.springframework.security.web.FilterChainProxy$VirtualFilterChain.doFilter(FilterChainProxy.java:374)
	at org.springframework.security.web.authentication.AnonymousAuthenticationFilter.doFilter(AnonymousAuthenticationFilter.java:100)
	at org.springframework.security.web.FilterChainProxy$VirtualFilterChain.doFilter(FilterChainProxy.java:374)
	at org.springframework.security.web.servletapi.SecurityContextHolderAwareRequestFilter.doFilter(SecurityContextHolderAwareRequestFilter.java:179)
	at org.springframework.security.web.FilterChainProxy$VirtualFilterChain.doFilter(FilterChainProxy.java:374)
	at org.springframework.security.web.savedrequest.RequestCacheAwareFilter.doFilter(RequestCacheAwareFilter.java:63)
	at org.springframework.security.web.FilterChainProxy$VirtualFilterChain.doFilter(FilterChainProxy.java:374)
	at com.shiel.campaignapi.config.JwtAuthenticationFilter.doFilterInternal(JwtAuthenticationFilter.java:91)
	at org.springframework.web.filter.OncePerRequestFilter.doFilter(OncePerRequestFilter.java:116)
	at org.springframework.security.web.FilterChainProxy$VirtualFilterChain.doFilter(FilterChainProxy.java:374)
	at org.springframework.security.web.authentication.logout.LogoutFilter.doFilter(LogoutFilter.java:107)
	at org.springframework.security.web.authentication.logout.LogoutFilter.doFilter(LogoutFilter.java:93)
	at org.springframework.security.web.FilterChainProxy$VirtualFilterChain.doFilter(FilterChainProxy.java:374)
	at org.springframework.security.web.header.HeaderWriterFilter.doHeadersAfter(HeaderWriterFilter.java:90)
	at org.springframework.security.web.header.HeaderWriterFilter.doFilterInternal(HeaderWriterFilter.java:75)
	at org.springframework.web.filter.OncePerRequestFilter.doFilter(OncePerRequestFilter.java:116)
	at org.springframework.security.web.FilterChainProxy$VirtualFilterChain.doFilter(FilterChainProxy.java:374)
	at org.springframework.security.web.context.SecurityContextHolderFilter.doFilter(SecurityContextHolderFilter.java:82)
	at org.springframework.security.web.context.SecurityContextHolderFilter.doFilter(SecurityContextHolderFilter.java:69)
	at org.springframework.security.web.FilterChainProxy$VirtualFilterChain.doFilter(FilterChainProxy.java:374)
	at org.springframework.security.web.context.request.async.WebAsyncManagerIntegrationFilter.doFilterInternal(WebAsyncManagerIntegrationFilter.java:62)
	at org.springframework.web.filter.OncePerRequestFilter.doFilter(OncePerRequestFilter.java:116)
	at org.springframework.security.web.FilterChainProxy$VirtualFilterChain.doFilter(FilterChainProxy.java:374)
	at org.springframework.security.web.session.DisableEncodeUrlFilter.doFilterInternal(DisableEncodeUrlFilter.java:42)
	at org.springframework.web.filter.OncePerRequestFilter.doFilter(OncePerRequestFilter.java:116)
	at org.springframework.security.web.FilterChainProxy$VirtualFilterChain.doFilter(FilterChainProxy.java:374)
	at org.springframework.security.web.FilterChainProxy.doFilterInternal(FilterChainProxy.java:233)
	at org.springframework.security.web.FilterChainProxy.doFilter(FilterChainProxy.java:191)
	at org.springframework.web.filter.DelegatingFilterProxy.invokeDelegate(DelegatingFilterProxy.java:352)
	at org.springframework.web.filter.DelegatingFilterProxy.doFilter(DelegatingFilterProxy.java:268)
	at org.apache.catalina.core.ApplicationFilterChain.internalDoFilter(ApplicationFilterChain.java:174)
	at org.apache.catalina.core.ApplicationFilterChain.doFilter(ApplicationFilterChain.java:149)
	at org.springframework.web.filter.RequestContextFilter.doFilterInternal(RequestContextFilter.java:100)
	at org.springframework.web.filter.OncePerRequestFilter.doFilter(OncePerRequestFilter.java:116)
	at org.apache.catalina.core.ApplicationFilterChain.internalDoFilter(ApplicationFilterChain.java:174)
	at org.apache.catalina.core.ApplicationFilterChain.doFilter(ApplicationFilterChain.java:149)
	at org.springframework.web.filter.FormContentFilter.doFilterInternal(FormContentFilter.java:93)
	at org.springframework.web.filter.OncePerRequestFilter.doFilter(OncePerRequestFilter.java:116)
	at org.apache.catalina.core.ApplicationFilterChain.internalDoFilter(ApplicationFilterChain.java:174)
	at org.apache.catalina.core.ApplicationFilterChain.doFilter(ApplicationFilterChain.java:149)
	at org.springframework.web.filter.CharacterEncodingFilter.doFilterInternal(CharacterEncodingFilter.java:201)
	at org.springframework.web.filter.OncePerRequestFilter.doFilter(OncePerRequestFilter.java:116)
	at org.apache.catalina.core.ApplicationFilterChain.internalDoFilter(ApplicationFilterChain.java:174)
	at org.apache.catalina.core.ApplicationFilterChain.doFilter(ApplicationFilterChain.java:149)
	at org.apache.catalina.core.StandardWrapperValve.invoke(StandardWrapperValve.java:167)
	at org.apache.catalina.core.StandardContextValve.invoke(StandardContextValve.java:90)
	at org.apache.catalina.authenticator.AuthenticatorBase.invoke(AuthenticatorBase.java:482)
	at org.apache.catalina.core.StandardHostValve.invoke(StandardHostValve.java:115)
	at org.apache.catalina.valves.ErrorReportValve.invoke(ErrorReportValve.java:93)
	at org.apache.catalina.core.StandardEngineValve.invoke(StandardEngineValve.java:74)
	at org.apache.catalina.connector.CoyoteAdapter.service(CoyoteAdapter.java:341)
	at org.apache.coyote.http11.Http11Processor.service(Http11Processor.java:391)
	at org.apache.coyote.AbstractProcessorLight.process(AbstractProcessorLight.java:63)
	at org.apache.coyote.AbstractProtocol$ConnectionHandler.process(AbstractProtocol.java:894)
	at org.apache.tomcat.util.net.NioEndpoint$SocketProcessor.doRun(NioEndpoint.java:1740)
	at org.apache.tomcat.util.net.SocketProcessorBase.run(SocketProcessorBase.java:52)
	at org.apache.tomcat.util.threads.ThreadPoolExecutor.runWorker(ThreadPoolExecutor.java:1191)
	at org.apache.tomcat.util.threads.ThreadPoolExecutor$Worker.run(ThreadPoolExecutor.java:659)
	at org.apache.tomcat.util.threads.TaskThread$WrappingRunnable.run(TaskThread.java:61)
	at java.base/java.lang.Thread.run(Thread.java:833)
2025-02-14 20:33:40 [background-preinit] INFO  o.h.validator.internal.util.Version - HV000001: Hibernate Validator 7.0.0.Final
2025-02-14 20:33:40 [main] INFO  c.s.c.CampaignApiApplication - Starting CampaignApiApplication using Java 17.0.8.1 with PID 12444 (D:\project\camp-api\campaignapi\target\classes started by shibi in D:\project\camp-api\campaignapi)
2025-02-14 20:33:40 [main] INFO  c.s.c.CampaignApiApplication - No active profile set, falling back to 1 default profile: "default"
2025-02-14 20:33:41 [main] INFO  o.s.d.r.c.RepositoryConfigurationDelegate - Bootstrapping Spring Data JPA repositories in DEFAULT mode.
2025-02-14 20:33:41 [main] INFO  o.s.d.r.c.RepositoryConfigurationDelegate - Finished Spring Data repository scanning in 119 ms. Found 9 JPA repository interfaces.
2025-02-14 20:33:42 [main] INFO  o.s.b.w.e.tomcat.TomcatWebServer - Tomcat initialized with port(s): 8080 (http)
2025-02-14 20:33:42 [main] INFO  o.a.coyote.http11.Http11NioProtocol - Initializing ProtocolHandler ["http-nio-8080"]
2025-02-14 20:33:42 [main] INFO  o.a.catalina.core.StandardService - Starting service [Tomcat]
2025-02-14 20:33:42 [main] INFO  o.a.catalina.core.StandardEngine - Starting Servlet engine: [Apache Tomcat/10.1.13]
2025-02-14 20:33:42 [main] INFO  o.a.c.c.C.[.[localhost].[/api] - Initializing Spring embedded WebApplicationContext
2025-02-14 20:33:42 [main] INFO  o.s.b.w.s.c.ServletWebServerApplicationContext - Root WebApplicationContext: initialization completed in 1750 ms
2025-02-14 20:33:42 [main] INFO  o.h.jpa.internal.util.LogHelper - HHH000204: Processing PersistenceUnitInfo [name: default]
2025-02-14 20:33:42 [main] INFO  org.hibernate.Version - HHH000412: Hibernate ORM core version 6.2.9.Final
2025-02-14 20:33:42 [main] INFO  org.hibernate.cfg.Environment - HHH000406: Using bytecode reflection optimizer
2025-02-14 20:33:42 [main] INFO  o.h.b.i.BytecodeProviderInitiator - HHH000021: Bytecode provider name : bytebuddy
2025-02-14 20:33:42 [main] INFO  o.s.o.j.p.SpringPersistenceUnitInfo - No LoadTimeWeaver setup: ignoring JPA class transformer
2025-02-14 20:33:42 [main] INFO  com.zaxxer.hikari.HikariDataSource - HikariPool-1 - Starting...
2025-02-14 20:33:42 [main] INFO  com.zaxxer.hikari.pool.HikariPool - HikariPool-1 - Added connection com.mysql.cj.jdbc.ConnectionImpl@32f308c6
2025-02-14 20:33:42 [main] INFO  com.zaxxer.hikari.HikariDataSource - HikariPool-1 - Start completed.
2025-02-14 20:33:43 [main] INFO  o.h.b.i.BytecodeProviderInitiator - HHH000021: Bytecode provider name : bytebuddy
2025-02-14 20:33:44 [main] INFO  o.h.e.t.j.p.i.JtaPlatformInitiator - HHH000490: Using JtaPlatform implementation: [org.hibernate.engine.transaction.jta.platform.internal.NoJtaPlatform]
2025-02-14 20:33:44 [main] INFO  o.s.o.j.LocalContainerEntityManagerFactoryBean - Initialized JPA EntityManagerFactory for persistence unit 'default'
2025-02-14 20:33:45 [main] INFO  c.s.c.config.FirebaseConfig - Firebase initialized successfully.
2025-02-14 20:33:45 [main] INFO  c.s.c.service.AuthenticationService - AuthenticationService initialized.
2025-02-14 20:33:45 [main] INFO  o.s.b.f.a.AutowiredAnnotationBeanPostProcessor - Autowired annotation is not supported on static fields: private static final org.slf4j.Logger com.shiel.campaignapi.service.BookingService.logger
2025-02-14 20:33:45 [main] INFO  org.quartz.impl.StdSchedulerFactory - Using default implementation for ThreadExecutor
2025-02-14 20:33:45 [main] INFO  o.quartz.core.SchedulerSignalerImpl - Initialized Scheduler Signaller of type: class org.quartz.core.SchedulerSignalerImpl
2025-02-14 20:33:45 [main] INFO  org.quartz.core.QuartzScheduler - Quartz Scheduler v.2.3.2 created.
2025-02-14 20:33:45 [main] INFO  org.quartz.simpl.RAMJobStore - RAMJobStore initialized.
2025-02-14 20:33:45 [main] INFO  org.quartz.core.QuartzScheduler - Scheduler meta-data: Quartz Scheduler (v2.3.2) 'MeetingScheduler' with instanceId 'NON_CLUSTERED'
  Scheduler class: 'org.quartz.core.QuartzScheduler' - running locally.
  NOT STARTED.
  Currently in standby mode.
  Number of jobs executed: 0
  Using thread pool 'org.quartz.simpl.SimpleThreadPool' - with 10 threads.
  Using job-store 'org.quartz.simpl.RAMJobStore' - which does not support persistence. and is not clustered.

2025-02-14 20:33:45 [main] INFO  org.quartz.impl.StdSchedulerFactory - Quartz scheduler 'MeetingScheduler' initialized from an externally provided properties instance.
2025-02-14 20:33:45 [main] INFO  org.quartz.impl.StdSchedulerFactory - Quartz scheduler version: 2.3.2
2025-02-14 20:33:45 [main] INFO  org.quartz.core.QuartzScheduler - JobFactory set to: org.springframework.scheduling.quartz.SpringBeanJobFactory@22781286
2025-02-14 20:33:45 [main] INFO  o.s.s.web.DefaultSecurityFilterChain - Will secure any request with [org.springframework.security.web.session.DisableEncodeUrlFilter@bda4cbe, org.springframework.security.web.context.request.async.WebAsyncManagerIntegrationFilter@24df4805, org.springframework.security.web.context.SecurityContextHolderFilter@58f259bd, org.springframework.security.web.header.HeaderWriterFilter@5232cec1, org.springframework.security.web.authentication.logout.LogoutFilter@5ed6a36a, com.shiel.campaignapi.config.JwtAuthenticationFilter@4807b2b7, org.springframework.security.web.savedrequest.RequestCacheAwareFilter@4075c0d8, org.springframework.security.web.servletapi.SecurityContextHolderAwareRequestFilter@2cc9a5a2, org.springframework.security.web.authentication.AnonymousAuthenticationFilter@3bbc8c82, org.springframework.security.web.session.SessionManagementFilter@24c94e95, org.springframework.security.web.access.ExceptionTranslationFilter@1e11d73c, org.springframework.security.web.access.intercept.AuthorizationFilter@2591477f]
2025-02-14 20:33:45 [main] INFO  o.a.coyote.http11.Http11NioProtocol - Starting ProtocolHandler ["http-nio-8080"]
2025-02-14 20:33:45 [main] INFO  o.s.b.w.e.tomcat.TomcatWebServer - Tomcat started on port(s): 8080 (http) with context path '/api'
2025-02-14 20:33:45 [main] INFO  o.s.s.quartz.SchedulerFactoryBean - Starting Quartz Scheduler now
2025-02-14 20:33:45 [main] INFO  org.quartz.core.QuartzScheduler - Scheduler MeetingScheduler_$_NON_CLUSTERED started.
2025-02-14 20:33:45 [main] INFO  c.s.c.CampaignApiApplication - Started CampaignApiApplication in 6.052 seconds (process running for 7.028)
2025-02-14 20:34:15 [http-nio-8080-exec-2] INFO  o.a.c.c.C.[.[localhost].[/api] - Initializing Spring DispatcherServlet 'dispatcherServlet'
2025-02-14 20:34:15 [http-nio-8080-exec-2] INFO  o.s.web.servlet.DispatcherServlet - Initializing Servlet 'dispatcherServlet'
2025-02-14 20:34:15 [http-nio-8080-exec-2] INFO  o.s.web.servlet.DispatcherServlet - Completed initialization in 0 ms
