2025-01-25 12:18:48 [background-preinit] INFO  o.h.validator.internal.util.Version - HV000001: Hibernate Validator 7.0.0.Final
2025-01-25 12:18:48 [main] INFO  c.s.c.CampaignApiApplication - Starting CampaignApiApplication using Java 17.0.8.1 with PID 22780 (D:\project\camp-api\campaignapi\target\classes started by shibi in D:\project\camp-api\campaignapi)
2025-01-25 12:18:48 [main] INFO  c.s.c.CampaignApiApplication - No active profile set, falling back to 1 default profile: "default"
2025-01-25 12:18:49 [main] INFO  o.s.d.r.c.RepositoryConfigurationDelegate - Bootstrapping Spring Data JPA repositories in DEFAULT mode.
2025-01-25 12:18:49 [main] INFO  o.s.d.r.c.RepositoryConfigurationDelegate - Finished Spring Data repository scanning in 54 ms. Found 9 JPA repository interfaces.
2025-01-25 12:18:49 [main] INFO  o.s.b.w.e.tomcat.TomcatWebServer - Tomcat initialized with port(s): 8080 (http)
2025-01-25 12:18:49 [main] INFO  o.a.coyote.http11.Http11NioProtocol - Initializing ProtocolHandler ["http-nio-8080"]
2025-01-25 12:18:49 [main] INFO  o.a.catalina.core.StandardService - Starting service [Tomcat]
2025-01-25 12:18:49 [main] INFO  o.a.catalina.core.StandardEngine - Starting Servlet engine: [Apache Tomcat/10.1.13]
2025-01-25 12:18:50 [main] INFO  o.a.c.c.C.[.[localhost].[/api] - Initializing Spring embedded WebApplicationContext
2025-01-25 12:18:50 [main] INFO  o.s.b.w.s.c.ServletWebServerApplicationContext - Root WebApplicationContext: initialization completed in 1060 ms
2025-01-25 12:18:50 [main] ERROR o.s.b.w.e.tomcat.TomcatStarter - Error starting Tomcat context. Exception: org.springframework.beans.factory.UnsatisfiedDependencyException. Message: Error creating bean with name 'jwtAuthenticationFilter' defined in file [D:\project\camp-api\campaignapi\target\classes\com\shiel\campaignapi\config\JwtAuthenticationFilter.class]: Unsatisfied dependency expressed through constructor parameter 0: Error creating bean with name 'jwtService': Unsatisfied dependency expressed through field 'jwtExpiration': Failed to convert value of type 'java.lang.String' to required type 'long'; For input string: "15,724,800,000"
2025-01-25 12:18:50 [main] INFO  o.a.catalina.core.StandardService - Stopping service [Tomcat]
2025-01-25 12:18:50 [main] WARN  o.s.b.w.s.c.AnnotationConfigServletWebServerApplicationContext - Exception encountered during context initialization - cancelling refresh attempt: org.springframework.context.ApplicationContextException: Unable to start web server
2025-01-25 12:18:50 [main] INFO  o.s.b.a.l.ConditionEvaluationReportLogger - 

Error starting ApplicationContext. To display the condition evaluation report re-run your application with 'debug' enabled.
2025-01-25 12:18:50 [main] ERROR o.s.boot.SpringApplication - Application run failed
org.springframework.context.ApplicationContextException: Unable to start web server
	at org.springframework.boot.web.servlet.context.ServletWebServerApplicationContext.onRefresh(ServletWebServerApplicationContext.java:164)
	at org.springframework.context.support.AbstractApplicationContext.refresh(AbstractApplicationContext.java:602)
	at org.springframework.boot.web.servlet.context.ServletWebServerApplicationContext.refresh(ServletWebServerApplicationContext.java:146)
	at org.springframework.boot.SpringApplication.refresh(SpringApplication.java:737)
	at org.springframework.boot.SpringApplication.refreshContext(SpringApplication.java:439)
	at org.springframework.boot.SpringApplication.run(SpringApplication.java:315)
	at org.springframework.boot.SpringApplication.run(SpringApplication.java:1309)
	at org.springframework.boot.SpringApplication.run(SpringApplication.java:1298)
	at com.shiel.campaignapi.CampaignApiApplication.main(CampaignApiApplication.java:12)
Caused by: org.springframework.boot.web.server.WebServerException: Unable to start embedded Tomcat
	at org.springframework.boot.web.embedded.tomcat.TomcatWebServer.initialize(TomcatWebServer.java:142)
	at org.springframework.boot.web.embedded.tomcat.TomcatWebServer.<init>(TomcatWebServer.java:104)
	at org.springframework.boot.web.embedded.tomcat.TomcatServletWebServerFactory.getTomcatWebServer(TomcatServletWebServerFactory.java:489)
	at org.springframework.boot.web.embedded.tomcat.TomcatServletWebServerFactory.getWebServer(TomcatServletWebServerFactory.java:211)
	at org.springframework.boot.web.servlet.context.ServletWebServerApplicationContext.createWebServer(ServletWebServerApplicationContext.java:183)
	at org.springframework.boot.web.servlet.context.ServletWebServerApplicationContext.onRefresh(ServletWebServerApplicationContext.java:161)
	... 8 common frames omitted
Caused by: org.springframework.beans.factory.UnsatisfiedDependencyException: Error creating bean with name 'jwtAuthenticationFilter' defined in file [D:\project\camp-api\campaignapi\target\classes\com\shiel\campaignapi\config\JwtAuthenticationFilter.class]: Unsatisfied dependency expressed through constructor parameter 0: Error creating bean with name 'jwtService': Unsatisfied dependency expressed through field 'jwtExpiration': Failed to convert value of type 'java.lang.String' to required type 'long'; For input string: "15,724,800,000"
	at org.springframework.beans.factory.support.ConstructorResolver.createArgumentArray(ConstructorResolver.java:801)
	at org.springframework.beans.factory.support.ConstructorResolver.autowireConstructor(ConstructorResolver.java:240)
	at org.springframework.beans.factory.support.AbstractAutowireCapableBeanFactory.autowireConstructor(AbstractAutowireCapableBeanFactory.java:1352)
	at org.springframework.beans.factory.support.AbstractAutowireCapableBeanFactory.createBeanInstance(AbstractAutowireCapableBeanFactory.java:1189)
	at org.springframework.beans.factory.support.AbstractAutowireCapableBeanFactory.doCreateBean(AbstractAutowireCapableBeanFactory.java:560)
	at org.springframework.beans.factory.support.AbstractAutowireCapableBeanFactory.createBean(AbstractAutowireCapableBeanFactory.java:520)
	at org.springframework.beans.factory.support.AbstractBeanFactory.lambda$doGetBean$0(AbstractBeanFactory.java:325)
	at org.springframework.beans.factory.support.DefaultSingletonBeanRegistry.getSingleton(DefaultSingletonBeanRegistry.java:234)
	at org.springframework.beans.factory.support.AbstractBeanFactory.doGetBean(AbstractBeanFactory.java:323)
	at org.springframework.beans.factory.support.AbstractBeanFactory.getBean(AbstractBeanFactory.java:204)
	at org.springframework.boot.web.servlet.ServletContextInitializerBeans.getOrderedBeansOfType(ServletContextInitializerBeans.java:210)
	at org.springframework.boot.web.servlet.ServletContextInitializerBeans.addAsRegistrationBean(ServletContextInitializerBeans.java:173)
	at org.springframework.boot.web.servlet.ServletContextInitializerBeans.addAsRegistrationBean(ServletContextInitializerBeans.java:168)
	at org.springframework.boot.web.servlet.ServletContextInitializerBeans.addAdaptableBeans(ServletContextInitializerBeans.java:153)
	at org.springframework.boot.web.servlet.ServletContextInitializerBeans.<init>(ServletContextInitializerBeans.java:86)
	at org.springframework.boot.web.servlet.context.ServletWebServerApplicationContext.getServletContextInitializerBeans(ServletWebServerApplicationContext.java:261)
	at org.springframework.boot.web.servlet.context.ServletWebServerApplicationContext.selfInitialize(ServletWebServerApplicationContext.java:235)
	at org.springframework.boot.web.embedded.tomcat.TomcatStarter.onStartup(TomcatStarter.java:52)
	at org.apache.catalina.core.StandardContext.startInternal(StandardContext.java:4850)
	at org.apache.catalina.util.LifecycleBase.start(LifecycleBase.java:171)
	at org.apache.catalina.core.ContainerBase$StartChild.call(ContainerBase.java:1332)
	at org.apache.catalina.core.ContainerBase$StartChild.call(ContainerBase.java:1322)
	at java.base/java.util.concurrent.FutureTask.run(FutureTask.java:264)
	at org.apache.tomcat.util.threads.InlineExecutorService.execute(InlineExecutorService.java:75)
	at java.base/java.util.concurrent.AbstractExecutorService.submit(AbstractExecutorService.java:145)
	at org.apache.catalina.core.ContainerBase.startInternal(ContainerBase.java:866)
	at org.apache.catalina.core.StandardHost.startInternal(StandardHost.java:846)
	at org.apache.catalina.util.LifecycleBase.start(LifecycleBase.java:171)
	at org.apache.catalina.core.ContainerBase$StartChild.call(ContainerBase.java:1332)
	at org.apache.catalina.core.ContainerBase$StartChild.call(ContainerBase.java:1322)
	at java.base/java.util.concurrent.FutureTask.run(FutureTask.java:264)
	at org.apache.tomcat.util.threads.InlineExecutorService.execute(InlineExecutorService.java:75)
	at java.base/java.util.concurrent.AbstractExecutorService.submit(AbstractExecutorService.java:145)
	at org.apache.catalina.core.ContainerBase.startInternal(ContainerBase.java:866)
	at org.apache.catalina.core.StandardEngine.startInternal(StandardEngine.java:241)
	at org.apache.catalina.util.LifecycleBase.start(LifecycleBase.java:171)
	at org.apache.catalina.core.StandardService.startInternal(StandardService.java:433)
	at org.apache.catalina.util.LifecycleBase.start(LifecycleBase.java:171)
	at org.apache.catalina.core.StandardServer.startInternal(StandardServer.java:918)
	at org.apache.catalina.util.LifecycleBase.start(LifecycleBase.java:171)
	at org.apache.catalina.startup.Tomcat.start(Tomcat.java:485)
	at org.springframework.boot.web.embedded.tomcat.TomcatWebServer.initialize(TomcatWebServer.java:123)
	... 13 common frames omitted
Caused by: org.springframework.beans.factory.UnsatisfiedDependencyException: Error creating bean with name 'jwtService': Unsatisfied dependency expressed through field 'jwtExpiration': Failed to convert value of type 'java.lang.String' to required type 'long'; For input string: "15,724,800,000"
	at org.springframework.beans.factory.annotation.AutowiredAnnotationBeanPostProcessor$AutowiredFieldElement.resolveFieldValue(AutowiredAnnotationBeanPostProcessor.java:767)
	at org.springframework.beans.factory.annotation.AutowiredAnnotationBeanPostProcessor$AutowiredFieldElement.inject(AutowiredAnnotationBeanPostProcessor.java:747)
	at org.springframework.beans.factory.annotation.InjectionMetadata.inject(InjectionMetadata.java:145)
	at org.springframework.beans.factory.annotation.AutowiredAnnotationBeanPostProcessor.postProcessProperties(AutowiredAnnotationBeanPostProcessor.java:492)
	at org.springframework.beans.factory.support.AbstractAutowireCapableBeanFactory.populateBean(AbstractAutowireCapableBeanFactory.java:1416)
	at org.springframework.beans.factory.support.AbstractAutowireCapableBeanFactory.doCreateBean(AbstractAutowireCapableBeanFactory.java:597)
	at org.springframework.beans.factory.support.AbstractAutowireCapableBeanFactory.createBean(AbstractAutowireCapableBeanFactory.java:520)
	at org.springframework.beans.factory.support.AbstractBeanFactory.lambda$doGetBean$0(AbstractBeanFactory.java:325)
	at org.springframework.beans.factory.support.DefaultSingletonBeanRegistry.getSingleton(DefaultSingletonBeanRegistry.java:234)
	at org.springframework.beans.factory.support.AbstractBeanFactory.doGetBean(AbstractBeanFactory.java:323)
	at org.springframework.beans.factory.support.AbstractBeanFactory.getBean(AbstractBeanFactory.java:199)
	at org.springframework.beans.factory.config.DependencyDescriptor.resolveCandidate(DependencyDescriptor.java:254)
	at org.springframework.beans.factory.support.DefaultListableBeanFactory.doResolveDependency(DefaultListableBeanFactory.java:1417)
	at org.springframework.beans.factory.support.DefaultListableBeanFactory.resolveDependency(DefaultListableBeanFactory.java:1337)
	at org.springframework.beans.factory.support.ConstructorResolver.resolveAutowiredArgument(ConstructorResolver.java:910)
	at org.springframework.beans.factory.support.ConstructorResolver.createArgumentArray(ConstructorResolver.java:788)
	... 54 common frames omitted
Caused by: org.springframework.beans.TypeMismatchException: Failed to convert value of type 'java.lang.String' to required type 'long'; For input string: "15,724,800,000"
	at org.springframework.beans.TypeConverterSupport.convertIfNecessary(TypeConverterSupport.java:79)
	at org.springframework.beans.factory.support.DefaultListableBeanFactory.doResolveDependency(DefaultListableBeanFactory.java:1365)
	at org.springframework.beans.factory.support.DefaultListableBeanFactory.resolveDependency(DefaultListableBeanFactory.java:1337)
	at org.springframework.beans.factory.annotation.AutowiredAnnotationBeanPostProcessor$AutowiredFieldElement.resolveFieldValue(AutowiredAnnotationBeanPostProcessor.java:764)
	... 69 common frames omitted
Caused by: java.lang.NumberFormatException: For input string: "15,724,800,000"
	at java.base/java.lang.NumberFormatException.forInputString(NumberFormatException.java:67)
	at java.base/java.lang.Long.parseLong(Long.java:711)
	at java.base/java.lang.Long.valueOf(Long.java:1163)
	at org.springframework.util.NumberUtils.parseNumber(NumberUtils.java:206)
	at org.springframework.beans.propertyeditors.CustomNumberEditor.setAsText(CustomNumberEditor.java:115)
	at org.springframework.beans.TypeConverterDelegate.doConvertTextValue(TypeConverterDelegate.java:426)
	at org.springframework.beans.TypeConverterDelegate.doConvertValue(TypeConverterDelegate.java:399)
	at org.springframework.beans.TypeConverterDelegate.convertIfNecessary(TypeConverterDelegate.java:155)
	at org.springframework.beans.TypeConverterSupport.convertIfNecessary(TypeConverterSupport.java:73)
	... 72 common frames omitted
2025-01-25 12:24:53 [background-preinit] INFO  o.h.validator.internal.util.Version - HV000001: Hibernate Validator 7.0.0.Final
2025-01-25 12:24:53 [main] INFO  c.s.c.CampaignApiApplication - Starting CampaignApiApplication using Java 17.0.8.1 with PID 7928 (D:\project\camp-api\campaignapi\target\classes started by shibi in D:\project\camp-api\campaignapi)
2025-01-25 12:24:53 [main] INFO  c.s.c.CampaignApiApplication - No active profile set, falling back to 1 default profile: "default"
2025-01-25 12:24:53 [main] INFO  o.s.d.r.c.RepositoryConfigurationDelegate - Bootstrapping Spring Data JPA repositories in DEFAULT mode.
2025-01-25 12:24:53 [main] INFO  o.s.d.r.c.RepositoryConfigurationDelegate - Finished Spring Data repository scanning in 56 ms. Found 9 JPA repository interfaces.
2025-01-25 12:24:54 [main] INFO  o.s.b.w.e.tomcat.TomcatWebServer - Tomcat initialized with port(s): 8080 (http)
2025-01-25 12:24:54 [main] INFO  o.a.coyote.http11.Http11NioProtocol - Initializing ProtocolHandler ["http-nio-8080"]
2025-01-25 12:24:54 [main] INFO  o.a.catalina.core.StandardService - Starting service [Tomcat]
2025-01-25 12:24:54 [main] INFO  o.a.catalina.core.StandardEngine - Starting Servlet engine: [Apache Tomcat/10.1.13]
2025-01-25 12:24:54 [main] INFO  o.a.c.c.C.[.[localhost].[/api] - Initializing Spring embedded WebApplicationContext
2025-01-25 12:24:54 [main] INFO  o.s.b.w.s.c.ServletWebServerApplicationContext - Root WebApplicationContext: initialization completed in 1110 ms
2025-01-25 12:24:54 [main] INFO  o.h.jpa.internal.util.LogHelper - HHH000204: Processing PersistenceUnitInfo [name: default]
2025-01-25 12:24:54 [main] INFO  org.hibernate.Version - HHH000412: Hibernate ORM core version 6.2.9.Final
2025-01-25 12:24:54 [main] INFO  org.hibernate.cfg.Environment - HHH000406: Using bytecode reflection optimizer
2025-01-25 12:24:54 [main] INFO  o.h.b.i.BytecodeProviderInitiator - HHH000021: Bytecode provider name : bytebuddy
2025-01-25 12:24:54 [main] INFO  o.s.o.j.p.SpringPersistenceUnitInfo - No LoadTimeWeaver setup: ignoring JPA class transformer
2025-01-25 12:24:54 [main] INFO  com.zaxxer.hikari.HikariDataSource - HikariPool-1 - Starting...
2025-01-25 12:24:54 [main] INFO  com.zaxxer.hikari.pool.HikariPool - HikariPool-1 - Added connection com.mysql.cj.jdbc.ConnectionImpl@4387d2f4
2025-01-25 12:24:54 [main] INFO  com.zaxxer.hikari.HikariDataSource - HikariPool-1 - Start completed.
2025-01-25 12:24:55 [main] INFO  o.h.b.i.BytecodeProviderInitiator - HHH000021: Bytecode provider name : bytebuddy
2025-01-25 12:24:55 [main] INFO  o.h.e.t.j.p.i.JtaPlatformInitiator - HHH000490: Using JtaPlatform implementation: [org.hibernate.engine.transaction.jta.platform.internal.NoJtaPlatform]
2025-01-25 12:24:55 [main] INFO  o.s.o.j.LocalContainerEntityManagerFactoryBean - Initialized JPA EntityManagerFactory for persistence unit 'default'
2025-01-25 12:24:56 [main] INFO  c.s.c.config.FirebaseConfig - Firebase initialized successfully.
2025-01-25 12:24:56 [main] INFO  c.s.c.service.AuthenticationService - AuthenticationService initialized.
2025-01-25 12:24:56 [main] INFO  o.s.b.f.a.AutowiredAnnotationBeanPostProcessor - Autowired annotation is not supported on static fields: private static final org.slf4j.Logger com.shiel.campaignapi.service.BookingService.logger
2025-01-25 12:24:56 [main] INFO  org.quartz.impl.StdSchedulerFactory - Using default implementation for ThreadExecutor
2025-01-25 12:24:56 [main] INFO  o.quartz.core.SchedulerSignalerImpl - Initialized Scheduler Signaller of type: class org.quartz.core.SchedulerSignalerImpl
2025-01-25 12:24:56 [main] INFO  org.quartz.core.QuartzScheduler - Quartz Scheduler v.2.3.2 created.
2025-01-25 12:24:56 [main] INFO  org.quartz.simpl.RAMJobStore - RAMJobStore initialized.
2025-01-25 12:24:56 [main] INFO  org.quartz.core.QuartzScheduler - Scheduler meta-data: Quartz Scheduler (v2.3.2) 'MeetingScheduler' with instanceId 'NON_CLUSTERED'
  Scheduler class: 'org.quartz.core.QuartzScheduler' - running locally.
  NOT STARTED.
  Currently in standby mode.
  Number of jobs executed: 0
  Using thread pool 'org.quartz.simpl.SimpleThreadPool' - with 10 threads.
  Using job-store 'org.quartz.simpl.RAMJobStore' - which does not support persistence. and is not clustered.

2025-01-25 12:24:56 [main] INFO  org.quartz.impl.StdSchedulerFactory - Quartz scheduler 'MeetingScheduler' initialized from an externally provided properties instance.
2025-01-25 12:24:56 [main] INFO  org.quartz.impl.StdSchedulerFactory - Quartz scheduler version: 2.3.2
2025-01-25 12:24:56 [main] INFO  org.quartz.core.QuartzScheduler - JobFactory set to: org.springframework.scheduling.quartz.SpringBeanJobFactory@3071d086
2025-01-25 12:24:56 [main] INFO  o.s.s.web.DefaultSecurityFilterChain - Will secure any request with [org.springframework.security.web.session.DisableEncodeUrlFilter@e50e308, org.springframework.security.web.context.request.async.WebAsyncManagerIntegrationFilter@28ab7ffb, org.springframework.security.web.context.SecurityContextHolderFilter@6da14f7f, org.springframework.security.web.header.HeaderWriterFilter@221ef0f0, org.springframework.security.web.authentication.logout.LogoutFilter@2acfd27b, com.shiel.campaignapi.config.JwtAuthenticationFilter@3aae9e8f, org.springframework.security.web.savedrequest.RequestCacheAwareFilter@18f493d7, org.springframework.security.web.servletapi.SecurityContextHolderAwareRequestFilter@64abb917, org.springframework.security.web.authentication.AnonymousAuthenticationFilter@47a05ad8, org.springframework.security.web.session.SessionManagementFilter@189f2184, org.springframework.security.web.access.ExceptionTranslationFilter@769d0ef2, org.springframework.security.web.access.intercept.AuthorizationFilter@729a98e9]
2025-01-25 12:24:56 [main] INFO  o.a.coyote.http11.Http11NioProtocol - Starting ProtocolHandler ["http-nio-8080"]
2025-01-25 12:24:56 [main] INFO  o.s.b.w.e.tomcat.TomcatWebServer - Tomcat started on port(s): 8080 (http) with context path '/api'
2025-01-25 12:24:56 [main] INFO  o.s.s.quartz.SchedulerFactoryBean - Starting Quartz Scheduler now
2025-01-25 12:24:56 [main] INFO  org.quartz.core.QuartzScheduler - Scheduler MeetingScheduler_$_NON_CLUSTERED started.
2025-01-25 12:24:56 [main] INFO  c.s.c.CampaignApiApplication - Started CampaignApiApplication in 4.188 seconds (process running for 4.823)
2025-01-25 12:25:52 [http-nio-8080-exec-2] INFO  o.a.c.c.C.[.[localhost].[/api] - Initializing Spring DispatcherServlet 'dispatcherServlet'
2025-01-25 12:25:52 [http-nio-8080-exec-2] INFO  o.s.web.servlet.DispatcherServlet - Initializing Servlet 'dispatcherServlet'
2025-01-25 12:25:52 [http-nio-8080-exec-2] INFO  o.s.web.servlet.DispatcherServlet - Completed initialization in 1 ms
2025-01-25 12:25:58 [http-nio-8080-exec-3] INFO  c.s.c.service.AuthenticationService - Attempting authentication for identifier: shibinshibu7078@gmail.com
2025-01-25 12:25:58 [http-nio-8080-exec-3] INFO  c.s.c.service.AuthenticationService - Authentication successful for user with email: shibinshibu7078@gmail.com
2025-01-25 12:26:11 [http-nio-8080-exec-4] INFO  c.s.c.service.AuthenticationService - Attempting authentication for identifier: shibinshibu10@gmail.com
2025-01-25 12:26:11 [http-nio-8080-exec-4] INFO  c.s.c.service.AuthenticationService - Authentication successful for user with email: shibinshibu10@gmail.com
2025-01-25 12:26:49 [http-nio-8080-exec-7] INFO  c.s.c.service.AuthenticationService - Attempting authentication for identifier: shibinshibu7078@gmail.com
2025-01-25 12:26:49 [http-nio-8080-exec-7] INFO  c.s.c.service.AuthenticationService - Authentication successful for user with email: shibinshibu7078@gmail.com
2025-01-25 12:27:12 [http-nio-8080-exec-9] INFO  c.s.campaignapi.service.UserService - Fetching all users
2025-01-25 12:27:34 [http-nio-8080-exec-10] INFO  c.s.c.service.BookingService - Fetching all bookings...
2025-01-25 12:27:34 [http-nio-8080-exec-10] INFO  c.s.c.service.BookingService - Found 2 bookings.
2025-01-25 12:28:17 [http-nio-8080-exec-1] INFO  c.s.c.service.BookingService - Fetching booking with dependents for booking ID: 1
2025-01-25 12:28:17 [http-nio-8080-exec-1] INFO  c.s.c.service.BookingService - Booking with dependents fetched successfully for ID: 1
2025-01-25 12:28:43 [http-nio-8080-exec-2] INFO  c.s.c.service.BookingService - Fetching booking with dependents for booking ID: 2
2025-01-25 12:28:43 [http-nio-8080-exec-2] INFO  c.s.c.service.BookingService - Booking with dependents fetched successfully for ID: 2
2025-01-25 12:28:53 [http-nio-8080-exec-3] INFO  c.s.c.service.BookingService - Fetching booking with dependents for booking ID: 1
2025-01-25 12:28:53 [http-nio-8080-exec-3] INFO  c.s.c.service.BookingService - Booking with dependents fetched successfully for ID: 1
2025-01-25 12:29:03 [http-nio-8080-exec-4] INFO  c.s.c.service.BookingService - Fetching booking with dependents for booking ID: 3
2025-01-25 12:29:03 [http-nio-8080-exec-4] ERROR c.s.c.service.BookingService - Error fetching booking with dependents for ID: 3
java.lang.RuntimeException: Booking not found with ID: 3
	at com.shiel.campaignapi.service.BookingService.lambda$getBookingWithDependents$6(BookingService.java:310)
	at java.base/java.util.Optional.orElseThrow(Optional.java:403)
	at com.shiel.campaignapi.service.BookingService.getBookingWithDependents(BookingService.java:310)
	at java.base/jdk.internal.reflect.NativeMethodAccessorImpl.invoke0(Native Method)
	at java.base/jdk.internal.reflect.NativeMethodAccessorImpl.invoke(NativeMethodAccessorImpl.java:77)
	at java.base/jdk.internal.reflect.DelegatingMethodAccessorImpl.invoke(DelegatingMethodAccessorImpl.java:43)
	at java.base/java.lang.reflect.Method.invoke(Method.java:568)
	at org.springframework.aop.support.AopUtils.invokeJoinpointUsingReflection(AopUtils.java:343)
	at org.springframework.aop.framework.CglibAopProxy$DynamicAdvisedInterceptor.intercept(CglibAopProxy.java:699)
	at com.shiel.campaignapi.service.BookingService$$SpringCGLIB$$0.getBookingWithDependents(<generated>)
	at com.shiel.campaignapi.controller.BookingController.getBookingWithDependents(BookingController.java:55)
	at java.base/jdk.internal.reflect.NativeMethodAccessorImpl.invoke0(Native Method)
	at java.base/jdk.internal.reflect.NativeMethodAccessorImpl.invoke(NativeMethodAccessorImpl.java:77)
	at java.base/jdk.internal.reflect.DelegatingMethodAccessorImpl.invoke(DelegatingMethodAccessorImpl.java:43)
	at java.base/java.lang.reflect.Method.invoke(Method.java:568)
	at org.springframework.web.method.support.InvocableHandlerMethod.doInvoke(InvocableHandlerMethod.java:205)
	at org.springframework.web.method.support.InvocableHandlerMethod.invokeForRequest(InvocableHandlerMethod.java:150)
	at org.springframework.web.servlet.mvc.method.annotation.ServletInvocableHandlerMethod.invokeAndHandle(ServletInvocableHandlerMethod.java:118)
	at org.springframework.web.servlet.mvc.method.annotation.RequestMappingHandlerAdapter.invokeHandlerMethod(RequestMappingHandlerAdapter.java:884)
	at org.springframework.web.servlet.mvc.method.annotation.RequestMappingHandlerAdapter.handleInternal(RequestMappingHandlerAdapter.java:797)
	at org.springframework.web.servlet.mvc.method.AbstractHandlerMethodAdapter.handle(AbstractHandlerMethodAdapter.java:87)
	at org.springframework.web.servlet.DispatcherServlet.doDispatch(DispatcherServlet.java:1081)
	at org.springframework.web.servlet.DispatcherServlet.doService(DispatcherServlet.java:974)
	at org.springframework.web.servlet.FrameworkServlet.processRequest(FrameworkServlet.java:1011)
	at org.springframework.web.servlet.FrameworkServlet.doGet(FrameworkServlet.java:903)
	at jakarta.servlet.http.HttpServlet.service(HttpServlet.java:564)
	at org.springframework.web.servlet.FrameworkServlet.service(FrameworkServlet.java:885)
	at jakarta.servlet.http.HttpServlet.service(HttpServlet.java:658)
	at org.apache.catalina.core.ApplicationFilterChain.internalDoFilter(ApplicationFilterChain.java:205)
	at org.apache.catalina.core.ApplicationFilterChain.doFilter(ApplicationFilterChain.java:149)
	at org.apache.tomcat.websocket.server.WsFilter.doFilter(WsFilter.java:51)
	at org.apache.catalina.core.ApplicationFilterChain.internalDoFilter(ApplicationFilterChain.java:174)
	at org.apache.catalina.core.ApplicationFilterChain.doFilter(ApplicationFilterChain.java:149)
	at org.springframework.web.filter.OncePerRequestFilter.doFilter(OncePerRequestFilter.java:110)
	at org.apache.catalina.core.ApplicationFilterChain.internalDoFilter(ApplicationFilterChain.java:174)
	at org.apache.catalina.core.ApplicationFilterChain.doFilter(ApplicationFilterChain.java:149)
	at org.springframework.security.web.FilterChainProxy.lambda$doFilterInternal$3(FilterChainProxy.java:231)
	at org.springframework.security.web.FilterChainProxy$VirtualFilterChain.doFilter(FilterChainProxy.java:365)
	at org.springframework.security.web.access.intercept.AuthorizationFilter.doFilter(AuthorizationFilter.java:100)
	at org.springframework.security.web.FilterChainProxy$VirtualFilterChain.doFilter(FilterChainProxy.java:374)
	at org.springframework.security.web.access.ExceptionTranslationFilter.doFilter(ExceptionTranslationFilter.java:126)
	at org.springframework.security.web.access.ExceptionTranslationFilter.doFilter(ExceptionTranslationFilter.java:120)
	at org.springframework.security.web.FilterChainProxy$VirtualFilterChain.doFilter(FilterChainProxy.java:374)
	at org.springframework.security.web.session.SessionManagementFilter.doFilter(SessionManagementFilter.java:131)
	at org.springframework.security.web.session.SessionManagementFilter.doFilter(SessionManagementFilter.java:85)
	at org.springframework.security.web.FilterChainProxy$VirtualFilterChain.doFilter(FilterChainProxy.java:374)
	at org.springframework.security.web.authentication.AnonymousAuthenticationFilter.doFilter(AnonymousAuthenticationFilter.java:100)
	at org.springframework.security.web.FilterChainProxy$VirtualFilterChain.doFilter(FilterChainProxy.java:374)
	at org.springframework.security.web.servletapi.SecurityContextHolderAwareRequestFilter.doFilter(SecurityContextHolderAwareRequestFilter.java:179)
	at org.springframework.security.web.FilterChainProxy$VirtualFilterChain.doFilter(FilterChainProxy.java:374)
	at org.springframework.security.web.savedrequest.RequestCacheAwareFilter.doFilter(RequestCacheAwareFilter.java:63)
	at org.springframework.security.web.FilterChainProxy$VirtualFilterChain.doFilter(FilterChainProxy.java:374)
	at com.shiel.campaignapi.config.JwtAuthenticationFilter.doFilterInternal(JwtAuthenticationFilter.java:91)
	at org.springframework.web.filter.OncePerRequestFilter.doFilter(OncePerRequestFilter.java:116)
	at org.springframework.security.web.FilterChainProxy$VirtualFilterChain.doFilter(FilterChainProxy.java:374)
	at org.springframework.security.web.authentication.logout.LogoutFilter.doFilter(LogoutFilter.java:107)
	at org.springframework.security.web.authentication.logout.LogoutFilter.doFilter(LogoutFilter.java:93)
	at org.springframework.security.web.FilterChainProxy$VirtualFilterChain.doFilter(FilterChainProxy.java:374)
	at org.springframework.security.web.header.HeaderWriterFilter.doHeadersAfter(HeaderWriterFilter.java:90)
	at org.springframework.security.web.header.HeaderWriterFilter.doFilterInternal(HeaderWriterFilter.java:75)
	at org.springframework.web.filter.OncePerRequestFilter.doFilter(OncePerRequestFilter.java:116)
	at org.springframework.security.web.FilterChainProxy$VirtualFilterChain.doFilter(FilterChainProxy.java:374)
	at org.springframework.security.web.context.SecurityContextHolderFilter.doFilter(SecurityContextHolderFilter.java:82)
	at org.springframework.security.web.context.SecurityContextHolderFilter.doFilter(SecurityContextHolderFilter.java:69)
	at org.springframework.security.web.FilterChainProxy$VirtualFilterChain.doFilter(FilterChainProxy.java:374)
	at org.springframework.security.web.context.request.async.WebAsyncManagerIntegrationFilter.doFilterInternal(WebAsyncManagerIntegrationFilter.java:62)
	at org.springframework.web.filter.OncePerRequestFilter.doFilter(OncePerRequestFilter.java:116)
	at org.springframework.security.web.FilterChainProxy$VirtualFilterChain.doFilter(FilterChainProxy.java:374)
	at org.springframework.security.web.session.DisableEncodeUrlFilter.doFilterInternal(DisableEncodeUrlFilter.java:42)
	at org.springframework.web.filter.OncePerRequestFilter.doFilter(OncePerRequestFilter.java:116)
	at org.springframework.security.web.FilterChainProxy$VirtualFilterChain.doFilter(FilterChainProxy.java:374)
	at org.springframework.security.web.FilterChainProxy.doFilterInternal(FilterChainProxy.java:233)
	at org.springframework.security.web.FilterChainProxy.doFilter(FilterChainProxy.java:191)
	at org.springframework.web.filter.DelegatingFilterProxy.invokeDelegate(DelegatingFilterProxy.java:352)
	at org.springframework.web.filter.DelegatingFilterProxy.doFilter(DelegatingFilterProxy.java:268)
	at org.apache.catalina.core.ApplicationFilterChain.internalDoFilter(ApplicationFilterChain.java:174)
	at org.apache.catalina.core.ApplicationFilterChain.doFilter(ApplicationFilterChain.java:149)
	at org.springframework.web.filter.RequestContextFilter.doFilterInternal(RequestContextFilter.java:100)
	at org.springframework.web.filter.OncePerRequestFilter.doFilter(OncePerRequestFilter.java:116)
	at org.apache.catalina.core.ApplicationFilterChain.internalDoFilter(ApplicationFilterChain.java:174)
	at org.apache.catalina.core.ApplicationFilterChain.doFilter(ApplicationFilterChain.java:149)
	at org.springframework.web.filter.FormContentFilter.doFilterInternal(FormContentFilter.java:93)
	at org.springframework.web.filter.OncePerRequestFilter.doFilter(OncePerRequestFilter.java:116)
	at org.apache.catalina.core.ApplicationFilterChain.internalDoFilter(ApplicationFilterChain.java:174)
	at org.apache.catalina.core.ApplicationFilterChain.doFilter(ApplicationFilterChain.java:149)
	at org.springframework.web.filter.CharacterEncodingFilter.doFilterInternal(CharacterEncodingFilter.java:201)
	at org.springframework.web.filter.OncePerRequestFilter.doFilter(OncePerRequestFilter.java:116)
	at org.apache.catalina.core.ApplicationFilterChain.internalDoFilter(ApplicationFilterChain.java:174)
	at org.apache.catalina.core.ApplicationFilterChain.doFilter(ApplicationFilterChain.java:149)
	at org.apache.catalina.core.StandardWrapperValve.invoke(StandardWrapperValve.java:167)
	at org.apache.catalina.core.StandardContextValve.invoke(StandardContextValve.java:90)
	at org.apache.catalina.authenticator.AuthenticatorBase.invoke(AuthenticatorBase.java:482)
	at org.apache.catalina.core.StandardHostValve.invoke(StandardHostValve.java:115)
	at org.apache.catalina.valves.ErrorReportValve.invoke(ErrorReportValve.java:93)
	at org.apache.catalina.core.StandardEngineValve.invoke(StandardEngineValve.java:74)
	at org.apache.catalina.connector.CoyoteAdapter.service(CoyoteAdapter.java:341)
	at org.apache.coyote.http11.Http11Processor.service(Http11Processor.java:391)
	at org.apache.coyote.AbstractProcessorLight.process(AbstractProcessorLight.java:63)
	at org.apache.coyote.AbstractProtocol$ConnectionHandler.process(AbstractProtocol.java:894)
	at org.apache.tomcat.util.net.NioEndpoint$SocketProcessor.doRun(NioEndpoint.java:1740)
	at org.apache.tomcat.util.net.SocketProcessorBase.run(SocketProcessorBase.java:52)
	at org.apache.tomcat.util.threads.ThreadPoolExecutor.runWorker(ThreadPoolExecutor.java:1191)
	at org.apache.tomcat.util.threads.ThreadPoolExecutor$Worker.run(ThreadPoolExecutor.java:659)
	at org.apache.tomcat.util.threads.TaskThread$WrappingRunnable.run(TaskThread.java:61)
	at java.base/java.lang.Thread.run(Thread.java:833)
2025-01-25 12:29:08 [http-nio-8080-exec-5] INFO  c.s.c.service.BookingService - Fetching booking with dependents for booking ID: 4
2025-01-25 12:29:08 [http-nio-8080-exec-5] ERROR c.s.c.service.BookingService - Error fetching booking with dependents for ID: 4
java.lang.RuntimeException: Booking not found with ID: 4
	at com.shiel.campaignapi.service.BookingService.lambda$getBookingWithDependents$6(BookingService.java:310)
	at java.base/java.util.Optional.orElseThrow(Optional.java:403)
	at com.shiel.campaignapi.service.BookingService.getBookingWithDependents(BookingService.java:310)
	at java.base/jdk.internal.reflect.NativeMethodAccessorImpl.invoke0(Native Method)
	at java.base/jdk.internal.reflect.NativeMethodAccessorImpl.invoke(NativeMethodAccessorImpl.java:77)
	at java.base/jdk.internal.reflect.DelegatingMethodAccessorImpl.invoke(DelegatingMethodAccessorImpl.java:43)
	at java.base/java.lang.reflect.Method.invoke(Method.java:568)
	at org.springframework.aop.support.AopUtils.invokeJoinpointUsingReflection(AopUtils.java:343)
	at org.springframework.aop.framework.CglibAopProxy$DynamicAdvisedInterceptor.intercept(CglibAopProxy.java:699)
	at com.shiel.campaignapi.service.BookingService$$SpringCGLIB$$0.getBookingWithDependents(<generated>)
	at com.shiel.campaignapi.controller.BookingController.getBookingWithDependents(BookingController.java:55)
	at java.base/jdk.internal.reflect.NativeMethodAccessorImpl.invoke0(Native Method)
	at java.base/jdk.internal.reflect.NativeMethodAccessorImpl.invoke(NativeMethodAccessorImpl.java:77)
	at java.base/jdk.internal.reflect.DelegatingMethodAccessorImpl.invoke(DelegatingMethodAccessorImpl.java:43)
	at java.base/java.lang.reflect.Method.invoke(Method.java:568)
	at org.springframework.web.method.support.InvocableHandlerMethod.doInvoke(InvocableHandlerMethod.java:205)
	at org.springframework.web.method.support.InvocableHandlerMethod.invokeForRequest(InvocableHandlerMethod.java:150)
	at org.springframework.web.servlet.mvc.method.annotation.ServletInvocableHandlerMethod.invokeAndHandle(ServletInvocableHandlerMethod.java:118)
	at org.springframework.web.servlet.mvc.method.annotation.RequestMappingHandlerAdapter.invokeHandlerMethod(RequestMappingHandlerAdapter.java:884)
	at org.springframework.web.servlet.mvc.method.annotation.RequestMappingHandlerAdapter.handleInternal(RequestMappingHandlerAdapter.java:797)
	at org.springframework.web.servlet.mvc.method.AbstractHandlerMethodAdapter.handle(AbstractHandlerMethodAdapter.java:87)
	at org.springframework.web.servlet.DispatcherServlet.doDispatch(DispatcherServlet.java:1081)
	at org.springframework.web.servlet.DispatcherServlet.doService(DispatcherServlet.java:974)
	at org.springframework.web.servlet.FrameworkServlet.processRequest(FrameworkServlet.java:1011)
	at org.springframework.web.servlet.FrameworkServlet.doGet(FrameworkServlet.java:903)
	at jakarta.servlet.http.HttpServlet.service(HttpServlet.java:564)
	at org.springframework.web.servlet.FrameworkServlet.service(FrameworkServlet.java:885)
	at jakarta.servlet.http.HttpServlet.service(HttpServlet.java:658)
	at org.apache.catalina.core.ApplicationFilterChain.internalDoFilter(ApplicationFilterChain.java:205)
	at org.apache.catalina.core.ApplicationFilterChain.doFilter(ApplicationFilterChain.java:149)
	at org.apache.tomcat.websocket.server.WsFilter.doFilter(WsFilter.java:51)
	at org.apache.catalina.core.ApplicationFilterChain.internalDoFilter(ApplicationFilterChain.java:174)
	at org.apache.catalina.core.ApplicationFilterChain.doFilter(ApplicationFilterChain.java:149)
	at org.springframework.web.filter.OncePerRequestFilter.doFilter(OncePerRequestFilter.java:110)
	at org.apache.catalina.core.ApplicationFilterChain.internalDoFilter(ApplicationFilterChain.java:174)
	at org.apache.catalina.core.ApplicationFilterChain.doFilter(ApplicationFilterChain.java:149)
	at org.springframework.security.web.FilterChainProxy.lambda$doFilterInternal$3(FilterChainProxy.java:231)
	at org.springframework.security.web.FilterChainProxy$VirtualFilterChain.doFilter(FilterChainProxy.java:365)
	at org.springframework.security.web.access.intercept.AuthorizationFilter.doFilter(AuthorizationFilter.java:100)
	at org.springframework.security.web.FilterChainProxy$VirtualFilterChain.doFilter(FilterChainProxy.java:374)
	at org.springframework.security.web.access.ExceptionTranslationFilter.doFilter(ExceptionTranslationFilter.java:126)
	at org.springframework.security.web.access.ExceptionTranslationFilter.doFilter(ExceptionTranslationFilter.java:120)
	at org.springframework.security.web.FilterChainProxy$VirtualFilterChain.doFilter(FilterChainProxy.java:374)
	at org.springframework.security.web.session.SessionManagementFilter.doFilter(SessionManagementFilter.java:131)
	at org.springframework.security.web.session.SessionManagementFilter.doFilter(SessionManagementFilter.java:85)
	at org.springframework.security.web.FilterChainProxy$VirtualFilterChain.doFilter(FilterChainProxy.java:374)
	at org.springframework.security.web.authentication.AnonymousAuthenticationFilter.doFilter(AnonymousAuthenticationFilter.java:100)
	at org.springframework.security.web.FilterChainProxy$VirtualFilterChain.doFilter(FilterChainProxy.java:374)
	at org.springframework.security.web.servletapi.SecurityContextHolderAwareRequestFilter.doFilter(SecurityContextHolderAwareRequestFilter.java:179)
	at org.springframework.security.web.FilterChainProxy$VirtualFilterChain.doFilter(FilterChainProxy.java:374)
	at org.springframework.security.web.savedrequest.RequestCacheAwareFilter.doFilter(RequestCacheAwareFilter.java:63)
	at org.springframework.security.web.FilterChainProxy$VirtualFilterChain.doFilter(FilterChainProxy.java:374)
	at com.shiel.campaignapi.config.JwtAuthenticationFilter.doFilterInternal(JwtAuthenticationFilter.java:91)
	at org.springframework.web.filter.OncePerRequestFilter.doFilter(OncePerRequestFilter.java:116)
	at org.springframework.security.web.FilterChainProxy$VirtualFilterChain.doFilter(FilterChainProxy.java:374)
	at org.springframework.security.web.authentication.logout.LogoutFilter.doFilter(LogoutFilter.java:107)
	at org.springframework.security.web.authentication.logout.LogoutFilter.doFilter(LogoutFilter.java:93)
	at org.springframework.security.web.FilterChainProxy$VirtualFilterChain.doFilter(FilterChainProxy.java:374)
	at org.springframework.security.web.header.HeaderWriterFilter.doHeadersAfter(HeaderWriterFilter.java:90)
	at org.springframework.security.web.header.HeaderWriterFilter.doFilterInternal(HeaderWriterFilter.java:75)
	at org.springframework.web.filter.OncePerRequestFilter.doFilter(OncePerRequestFilter.java:116)
	at org.springframework.security.web.FilterChainProxy$VirtualFilterChain.doFilter(FilterChainProxy.java:374)
	at org.springframework.security.web.context.SecurityContextHolderFilter.doFilter(SecurityContextHolderFilter.java:82)
	at org.springframework.security.web.context.SecurityContextHolderFilter.doFilter(SecurityContextHolderFilter.java:69)
	at org.springframework.security.web.FilterChainProxy$VirtualFilterChain.doFilter(FilterChainProxy.java:374)
	at org.springframework.security.web.context.request.async.WebAsyncManagerIntegrationFilter.doFilterInternal(WebAsyncManagerIntegrationFilter.java:62)
	at org.springframework.web.filter.OncePerRequestFilter.doFilter(OncePerRequestFilter.java:116)
	at org.springframework.security.web.FilterChainProxy$VirtualFilterChain.doFilter(FilterChainProxy.java:374)
	at org.springframework.security.web.session.DisableEncodeUrlFilter.doFilterInternal(DisableEncodeUrlFilter.java:42)
	at org.springframework.web.filter.OncePerRequestFilter.doFilter(OncePerRequestFilter.java:116)
	at org.springframework.security.web.FilterChainProxy$VirtualFilterChain.doFilter(FilterChainProxy.java:374)
	at org.springframework.security.web.FilterChainProxy.doFilterInternal(FilterChainProxy.java:233)
	at org.springframework.security.web.FilterChainProxy.doFilter(FilterChainProxy.java:191)
	at org.springframework.web.filter.DelegatingFilterProxy.invokeDelegate(DelegatingFilterProxy.java:352)
	at org.springframework.web.filter.DelegatingFilterProxy.doFilter(DelegatingFilterProxy.java:268)
	at org.apache.catalina.core.ApplicationFilterChain.internalDoFilter(ApplicationFilterChain.java:174)
	at org.apache.catalina.core.ApplicationFilterChain.doFilter(ApplicationFilterChain.java:149)
	at org.springframework.web.filter.RequestContextFilter.doFilterInternal(RequestContextFilter.java:100)
	at org.springframework.web.filter.OncePerRequestFilter.doFilter(OncePerRequestFilter.java:116)
	at org.apache.catalina.core.ApplicationFilterChain.internalDoFilter(ApplicationFilterChain.java:174)
	at org.apache.catalina.core.ApplicationFilterChain.doFilter(ApplicationFilterChain.java:149)
	at org.springframework.web.filter.FormContentFilter.doFilterInternal(FormContentFilter.java:93)
	at org.springframework.web.filter.OncePerRequestFilter.doFilter(OncePerRequestFilter.java:116)
	at org.apache.catalina.core.ApplicationFilterChain.internalDoFilter(ApplicationFilterChain.java:174)
	at org.apache.catalina.core.ApplicationFilterChain.doFilter(ApplicationFilterChain.java:149)
	at org.springframework.web.filter.CharacterEncodingFilter.doFilterInternal(CharacterEncodingFilter.java:201)
	at org.springframework.web.filter.OncePerRequestFilter.doFilter(OncePerRequestFilter.java:116)
	at org.apache.catalina.core.ApplicationFilterChain.internalDoFilter(ApplicationFilterChain.java:174)
	at org.apache.catalina.core.ApplicationFilterChain.doFilter(ApplicationFilterChain.java:149)
	at org.apache.catalina.core.StandardWrapperValve.invoke(StandardWrapperValve.java:167)
	at org.apache.catalina.core.StandardContextValve.invoke(StandardContextValve.java:90)
	at org.apache.catalina.authenticator.AuthenticatorBase.invoke(AuthenticatorBase.java:482)
	at org.apache.catalina.core.StandardHostValve.invoke(StandardHostValve.java:115)
	at org.apache.catalina.valves.ErrorReportValve.invoke(ErrorReportValve.java:93)
	at org.apache.catalina.core.StandardEngineValve.invoke(StandardEngineValve.java:74)
	at org.apache.catalina.connector.CoyoteAdapter.service(CoyoteAdapter.java:341)
	at org.apache.coyote.http11.Http11Processor.service(Http11Processor.java:391)
	at org.apache.coyote.AbstractProcessorLight.process(AbstractProcessorLight.java:63)
	at org.apache.coyote.AbstractProtocol$ConnectionHandler.process(AbstractProtocol.java:894)
	at org.apache.tomcat.util.net.NioEndpoint$SocketProcessor.doRun(NioEndpoint.java:1740)
	at org.apache.tomcat.util.net.SocketProcessorBase.run(SocketProcessorBase.java:52)
	at org.apache.tomcat.util.threads.ThreadPoolExecutor.runWorker(ThreadPoolExecutor.java:1191)
	at org.apache.tomcat.util.threads.ThreadPoolExecutor$Worker.run(ThreadPoolExecutor.java:659)
	at org.apache.tomcat.util.threads.TaskThread$WrappingRunnable.run(TaskThread.java:61)
	at java.base/java.lang.Thread.run(Thread.java:833)
2025-01-25 12:29:29 [http-nio-8080-exec-6] INFO  c.s.c.service.BookingService - Fetching booking with dependents for booking ID: 2
2025-01-25 12:29:29 [http-nio-8080-exec-6] INFO  c.s.c.service.BookingService - Booking with dependents fetched successfully for ID: 2
2025-01-25 12:35:08 [background-preinit] INFO  o.h.validator.internal.util.Version - HV000001: Hibernate Validator 7.0.0.Final
2025-01-25 12:35:08 [main] INFO  c.s.c.CampaignApiApplication - Starting CampaignApiApplication using Java 17.0.8.1 with PID 21224 (D:\project\camp-api\campaignapi\target\classes started by shibi in D:\project\camp-api\campaignapi)
2025-01-25 12:35:08 [main] INFO  c.s.c.CampaignApiApplication - No active profile set, falling back to 1 default profile: "default"
2025-01-25 12:35:09 [main] INFO  o.s.d.r.c.RepositoryConfigurationDelegate - Bootstrapping Spring Data JPA repositories in DEFAULT mode.
2025-01-25 12:35:09 [main] INFO  o.s.d.r.c.RepositoryConfigurationDelegate - Finished Spring Data repository scanning in 56 ms. Found 9 JPA repository interfaces.
2025-01-25 12:35:09 [main] INFO  o.s.b.w.e.tomcat.TomcatWebServer - Tomcat initialized with port(s): 8080 (http)
2025-01-25 12:35:09 [main] INFO  o.a.coyote.http11.Http11NioProtocol - Initializing ProtocolHandler ["http-nio-8080"]
2025-01-25 12:35:09 [main] INFO  o.a.catalina.core.StandardService - Starting service [Tomcat]
2025-01-25 12:35:09 [main] INFO  o.a.catalina.core.StandardEngine - Starting Servlet engine: [Apache Tomcat/10.1.13]
2025-01-25 12:35:09 [main] INFO  o.a.c.c.C.[.[localhost].[/api] - Initializing Spring embedded WebApplicationContext
2025-01-25 12:35:09 [main] INFO  o.s.b.w.s.c.ServletWebServerApplicationContext - Root WebApplicationContext: initialization completed in 1088 ms
2025-01-25 12:35:09 [main] INFO  o.h.jpa.internal.util.LogHelper - HHH000204: Processing PersistenceUnitInfo [name: default]
2025-01-25 12:35:09 [main] INFO  org.hibernate.Version - HHH000412: Hibernate ORM core version 6.2.9.Final
2025-01-25 12:35:09 [main] INFO  org.hibernate.cfg.Environment - HHH000406: Using bytecode reflection optimizer
2025-01-25 12:35:09 [main] INFO  o.h.b.i.BytecodeProviderInitiator - HHH000021: Bytecode provider name : bytebuddy
2025-01-25 12:35:09 [main] INFO  o.s.o.j.p.SpringPersistenceUnitInfo - No LoadTimeWeaver setup: ignoring JPA class transformer
2025-01-25 12:35:09 [main] INFO  com.zaxxer.hikari.HikariDataSource - HikariPool-1 - Starting...
2025-01-25 12:35:10 [main] INFO  com.zaxxer.hikari.pool.HikariPool - HikariPool-1 - Added connection com.mysql.cj.jdbc.ConnectionImpl@4e7eba9f
2025-01-25 12:35:10 [main] INFO  com.zaxxer.hikari.HikariDataSource - HikariPool-1 - Start completed.
2025-01-25 12:35:10 [main] INFO  o.h.b.i.BytecodeProviderInitiator - HHH000021: Bytecode provider name : bytebuddy
2025-01-25 12:35:11 [main] INFO  o.h.e.t.j.p.i.JtaPlatformInitiator - HHH000490: Using JtaPlatform implementation: [org.hibernate.engine.transaction.jta.platform.internal.NoJtaPlatform]
2025-01-25 12:35:11 [main] INFO  o.s.o.j.LocalContainerEntityManagerFactoryBean - Initialized JPA EntityManagerFactory for persistence unit 'default'
2025-01-25 12:35:11 [main] INFO  c.s.c.config.FirebaseConfig - Firebase initialized successfully.
2025-01-25 12:35:11 [main] INFO  c.s.c.service.AuthenticationService - AuthenticationService initialized.
2025-01-25 12:35:11 [main] INFO  o.s.b.f.a.AutowiredAnnotationBeanPostProcessor - Autowired annotation is not supported on static fields: private static final org.slf4j.Logger com.shiel.campaignapi.service.BookingService.logger
2025-01-25 12:35:11 [main] INFO  org.quartz.impl.StdSchedulerFactory - Using default implementation for ThreadExecutor
2025-01-25 12:35:11 [main] INFO  o.quartz.core.SchedulerSignalerImpl - Initialized Scheduler Signaller of type: class org.quartz.core.SchedulerSignalerImpl
2025-01-25 12:35:11 [main] INFO  org.quartz.core.QuartzScheduler - Quartz Scheduler v.2.3.2 created.
2025-01-25 12:35:11 [main] INFO  org.quartz.simpl.RAMJobStore - RAMJobStore initialized.
2025-01-25 12:35:11 [main] INFO  org.quartz.core.QuartzScheduler - Scheduler meta-data: Quartz Scheduler (v2.3.2) 'MeetingScheduler' with instanceId 'NON_CLUSTERED'
  Scheduler class: 'org.quartz.core.QuartzScheduler' - running locally.
  NOT STARTED.
  Currently in standby mode.
  Number of jobs executed: 0
  Using thread pool 'org.quartz.simpl.SimpleThreadPool' - with 10 threads.
  Using job-store 'org.quartz.simpl.RAMJobStore' - which does not support persistence. and is not clustered.

2025-01-25 12:35:11 [main] INFO  org.quartz.impl.StdSchedulerFactory - Quartz scheduler 'MeetingScheduler' initialized from an externally provided properties instance.
2025-01-25 12:35:11 [main] INFO  org.quartz.impl.StdSchedulerFactory - Quartz scheduler version: 2.3.2
2025-01-25 12:35:11 [main] INFO  org.quartz.core.QuartzScheduler - JobFactory set to: org.springframework.scheduling.quartz.SpringBeanJobFactory@178f5b5b
2025-01-25 12:35:12 [main] INFO  o.s.s.web.DefaultSecurityFilterChain - Will secure any request with [org.springframework.security.web.session.DisableEncodeUrlFilter@79c9a128, org.springframework.security.web.context.request.async.WebAsyncManagerIntegrationFilter@729a98e9, org.springframework.security.web.context.SecurityContextHolderFilter@5cc85ffc, org.springframework.security.web.header.HeaderWriterFilter@53c39950, org.springframework.security.web.authentication.logout.LogoutFilter@32180efb, com.shiel.campaignapi.config.JwtAuthenticationFilter@2b4675db, org.springframework.security.web.savedrequest.RequestCacheAwareFilter@57386162, org.springframework.security.web.servletapi.SecurityContextHolderAwareRequestFilter@18f493d7, org.springframework.security.web.authentication.AnonymousAuthenticationFilter@51c7d472, org.springframework.security.web.session.SessionManagementFilter@5a63de07, org.springframework.security.web.access.ExceptionTranslationFilter@6fa48ee4, org.springframework.security.web.access.intercept.AuthorizationFilter@6dacde96]
2025-01-25 12:35:12 [main] INFO  o.a.coyote.http11.Http11NioProtocol - Starting ProtocolHandler ["http-nio-8080"]
2025-01-25 12:35:12 [main] INFO  o.s.b.w.e.tomcat.TomcatWebServer - Tomcat started on port(s): 8080 (http) with context path '/api'
2025-01-25 12:35:12 [main] INFO  o.s.s.quartz.SchedulerFactoryBean - Starting Quartz Scheduler now
2025-01-25 12:35:12 [main] INFO  org.quartz.core.QuartzScheduler - Scheduler MeetingScheduler_$_NON_CLUSTERED started.
2025-01-25 12:35:12 [main] INFO  c.s.c.CampaignApiApplication - Started CampaignApiApplication in 4.208 seconds (process running for 4.858)
2025-01-25 12:39:22 [http-nio-8080-exec-1] INFO  o.a.c.c.C.[.[localhost].[/api] - Initializing Spring DispatcherServlet 'dispatcherServlet'
2025-01-25 12:39:22 [http-nio-8080-exec-1] INFO  o.s.web.servlet.DispatcherServlet - Initializing Servlet 'dispatcherServlet'
2025-01-25 12:39:22 [http-nio-8080-exec-1] INFO  o.s.web.servlet.DispatcherServlet - Completed initialization in 1 ms
2025-01-25 12:39:22 [http-nio-8080-exec-1] INFO  c.s.campaignapi.service.EventService - Finding all events
2025-01-25 12:41:54 [http-nio-8080-exec-8] INFO  c.s.c.service.AuthenticationService - Attempting authentication for identifier: shibinshibu10@gmail.com
2025-01-25 12:41:54 [http-nio-8080-exec-8] INFO  c.s.c.service.AuthenticationService - Authentication successful for user with email: shibinshibu10@gmail.com
2025-01-25 12:42:10 [http-nio-8080-exec-9] INFO  c.s.c.service.BookingService - Starting booking process for event ID: 100
2025-01-25 12:42:10 [http-nio-8080-exec-9] ERROR c.s.c.service.BookingService - Error saving booking: Event not found with ID: 100
java.lang.RuntimeException: Event not found with ID: 100
	at com.shiel.campaignapi.service.BookingService.lambda$saveBooking$0(BookingService.java:61)
	at java.base/java.util.Optional.orElseThrow(Optional.java:403)
	at com.shiel.campaignapi.service.BookingService.saveBooking(BookingService.java:61)
	at java.base/jdk.internal.reflect.NativeMethodAccessorImpl.invoke0(Native Method)
	at java.base/jdk.internal.reflect.NativeMethodAccessorImpl.invoke(NativeMethodAccessorImpl.java:77)
	at java.base/jdk.internal.reflect.DelegatingMethodAccessorImpl.invoke(DelegatingMethodAccessorImpl.java:43)
	at java.base/java.lang.reflect.Method.invoke(Method.java:568)
	at org.springframework.aop.support.AopUtils.invokeJoinpointUsingReflection(AopUtils.java:343)
	at org.springframework.aop.framework.ReflectiveMethodInvocation.invokeJoinpoint(ReflectiveMethodInvocation.java:196)
	at org.springframework.aop.framework.ReflectiveMethodInvocation.proceed(ReflectiveMethodInvocation.java:163)
	at org.springframework.aop.framework.CglibAopProxy$CglibMethodInvocation.proceed(CglibAopProxy.java:751)
	at org.springframework.transaction.interceptor.TransactionInterceptor$1.proceedWithInvocation(TransactionInterceptor.java:123)
	at org.springframework.transaction.interceptor.TransactionAspectSupport.invokeWithinTransaction(TransactionAspectSupport.java:391)
	at org.springframework.transaction.interceptor.TransactionInterceptor.invoke(TransactionInterceptor.java:119)
	at org.springframework.aop.framework.ReflectiveMethodInvocation.proceed(ReflectiveMethodInvocation.java:184)
	at org.springframework.aop.framework.CglibAopProxy$CglibMethodInvocation.proceed(CglibAopProxy.java:751)
	at org.springframework.aop.framework.CglibAopProxy$DynamicAdvisedInterceptor.intercept(CglibAopProxy.java:703)
	at com.shiel.campaignapi.service.BookingService$$SpringCGLIB$$0.saveBooking(<generated>)
	at com.shiel.campaignapi.controller.BookingController.addBooking(BookingController.java:36)
	at java.base/jdk.internal.reflect.NativeMethodAccessorImpl.invoke0(Native Method)
	at java.base/jdk.internal.reflect.NativeMethodAccessorImpl.invoke(NativeMethodAccessorImpl.java:77)
	at java.base/jdk.internal.reflect.DelegatingMethodAccessorImpl.invoke(DelegatingMethodAccessorImpl.java:43)
	at java.base/java.lang.reflect.Method.invoke(Method.java:568)
	at org.springframework.web.method.support.InvocableHandlerMethod.doInvoke(InvocableHandlerMethod.java:205)
	at org.springframework.web.method.support.InvocableHandlerMethod.invokeForRequest(InvocableHandlerMethod.java:150)
	at org.springframework.web.servlet.mvc.method.annotation.ServletInvocableHandlerMethod.invokeAndHandle(ServletInvocableHandlerMethod.java:118)
	at org.springframework.web.servlet.mvc.method.annotation.RequestMappingHandlerAdapter.invokeHandlerMethod(RequestMappingHandlerAdapter.java:884)
	at org.springframework.web.servlet.mvc.method.annotation.RequestMappingHandlerAdapter.handleInternal(RequestMappingHandlerAdapter.java:797)
	at org.springframework.web.servlet.mvc.method.AbstractHandlerMethodAdapter.handle(AbstractHandlerMethodAdapter.java:87)
	at org.springframework.web.servlet.DispatcherServlet.doDispatch(DispatcherServlet.java:1081)
	at org.springframework.web.servlet.DispatcherServlet.doService(DispatcherServlet.java:974)
	at org.springframework.web.servlet.FrameworkServlet.processRequest(FrameworkServlet.java:1011)
	at org.springframework.web.servlet.FrameworkServlet.doPost(FrameworkServlet.java:914)
	at jakarta.servlet.http.HttpServlet.service(HttpServlet.java:590)
	at org.springframework.web.servlet.FrameworkServlet.service(FrameworkServlet.java:885)
	at jakarta.servlet.http.HttpServlet.service(HttpServlet.java:658)
	at org.apache.catalina.core.ApplicationFilterChain.internalDoFilter(ApplicationFilterChain.java:205)
	at org.apache.catalina.core.ApplicationFilterChain.doFilter(ApplicationFilterChain.java:149)
	at org.apache.tomcat.websocket.server.WsFilter.doFilter(WsFilter.java:51)
	at org.apache.catalina.core.ApplicationFilterChain.internalDoFilter(ApplicationFilterChain.java:174)
	at org.apache.catalina.core.ApplicationFilterChain.doFilter(ApplicationFilterChain.java:149)
	at org.springframework.web.filter.OncePerRequestFilter.doFilter(OncePerRequestFilter.java:110)
	at org.apache.catalina.core.ApplicationFilterChain.internalDoFilter(ApplicationFilterChain.java:174)
	at org.apache.catalina.core.ApplicationFilterChain.doFilter(ApplicationFilterChain.java:149)
	at org.springframework.security.web.FilterChainProxy.lambda$doFilterInternal$3(FilterChainProxy.java:231)
	at org.springframework.security.web.FilterChainProxy$VirtualFilterChain.doFilter(FilterChainProxy.java:365)
	at org.springframework.security.web.access.intercept.AuthorizationFilter.doFilter(AuthorizationFilter.java:100)
	at org.springframework.security.web.FilterChainProxy$VirtualFilterChain.doFilter(FilterChainProxy.java:374)
	at org.springframework.security.web.access.ExceptionTranslationFilter.doFilter(ExceptionTranslationFilter.java:126)
	at org.springframework.security.web.access.ExceptionTranslationFilter.doFilter(ExceptionTranslationFilter.java:120)
	at org.springframework.security.web.FilterChainProxy$VirtualFilterChain.doFilter(FilterChainProxy.java:374)
	at org.springframework.security.web.session.SessionManagementFilter.doFilter(SessionManagementFilter.java:131)
	at org.springframework.security.web.session.SessionManagementFilter.doFilter(SessionManagementFilter.java:85)
	at org.springframework.security.web.FilterChainProxy$VirtualFilterChain.doFilter(FilterChainProxy.java:374)
	at org.springframework.security.web.authentication.AnonymousAuthenticationFilter.doFilter(AnonymousAuthenticationFilter.java:100)
	at org.springframework.security.web.FilterChainProxy$VirtualFilterChain.doFilter(FilterChainProxy.java:374)
	at org.springframework.security.web.servletapi.SecurityContextHolderAwareRequestFilter.doFilter(SecurityContextHolderAwareRequestFilter.java:179)
	at org.springframework.security.web.FilterChainProxy$VirtualFilterChain.doFilter(FilterChainProxy.java:374)
	at org.springframework.security.web.savedrequest.RequestCacheAwareFilter.doFilter(RequestCacheAwareFilter.java:63)
	at org.springframework.security.web.FilterChainProxy$VirtualFilterChain.doFilter(FilterChainProxy.java:374)
	at com.shiel.campaignapi.config.JwtAuthenticationFilter.doFilterInternal(JwtAuthenticationFilter.java:91)
	at org.springframework.web.filter.OncePerRequestFilter.doFilter(OncePerRequestFilter.java:116)
	at org.springframework.security.web.FilterChainProxy$VirtualFilterChain.doFilter(FilterChainProxy.java:374)
	at org.springframework.security.web.authentication.logout.LogoutFilter.doFilter(LogoutFilter.java:107)
	at org.springframework.security.web.authentication.logout.LogoutFilter.doFilter(LogoutFilter.java:93)
	at org.springframework.security.web.FilterChainProxy$VirtualFilterChain.doFilter(FilterChainProxy.java:374)
	at org.springframework.security.web.header.HeaderWriterFilter.doHeadersAfter(HeaderWriterFilter.java:90)
	at org.springframework.security.web.header.HeaderWriterFilter.doFilterInternal(HeaderWriterFilter.java:75)
	at org.springframework.web.filter.OncePerRequestFilter.doFilter(OncePerRequestFilter.java:116)
	at org.springframework.security.web.FilterChainProxy$VirtualFilterChain.doFilter(FilterChainProxy.java:374)
	at org.springframework.security.web.context.SecurityContextHolderFilter.doFilter(SecurityContextHolderFilter.java:82)
	at org.springframework.security.web.context.SecurityContextHolderFilter.doFilter(SecurityContextHolderFilter.java:69)
	at org.springframework.security.web.FilterChainProxy$VirtualFilterChain.doFilter(FilterChainProxy.java:374)
	at org.springframework.security.web.context.request.async.WebAsyncManagerIntegrationFilter.doFilterInternal(WebAsyncManagerIntegrationFilter.java:62)
	at org.springframework.web.filter.OncePerRequestFilter.doFilter(OncePerRequestFilter.java:116)
	at org.springframework.security.web.FilterChainProxy$VirtualFilterChain.doFilter(FilterChainProxy.java:374)
	at org.springframework.security.web.session.DisableEncodeUrlFilter.doFilterInternal(DisableEncodeUrlFilter.java:42)
	at org.springframework.web.filter.OncePerRequestFilter.doFilter(OncePerRequestFilter.java:116)
	at org.springframework.security.web.FilterChainProxy$VirtualFilterChain.doFilter(FilterChainProxy.java:374)
	at org.springframework.security.web.FilterChainProxy.doFilterInternal(FilterChainProxy.java:233)
	at org.springframework.security.web.FilterChainProxy.doFilter(FilterChainProxy.java:191)
	at org.springframework.web.filter.DelegatingFilterProxy.invokeDelegate(DelegatingFilterProxy.java:352)
	at org.springframework.web.filter.DelegatingFilterProxy.doFilter(DelegatingFilterProxy.java:268)
	at org.apache.catalina.core.ApplicationFilterChain.internalDoFilter(ApplicationFilterChain.java:174)
	at org.apache.catalina.core.ApplicationFilterChain.doFilter(ApplicationFilterChain.java:149)
	at org.springframework.web.filter.RequestContextFilter.doFilterInternal(RequestContextFilter.java:100)
	at org.springframework.web.filter.OncePerRequestFilter.doFilter(OncePerRequestFilter.java:116)
	at org.apache.catalina.core.ApplicationFilterChain.internalDoFilter(ApplicationFilterChain.java:174)
	at org.apache.catalina.core.ApplicationFilterChain.doFilter(ApplicationFilterChain.java:149)
	at org.springframework.web.filter.FormContentFilter.doFilterInternal(FormContentFilter.java:93)
	at org.springframework.web.filter.OncePerRequestFilter.doFilter(OncePerRequestFilter.java:116)
	at org.apache.catalina.core.ApplicationFilterChain.internalDoFilter(ApplicationFilterChain.java:174)
	at org.apache.catalina.core.ApplicationFilterChain.doFilter(ApplicationFilterChain.java:149)
	at org.springframework.web.filter.CharacterEncodingFilter.doFilterInternal(CharacterEncodingFilter.java:201)
	at org.springframework.web.filter.OncePerRequestFilter.doFilter(OncePerRequestFilter.java:116)
	at org.apache.catalina.core.ApplicationFilterChain.internalDoFilter(ApplicationFilterChain.java:174)
	at org.apache.catalina.core.ApplicationFilterChain.doFilter(ApplicationFilterChain.java:149)
	at org.apache.catalina.core.StandardWrapperValve.invoke(StandardWrapperValve.java:167)
	at org.apache.catalina.core.StandardContextValve.invoke(StandardContextValve.java:90)
	at org.apache.catalina.authenticator.AuthenticatorBase.invoke(AuthenticatorBase.java:482)
	at org.apache.catalina.core.StandardHostValve.invoke(StandardHostValve.java:115)
	at org.apache.catalina.valves.ErrorReportValve.invoke(ErrorReportValve.java:93)
	at org.apache.catalina.core.StandardEngineValve.invoke(StandardEngineValve.java:74)
	at org.apache.catalina.connector.CoyoteAdapter.service(CoyoteAdapter.java:341)
	at org.apache.coyote.http11.Http11Processor.service(Http11Processor.java:391)
	at org.apache.coyote.AbstractProcessorLight.process(AbstractProcessorLight.java:63)
	at org.apache.coyote.AbstractProtocol$ConnectionHandler.process(AbstractProtocol.java:894)
	at org.apache.tomcat.util.net.NioEndpoint$SocketProcessor.doRun(NioEndpoint.java:1740)
	at org.apache.tomcat.util.net.SocketProcessorBase.run(SocketProcessorBase.java:52)
	at org.apache.tomcat.util.threads.ThreadPoolExecutor.runWorker(ThreadPoolExecutor.java:1191)
	at org.apache.tomcat.util.threads.ThreadPoolExecutor$Worker.run(ThreadPoolExecutor.java:659)
	at org.apache.tomcat.util.threads.TaskThread$WrappingRunnable.run(TaskThread.java:61)
	at java.base/java.lang.Thread.run(Thread.java:833)
2025-01-25 12:42:37 [http-nio-8080-exec-10] INFO  c.s.c.service.BookingService - Starting booking process for event ID: 1
2025-01-25 12:42:37 [http-nio-8080-exec-10] INFO  c.s.c.service.BookingService - Created new booking for user: shibinshibu10@gmail.com
2025-01-25 12:42:37 [http-nio-8080-exec-10] INFO  c.s.c.service.BookingService - Booking saved with ID: 3
2025-01-25 12:46:30 [http-nio-8080-exec-8] INFO  c.s.c.service.BookingService - Fetching booking with dependents for booking ID: 1
2025-01-25 12:46:30 [http-nio-8080-exec-8] ERROR c.s.c.service.BookingService - Error fetching booking with dependents for ID: 1
java.lang.RuntimeException: Booking not found with ID: 1
	at com.shiel.campaignapi.service.BookingService.lambda$getBookingWithDependents$6(BookingService.java:310)
	at java.base/java.util.Optional.orElseThrow(Optional.java:403)
	at com.shiel.campaignapi.service.BookingService.getBookingWithDependents(BookingService.java:310)
	at java.base/jdk.internal.reflect.NativeMethodAccessorImpl.invoke0(Native Method)
	at java.base/jdk.internal.reflect.NativeMethodAccessorImpl.invoke(NativeMethodAccessorImpl.java:77)
	at java.base/jdk.internal.reflect.DelegatingMethodAccessorImpl.invoke(DelegatingMethodAccessorImpl.java:43)
	at java.base/java.lang.reflect.Method.invoke(Method.java:568)
	at org.springframework.aop.support.AopUtils.invokeJoinpointUsingReflection(AopUtils.java:343)
	at org.springframework.aop.framework.CglibAopProxy$DynamicAdvisedInterceptor.intercept(CglibAopProxy.java:699)
	at com.shiel.campaignapi.service.BookingService$$SpringCGLIB$$0.getBookingWithDependents(<generated>)
	at com.shiel.campaignapi.controller.BookingController.getBookingWithDependents(BookingController.java:55)
	at java.base/jdk.internal.reflect.NativeMethodAccessorImpl.invoke0(Native Method)
	at java.base/jdk.internal.reflect.NativeMethodAccessorImpl.invoke(NativeMethodAccessorImpl.java:77)
	at java.base/jdk.internal.reflect.DelegatingMethodAccessorImpl.invoke(DelegatingMethodAccessorImpl.java:43)
	at java.base/java.lang.reflect.Method.invoke(Method.java:568)
	at org.springframework.web.method.support.InvocableHandlerMethod.doInvoke(InvocableHandlerMethod.java:205)
	at org.springframework.web.method.support.InvocableHandlerMethod.invokeForRequest(InvocableHandlerMethod.java:150)
	at org.springframework.web.servlet.mvc.method.annotation.ServletInvocableHandlerMethod.invokeAndHandle(ServletInvocableHandlerMethod.java:118)
	at org.springframework.web.servlet.mvc.method.annotation.RequestMappingHandlerAdapter.invokeHandlerMethod(RequestMappingHandlerAdapter.java:884)
	at org.springframework.web.servlet.mvc.method.annotation.RequestMappingHandlerAdapter.handleInternal(RequestMappingHandlerAdapter.java:797)
	at org.springframework.web.servlet.mvc.method.AbstractHandlerMethodAdapter.handle(AbstractHandlerMethodAdapter.java:87)
	at org.springframework.web.servlet.DispatcherServlet.doDispatch(DispatcherServlet.java:1081)
	at org.springframework.web.servlet.DispatcherServlet.doService(DispatcherServlet.java:974)
	at org.springframework.web.servlet.FrameworkServlet.processRequest(FrameworkServlet.java:1011)
	at org.springframework.web.servlet.FrameworkServlet.doGet(FrameworkServlet.java:903)
	at jakarta.servlet.http.HttpServlet.service(HttpServlet.java:564)
	at org.springframework.web.servlet.FrameworkServlet.service(FrameworkServlet.java:885)
	at jakarta.servlet.http.HttpServlet.service(HttpServlet.java:658)
	at org.apache.catalina.core.ApplicationFilterChain.internalDoFilter(ApplicationFilterChain.java:205)
	at org.apache.catalina.core.ApplicationFilterChain.doFilter(ApplicationFilterChain.java:149)
	at org.apache.tomcat.websocket.server.WsFilter.doFilter(WsFilter.java:51)
	at org.apache.catalina.core.ApplicationFilterChain.internalDoFilter(ApplicationFilterChain.java:174)
	at org.apache.catalina.core.ApplicationFilterChain.doFilter(ApplicationFilterChain.java:149)
	at org.springframework.web.filter.OncePerRequestFilter.doFilter(OncePerRequestFilter.java:110)
	at org.apache.catalina.core.ApplicationFilterChain.internalDoFilter(ApplicationFilterChain.java:174)
	at org.apache.catalina.core.ApplicationFilterChain.doFilter(ApplicationFilterChain.java:149)
	at org.springframework.security.web.FilterChainProxy.lambda$doFilterInternal$3(FilterChainProxy.java:231)
	at org.springframework.security.web.FilterChainProxy$VirtualFilterChain.doFilter(FilterChainProxy.java:365)
	at org.springframework.security.web.access.intercept.AuthorizationFilter.doFilter(AuthorizationFilter.java:100)
	at org.springframework.security.web.FilterChainProxy$VirtualFilterChain.doFilter(FilterChainProxy.java:374)
	at org.springframework.security.web.access.ExceptionTranslationFilter.doFilter(ExceptionTranslationFilter.java:126)
	at org.springframework.security.web.access.ExceptionTranslationFilter.doFilter(ExceptionTranslationFilter.java:120)
	at org.springframework.security.web.FilterChainProxy$VirtualFilterChain.doFilter(FilterChainProxy.java:374)
	at org.springframework.security.web.session.SessionManagementFilter.doFilter(SessionManagementFilter.java:131)
	at org.springframework.security.web.session.SessionManagementFilter.doFilter(SessionManagementFilter.java:85)
	at org.springframework.security.web.FilterChainProxy$VirtualFilterChain.doFilter(FilterChainProxy.java:374)
	at org.springframework.security.web.authentication.AnonymousAuthenticationFilter.doFilter(AnonymousAuthenticationFilter.java:100)
	at org.springframework.security.web.FilterChainProxy$VirtualFilterChain.doFilter(FilterChainProxy.java:374)
	at org.springframework.security.web.servletapi.SecurityContextHolderAwareRequestFilter.doFilter(SecurityContextHolderAwareRequestFilter.java:179)
	at org.springframework.security.web.FilterChainProxy$VirtualFilterChain.doFilter(FilterChainProxy.java:374)
	at org.springframework.security.web.savedrequest.RequestCacheAwareFilter.doFilter(RequestCacheAwareFilter.java:63)
	at org.springframework.security.web.FilterChainProxy$VirtualFilterChain.doFilter(FilterChainProxy.java:374)
	at com.shiel.campaignapi.config.JwtAuthenticationFilter.doFilterInternal(JwtAuthenticationFilter.java:91)
	at org.springframework.web.filter.OncePerRequestFilter.doFilter(OncePerRequestFilter.java:116)
	at org.springframework.security.web.FilterChainProxy$VirtualFilterChain.doFilter(FilterChainProxy.java:374)
	at org.springframework.security.web.authentication.logout.LogoutFilter.doFilter(LogoutFilter.java:107)
	at org.springframework.security.web.authentication.logout.LogoutFilter.doFilter(LogoutFilter.java:93)
	at org.springframework.security.web.FilterChainProxy$VirtualFilterChain.doFilter(FilterChainProxy.java:374)
	at org.springframework.security.web.header.HeaderWriterFilter.doHeadersAfter(HeaderWriterFilter.java:90)
	at org.springframework.security.web.header.HeaderWriterFilter.doFilterInternal(HeaderWriterFilter.java:75)
	at org.springframework.web.filter.OncePerRequestFilter.doFilter(OncePerRequestFilter.java:116)
	at org.springframework.security.web.FilterChainProxy$VirtualFilterChain.doFilter(FilterChainProxy.java:374)
	at org.springframework.security.web.context.SecurityContextHolderFilter.doFilter(SecurityContextHolderFilter.java:82)
	at org.springframework.security.web.context.SecurityContextHolderFilter.doFilter(SecurityContextHolderFilter.java:69)
	at org.springframework.security.web.FilterChainProxy$VirtualFilterChain.doFilter(FilterChainProxy.java:374)
	at org.springframework.security.web.context.request.async.WebAsyncManagerIntegrationFilter.doFilterInternal(WebAsyncManagerIntegrationFilter.java:62)
	at org.springframework.web.filter.OncePerRequestFilter.doFilter(OncePerRequestFilter.java:116)
	at org.springframework.security.web.FilterChainProxy$VirtualFilterChain.doFilter(FilterChainProxy.java:374)
	at org.springframework.security.web.session.DisableEncodeUrlFilter.doFilterInternal(DisableEncodeUrlFilter.java:42)
	at org.springframework.web.filter.OncePerRequestFilter.doFilter(OncePerRequestFilter.java:116)
	at org.springframework.security.web.FilterChainProxy$VirtualFilterChain.doFilter(FilterChainProxy.java:374)
	at org.springframework.security.web.FilterChainProxy.doFilterInternal(FilterChainProxy.java:233)
	at org.springframework.security.web.FilterChainProxy.doFilter(FilterChainProxy.java:191)
	at org.springframework.web.filter.DelegatingFilterProxy.invokeDelegate(DelegatingFilterProxy.java:352)
	at org.springframework.web.filter.DelegatingFilterProxy.doFilter(DelegatingFilterProxy.java:268)
	at org.apache.catalina.core.ApplicationFilterChain.internalDoFilter(ApplicationFilterChain.java:174)
	at org.apache.catalina.core.ApplicationFilterChain.doFilter(ApplicationFilterChain.java:149)
	at org.springframework.web.filter.RequestContextFilter.doFilterInternal(RequestContextFilter.java:100)
	at org.springframework.web.filter.OncePerRequestFilter.doFilter(OncePerRequestFilter.java:116)
	at org.apache.catalina.core.ApplicationFilterChain.internalDoFilter(ApplicationFilterChain.java:174)
	at org.apache.catalina.core.ApplicationFilterChain.doFilter(ApplicationFilterChain.java:149)
	at org.springframework.web.filter.FormContentFilter.doFilterInternal(FormContentFilter.java:93)
	at org.springframework.web.filter.OncePerRequestFilter.doFilter(OncePerRequestFilter.java:116)
	at org.apache.catalina.core.ApplicationFilterChain.internalDoFilter(ApplicationFilterChain.java:174)
	at org.apache.catalina.core.ApplicationFilterChain.doFilter(ApplicationFilterChain.java:149)
	at org.springframework.web.filter.CharacterEncodingFilter.doFilterInternal(CharacterEncodingFilter.java:201)
	at org.springframework.web.filter.OncePerRequestFilter.doFilter(OncePerRequestFilter.java:116)
	at org.apache.catalina.core.ApplicationFilterChain.internalDoFilter(ApplicationFilterChain.java:174)
	at org.apache.catalina.core.ApplicationFilterChain.doFilter(ApplicationFilterChain.java:149)
	at org.apache.catalina.core.StandardWrapperValve.invoke(StandardWrapperValve.java:167)
	at org.apache.catalina.core.StandardContextValve.invoke(StandardContextValve.java:90)
	at org.apache.catalina.authenticator.AuthenticatorBase.invoke(AuthenticatorBase.java:482)
	at org.apache.catalina.core.StandardHostValve.invoke(StandardHostValve.java:115)
	at org.apache.catalina.valves.ErrorReportValve.invoke(ErrorReportValve.java:93)
	at org.apache.catalina.core.StandardEngineValve.invoke(StandardEngineValve.java:74)
	at org.apache.catalina.connector.CoyoteAdapter.service(CoyoteAdapter.java:341)
	at org.apache.coyote.http11.Http11Processor.service(Http11Processor.java:391)
	at org.apache.coyote.AbstractProcessorLight.process(AbstractProcessorLight.java:63)
	at org.apache.coyote.AbstractProtocol$ConnectionHandler.process(AbstractProtocol.java:894)
	at org.apache.tomcat.util.net.NioEndpoint$SocketProcessor.doRun(NioEndpoint.java:1740)
	at org.apache.tomcat.util.net.SocketProcessorBase.run(SocketProcessorBase.java:52)
	at org.apache.tomcat.util.threads.ThreadPoolExecutor.runWorker(ThreadPoolExecutor.java:1191)
	at org.apache.tomcat.util.threads.ThreadPoolExecutor$Worker.run(ThreadPoolExecutor.java:659)
	at org.apache.tomcat.util.threads.TaskThread$WrappingRunnable.run(TaskThread.java:61)
	at java.base/java.lang.Thread.run(Thread.java:833)
2025-01-25 12:46:33 [http-nio-8080-exec-9] INFO  c.s.c.service.BookingService - Fetching booking with dependents for booking ID: 1
2025-01-25 12:46:33 [http-nio-8080-exec-9] ERROR c.s.c.service.BookingService - Error fetching booking with dependents for ID: 1
java.lang.RuntimeException: Booking not found with ID: 1
	at com.shiel.campaignapi.service.BookingService.lambda$getBookingWithDependents$6(BookingService.java:310)
	at java.base/java.util.Optional.orElseThrow(Optional.java:403)
	at com.shiel.campaignapi.service.BookingService.getBookingWithDependents(BookingService.java:310)
	at java.base/jdk.internal.reflect.NativeMethodAccessorImpl.invoke0(Native Method)
	at java.base/jdk.internal.reflect.NativeMethodAccessorImpl.invoke(NativeMethodAccessorImpl.java:77)
	at java.base/jdk.internal.reflect.DelegatingMethodAccessorImpl.invoke(DelegatingMethodAccessorImpl.java:43)
	at java.base/java.lang.reflect.Method.invoke(Method.java:568)
	at org.springframework.aop.support.AopUtils.invokeJoinpointUsingReflection(AopUtils.java:343)
	at org.springframework.aop.framework.CglibAopProxy$DynamicAdvisedInterceptor.intercept(CglibAopProxy.java:699)
	at com.shiel.campaignapi.service.BookingService$$SpringCGLIB$$0.getBookingWithDependents(<generated>)
	at com.shiel.campaignapi.controller.BookingController.getBookingWithDependents(BookingController.java:55)
	at java.base/jdk.internal.reflect.NativeMethodAccessorImpl.invoke0(Native Method)
	at java.base/jdk.internal.reflect.NativeMethodAccessorImpl.invoke(NativeMethodAccessorImpl.java:77)
	at java.base/jdk.internal.reflect.DelegatingMethodAccessorImpl.invoke(DelegatingMethodAccessorImpl.java:43)
	at java.base/java.lang.reflect.Method.invoke(Method.java:568)
	at org.springframework.web.method.support.InvocableHandlerMethod.doInvoke(InvocableHandlerMethod.java:205)
	at org.springframework.web.method.support.InvocableHandlerMethod.invokeForRequest(InvocableHandlerMethod.java:150)
	at org.springframework.web.servlet.mvc.method.annotation.ServletInvocableHandlerMethod.invokeAndHandle(ServletInvocableHandlerMethod.java:118)
	at org.springframework.web.servlet.mvc.method.annotation.RequestMappingHandlerAdapter.invokeHandlerMethod(RequestMappingHandlerAdapter.java:884)
	at org.springframework.web.servlet.mvc.method.annotation.RequestMappingHandlerAdapter.handleInternal(RequestMappingHandlerAdapter.java:797)
	at org.springframework.web.servlet.mvc.method.AbstractHandlerMethodAdapter.handle(AbstractHandlerMethodAdapter.java:87)
	at org.springframework.web.servlet.DispatcherServlet.doDispatch(DispatcherServlet.java:1081)
	at org.springframework.web.servlet.DispatcherServlet.doService(DispatcherServlet.java:974)
	at org.springframework.web.servlet.FrameworkServlet.processRequest(FrameworkServlet.java:1011)
	at org.springframework.web.servlet.FrameworkServlet.doGet(FrameworkServlet.java:903)
	at jakarta.servlet.http.HttpServlet.service(HttpServlet.java:564)
	at org.springframework.web.servlet.FrameworkServlet.service(FrameworkServlet.java:885)
	at jakarta.servlet.http.HttpServlet.service(HttpServlet.java:658)
	at org.apache.catalina.core.ApplicationFilterChain.internalDoFilter(ApplicationFilterChain.java:205)
	at org.apache.catalina.core.ApplicationFilterChain.doFilter(ApplicationFilterChain.java:149)
	at org.apache.tomcat.websocket.server.WsFilter.doFilter(WsFilter.java:51)
	at org.apache.catalina.core.ApplicationFilterChain.internalDoFilter(ApplicationFilterChain.java:174)
	at org.apache.catalina.core.ApplicationFilterChain.doFilter(ApplicationFilterChain.java:149)
	at org.springframework.web.filter.OncePerRequestFilter.doFilter(OncePerRequestFilter.java:110)
	at org.apache.catalina.core.ApplicationFilterChain.internalDoFilter(ApplicationFilterChain.java:174)
	at org.apache.catalina.core.ApplicationFilterChain.doFilter(ApplicationFilterChain.java:149)
	at org.springframework.security.web.FilterChainProxy.lambda$doFilterInternal$3(FilterChainProxy.java:231)
	at org.springframework.security.web.FilterChainProxy$VirtualFilterChain.doFilter(FilterChainProxy.java:365)
	at org.springframework.security.web.access.intercept.AuthorizationFilter.doFilter(AuthorizationFilter.java:100)
	at org.springframework.security.web.FilterChainProxy$VirtualFilterChain.doFilter(FilterChainProxy.java:374)
	at org.springframework.security.web.access.ExceptionTranslationFilter.doFilter(ExceptionTranslationFilter.java:126)
	at org.springframework.security.web.access.ExceptionTranslationFilter.doFilter(ExceptionTranslationFilter.java:120)
	at org.springframework.security.web.FilterChainProxy$VirtualFilterChain.doFilter(FilterChainProxy.java:374)
	at org.springframework.security.web.session.SessionManagementFilter.doFilter(SessionManagementFilter.java:131)
	at org.springframework.security.web.session.SessionManagementFilter.doFilter(SessionManagementFilter.java:85)
	at org.springframework.security.web.FilterChainProxy$VirtualFilterChain.doFilter(FilterChainProxy.java:374)
	at org.springframework.security.web.authentication.AnonymousAuthenticationFilter.doFilter(AnonymousAuthenticationFilter.java:100)
	at org.springframework.security.web.FilterChainProxy$VirtualFilterChain.doFilter(FilterChainProxy.java:374)
	at org.springframework.security.web.servletapi.SecurityContextHolderAwareRequestFilter.doFilter(SecurityContextHolderAwareRequestFilter.java:179)
	at org.springframework.security.web.FilterChainProxy$VirtualFilterChain.doFilter(FilterChainProxy.java:374)
	at org.springframework.security.web.savedrequest.RequestCacheAwareFilter.doFilter(RequestCacheAwareFilter.java:63)
	at org.springframework.security.web.FilterChainProxy$VirtualFilterChain.doFilter(FilterChainProxy.java:374)
	at com.shiel.campaignapi.config.JwtAuthenticationFilter.doFilterInternal(JwtAuthenticationFilter.java:91)
	at org.springframework.web.filter.OncePerRequestFilter.doFilter(OncePerRequestFilter.java:116)
	at org.springframework.security.web.FilterChainProxy$VirtualFilterChain.doFilter(FilterChainProxy.java:374)
	at org.springframework.security.web.authentication.logout.LogoutFilter.doFilter(LogoutFilter.java:107)
	at org.springframework.security.web.authentication.logout.LogoutFilter.doFilter(LogoutFilter.java:93)
	at org.springframework.security.web.FilterChainProxy$VirtualFilterChain.doFilter(FilterChainProxy.java:374)
	at org.springframework.security.web.header.HeaderWriterFilter.doHeadersAfter(HeaderWriterFilter.java:90)
	at org.springframework.security.web.header.HeaderWriterFilter.doFilterInternal(HeaderWriterFilter.java:75)
	at org.springframework.web.filter.OncePerRequestFilter.doFilter(OncePerRequestFilter.java:116)
	at org.springframework.security.web.FilterChainProxy$VirtualFilterChain.doFilter(FilterChainProxy.java:374)
	at org.springframework.security.web.context.SecurityContextHolderFilter.doFilter(SecurityContextHolderFilter.java:82)
	at org.springframework.security.web.context.SecurityContextHolderFilter.doFilter(SecurityContextHolderFilter.java:69)
	at org.springframework.security.web.FilterChainProxy$VirtualFilterChain.doFilter(FilterChainProxy.java:374)
	at org.springframework.security.web.context.request.async.WebAsyncManagerIntegrationFilter.doFilterInternal(WebAsyncManagerIntegrationFilter.java:62)
	at org.springframework.web.filter.OncePerRequestFilter.doFilter(OncePerRequestFilter.java:116)
	at org.springframework.security.web.FilterChainProxy$VirtualFilterChain.doFilter(FilterChainProxy.java:374)
	at org.springframework.security.web.session.DisableEncodeUrlFilter.doFilterInternal(DisableEncodeUrlFilter.java:42)
	at org.springframework.web.filter.OncePerRequestFilter.doFilter(OncePerRequestFilter.java:116)
	at org.springframework.security.web.FilterChainProxy$VirtualFilterChain.doFilter(FilterChainProxy.java:374)
	at org.springframework.security.web.FilterChainProxy.doFilterInternal(FilterChainProxy.java:233)
	at org.springframework.security.web.FilterChainProxy.doFilter(FilterChainProxy.java:191)
	at org.springframework.web.filter.DelegatingFilterProxy.invokeDelegate(DelegatingFilterProxy.java:352)
	at org.springframework.web.filter.DelegatingFilterProxy.doFilter(DelegatingFilterProxy.java:268)
	at org.apache.catalina.core.ApplicationFilterChain.internalDoFilter(ApplicationFilterChain.java:174)
	at org.apache.catalina.core.ApplicationFilterChain.doFilter(ApplicationFilterChain.java:149)
	at org.springframework.web.filter.RequestContextFilter.doFilterInternal(RequestContextFilter.java:100)
	at org.springframework.web.filter.OncePerRequestFilter.doFilter(OncePerRequestFilter.java:116)
	at org.apache.catalina.core.ApplicationFilterChain.internalDoFilter(ApplicationFilterChain.java:174)
	at org.apache.catalina.core.ApplicationFilterChain.doFilter(ApplicationFilterChain.java:149)
	at org.springframework.web.filter.FormContentFilter.doFilterInternal(FormContentFilter.java:93)
	at org.springframework.web.filter.OncePerRequestFilter.doFilter(OncePerRequestFilter.java:116)
	at org.apache.catalina.core.ApplicationFilterChain.internalDoFilter(ApplicationFilterChain.java:174)
	at org.apache.catalina.core.ApplicationFilterChain.doFilter(ApplicationFilterChain.java:149)
	at org.springframework.web.filter.CharacterEncodingFilter.doFilterInternal(CharacterEncodingFilter.java:201)
	at org.springframework.web.filter.OncePerRequestFilter.doFilter(OncePerRequestFilter.java:116)
	at org.apache.catalina.core.ApplicationFilterChain.internalDoFilter(ApplicationFilterChain.java:174)
	at org.apache.catalina.core.ApplicationFilterChain.doFilter(ApplicationFilterChain.java:149)
	at org.apache.catalina.core.StandardWrapperValve.invoke(StandardWrapperValve.java:167)
	at org.apache.catalina.core.StandardContextValve.invoke(StandardContextValve.java:90)
	at org.apache.catalina.authenticator.AuthenticatorBase.invoke(AuthenticatorBase.java:482)
	at org.apache.catalina.core.StandardHostValve.invoke(StandardHostValve.java:115)
	at org.apache.catalina.valves.ErrorReportValve.invoke(ErrorReportValve.java:93)
	at org.apache.catalina.core.StandardEngineValve.invoke(StandardEngineValve.java:74)
	at org.apache.catalina.connector.CoyoteAdapter.service(CoyoteAdapter.java:341)
	at org.apache.coyote.http11.Http11Processor.service(Http11Processor.java:391)
	at org.apache.coyote.AbstractProcessorLight.process(AbstractProcessorLight.java:63)
	at org.apache.coyote.AbstractProtocol$ConnectionHandler.process(AbstractProtocol.java:894)
	at org.apache.tomcat.util.net.NioEndpoint$SocketProcessor.doRun(NioEndpoint.java:1740)
	at org.apache.tomcat.util.net.SocketProcessorBase.run(SocketProcessorBase.java:52)
	at org.apache.tomcat.util.threads.ThreadPoolExecutor.runWorker(ThreadPoolExecutor.java:1191)
	at org.apache.tomcat.util.threads.ThreadPoolExecutor$Worker.run(ThreadPoolExecutor.java:659)
	at org.apache.tomcat.util.threads.TaskThread$WrappingRunnable.run(TaskThread.java:61)
	at java.base/java.lang.Thread.run(Thread.java:833)
2025-01-25 12:46:50 [http-nio-8080-exec-10] INFO  c.s.c.service.BookingService - Fetching booking with dependents for booking ID: 3
2025-01-25 12:46:50 [http-nio-8080-exec-10] INFO  c.s.c.service.BookingService - Booking with dependents fetched successfully for ID: 3
2025-01-25 12:47:21 [http-nio-8080-exec-2] INFO  c.s.c.service.BookingService - Fetching booking with dependents for booking ID: 3
2025-01-25 12:47:21 [http-nio-8080-exec-2] INFO  c.s.c.service.BookingService - Booking with dependents fetched successfully for ID: 3
2025-01-25 12:51:24 [background-preinit] INFO  o.h.validator.internal.util.Version - HV000001: Hibernate Validator 7.0.0.Final
2025-01-25 12:51:24 [main] INFO  c.s.c.CampaignApiApplication - Starting CampaignApiApplication using Java 17.0.8.1 with PID 12436 (D:\project\camp-api\campaignapi\target\classes started by shibi in D:\project\camp-api\campaignapi)
2025-01-25 12:51:24 [main] INFO  c.s.c.CampaignApiApplication - No active profile set, falling back to 1 default profile: "default"
2025-01-25 12:51:25 [main] INFO  o.s.d.r.c.RepositoryConfigurationDelegate - Bootstrapping Spring Data JPA repositories in DEFAULT mode.
2025-01-25 12:51:25 [main] INFO  o.s.d.r.c.RepositoryConfigurationDelegate - Finished Spring Data repository scanning in 56 ms. Found 9 JPA repository interfaces.
2025-01-25 12:51:25 [main] INFO  o.s.b.w.e.tomcat.TomcatWebServer - Tomcat initialized with port(s): 8080 (http)
2025-01-25 12:51:25 [main] INFO  o.a.coyote.http11.Http11NioProtocol - Initializing ProtocolHandler ["http-nio-8080"]
2025-01-25 12:51:25 [main] INFO  o.a.catalina.core.StandardService - Starting service [Tomcat]
2025-01-25 12:51:25 [main] INFO  o.a.catalina.core.StandardEngine - Starting Servlet engine: [Apache Tomcat/10.1.13]
2025-01-25 12:51:25 [main] INFO  o.a.c.c.C.[.[localhost].[/api] - Initializing Spring embedded WebApplicationContext
2025-01-25 12:51:25 [main] INFO  o.s.b.w.s.c.ServletWebServerApplicationContext - Root WebApplicationContext: initialization completed in 1142 ms
2025-01-25 12:51:25 [main] INFO  o.h.jpa.internal.util.LogHelper - HHH000204: Processing PersistenceUnitInfo [name: default]
2025-01-25 12:51:25 [main] INFO  org.hibernate.Version - HHH000412: Hibernate ORM core version 6.2.9.Final
2025-01-25 12:51:25 [main] INFO  org.hibernate.cfg.Environment - HHH000406: Using bytecode reflection optimizer
2025-01-25 12:51:25 [main] INFO  o.h.b.i.BytecodeProviderInitiator - HHH000021: Bytecode provider name : bytebuddy
2025-01-25 12:51:26 [main] INFO  o.s.o.j.p.SpringPersistenceUnitInfo - No LoadTimeWeaver setup: ignoring JPA class transformer
2025-01-25 12:51:26 [main] INFO  com.zaxxer.hikari.HikariDataSource - HikariPool-1 - Starting...
2025-01-25 12:51:26 [main] INFO  com.zaxxer.hikari.pool.HikariPool - HikariPool-1 - Added connection com.mysql.cj.jdbc.ConnectionImpl@e886caf
2025-01-25 12:51:26 [main] INFO  com.zaxxer.hikari.HikariDataSource - HikariPool-1 - Start completed.
2025-01-25 12:51:26 [main] INFO  o.h.b.i.BytecodeProviderInitiator - HHH000021: Bytecode provider name : bytebuddy
2025-01-25 12:51:27 [main] INFO  o.h.e.t.j.p.i.JtaPlatformInitiator - HHH000490: Using JtaPlatform implementation: [org.hibernate.engine.transaction.jta.platform.internal.NoJtaPlatform]
2025-01-25 12:51:27 [main] INFO  o.s.o.j.LocalContainerEntityManagerFactoryBean - Initialized JPA EntityManagerFactory for persistence unit 'default'
2025-01-25 12:51:27 [main] INFO  c.s.c.config.FirebaseConfig - Firebase initialized successfully.
2025-01-25 12:51:27 [main] INFO  c.s.c.service.AuthenticationService - AuthenticationService initialized.
2025-01-25 12:51:27 [main] INFO  o.s.b.f.a.AutowiredAnnotationBeanPostProcessor - Autowired annotation is not supported on static fields: private static final org.slf4j.Logger com.shiel.campaignapi.service.BookingService.logger
2025-01-25 12:51:27 [main] INFO  org.quartz.impl.StdSchedulerFactory - Using default implementation for ThreadExecutor
2025-01-25 12:51:27 [main] INFO  o.quartz.core.SchedulerSignalerImpl - Initialized Scheduler Signaller of type: class org.quartz.core.SchedulerSignalerImpl
2025-01-25 12:51:27 [main] INFO  org.quartz.core.QuartzScheduler - Quartz Scheduler v.2.3.2 created.
2025-01-25 12:51:27 [main] INFO  org.quartz.simpl.RAMJobStore - RAMJobStore initialized.
2025-01-25 12:51:27 [main] INFO  org.quartz.core.QuartzScheduler - Scheduler meta-data: Quartz Scheduler (v2.3.2) 'MeetingScheduler' with instanceId 'NON_CLUSTERED'
  Scheduler class: 'org.quartz.core.QuartzScheduler' - running locally.
  NOT STARTED.
  Currently in standby mode.
  Number of jobs executed: 0
  Using thread pool 'org.quartz.simpl.SimpleThreadPool' - with 10 threads.
  Using job-store 'org.quartz.simpl.RAMJobStore' - which does not support persistence. and is not clustered.

2025-01-25 12:51:27 [main] INFO  org.quartz.impl.StdSchedulerFactory - Quartz scheduler 'MeetingScheduler' initialized from an externally provided properties instance.
2025-01-25 12:51:27 [main] INFO  org.quartz.impl.StdSchedulerFactory - Quartz scheduler version: 2.3.2
2025-01-25 12:51:27 [main] INFO  org.quartz.core.QuartzScheduler - JobFactory set to: org.springframework.scheduling.quartz.SpringBeanJobFactory@6f87bc6c
2025-01-25 12:51:28 [main] INFO  o.s.s.web.DefaultSecurityFilterChain - Will secure any request with [org.springframework.security.web.session.DisableEncodeUrlFilter@7892635c, org.springframework.security.web.context.request.async.WebAsyncManagerIntegrationFilter@79c9a128, org.springframework.security.web.context.SecurityContextHolderFilter@1aa7d66e, org.springframework.security.web.header.HeaderWriterFilter@a422390, org.springframework.security.web.authentication.logout.LogoutFilter@76d654, com.shiel.campaignapi.config.JwtAuthenticationFilter@3ad80206, org.springframework.security.web.savedrequest.RequestCacheAwareFilter@189f2184, org.springframework.security.web.servletapi.SecurityContextHolderAwareRequestFilter@c53c04e, org.springframework.security.web.authentication.AnonymousAuthenticationFilter@729a98e9, org.springframework.security.web.session.SessionManagementFilter@72769bf5, org.springframework.security.web.access.ExceptionTranslationFilter@5317a7ef, org.springframework.security.web.access.intercept.AuthorizationFilter@29a51ff1]
2025-01-25 12:51:28 [main] INFO  o.a.coyote.http11.Http11NioProtocol - Starting ProtocolHandler ["http-nio-8080"]
2025-01-25 12:51:28 [main] INFO  o.s.b.w.e.tomcat.TomcatWebServer - Tomcat started on port(s): 8080 (http) with context path '/api'
2025-01-25 12:51:28 [main] INFO  o.s.s.quartz.SchedulerFactoryBean - Starting Quartz Scheduler now
2025-01-25 12:51:28 [main] INFO  org.quartz.core.QuartzScheduler - Scheduler MeetingScheduler_$_NON_CLUSTERED started.
2025-01-25 12:51:28 [main] INFO  c.s.c.CampaignApiApplication - Started CampaignApiApplication in 4.108 seconds (process running for 4.762)
2025-01-25 12:51:36 [http-nio-8080-exec-1] INFO  o.a.c.c.C.[.[localhost].[/api] - Initializing Spring DispatcherServlet 'dispatcherServlet'
2025-01-25 12:51:36 [http-nio-8080-exec-1] INFO  o.s.web.servlet.DispatcherServlet - Initializing Servlet 'dispatcherServlet'
2025-01-25 12:51:36 [http-nio-8080-exec-1] INFO  o.s.web.servlet.DispatcherServlet - Completed initialization in 2 ms
2025-01-25 13:00:35 [background-preinit] INFO  o.h.validator.internal.util.Version - HV000001: Hibernate Validator 7.0.0.Final
2025-01-25 13:00:35 [main] INFO  c.s.c.CampaignApiApplication - Starting CampaignApiApplication using Java 17.0.8.1 with PID 25192 (D:\project\camp-api\campaignapi\target\classes started by shibi in D:\project\camp-api\campaignapi)
2025-01-25 13:00:35 [main] INFO  c.s.c.CampaignApiApplication - No active profile set, falling back to 1 default profile: "default"
2025-01-25 13:00:36 [main] INFO  o.s.d.r.c.RepositoryConfigurationDelegate - Bootstrapping Spring Data JPA repositories in DEFAULT mode.
2025-01-25 13:00:36 [main] INFO  o.s.d.r.c.RepositoryConfigurationDelegate - Finished Spring Data repository scanning in 63 ms. Found 9 JPA repository interfaces.
2025-01-25 13:00:36 [main] INFO  o.s.b.w.e.tomcat.TomcatWebServer - Tomcat initialized with port(s): 8080 (http)
2025-01-25 13:00:36 [main] INFO  o.a.coyote.http11.Http11NioProtocol - Initializing ProtocolHandler ["http-nio-8080"]
2025-01-25 13:00:36 [main] INFO  o.a.catalina.core.StandardService - Starting service [Tomcat]
2025-01-25 13:00:36 [main] INFO  o.a.catalina.core.StandardEngine - Starting Servlet engine: [Apache Tomcat/10.1.13]
2025-01-25 13:00:36 [main] INFO  o.a.c.c.C.[.[localhost].[/api] - Initializing Spring embedded WebApplicationContext
2025-01-25 13:00:36 [main] INFO  o.s.b.w.s.c.ServletWebServerApplicationContext - Root WebApplicationContext: initialization completed in 1145 ms
2025-01-25 13:00:37 [main] INFO  o.h.jpa.internal.util.LogHelper - HHH000204: Processing PersistenceUnitInfo [name: default]
2025-01-25 13:00:37 [main] INFO  org.hibernate.Version - HHH000412: Hibernate ORM core version 6.2.9.Final
2025-01-25 13:00:37 [main] INFO  org.hibernate.cfg.Environment - HHH000406: Using bytecode reflection optimizer
2025-01-25 13:00:37 [main] INFO  o.h.b.i.BytecodeProviderInitiator - HHH000021: Bytecode provider name : bytebuddy
2025-01-25 13:00:37 [main] INFO  o.s.o.j.p.SpringPersistenceUnitInfo - No LoadTimeWeaver setup: ignoring JPA class transformer
2025-01-25 13:00:37 [main] INFO  com.zaxxer.hikari.HikariDataSource - HikariPool-1 - Starting...
2025-01-25 13:00:37 [main] INFO  com.zaxxer.hikari.pool.HikariPool - HikariPool-1 - Added connection com.mysql.cj.jdbc.ConnectionImpl@1dbff71c
2025-01-25 13:00:37 [main] INFO  com.zaxxer.hikari.HikariDataSource - HikariPool-1 - Start completed.
2025-01-25 13:00:37 [main] INFO  o.h.b.i.BytecodeProviderInitiator - HHH000021: Bytecode provider name : bytebuddy
2025-01-25 13:00:38 [main] INFO  o.h.e.t.j.p.i.JtaPlatformInitiator - HHH000490: Using JtaPlatform implementation: [org.hibernate.engine.transaction.jta.platform.internal.NoJtaPlatform]
2025-01-25 13:00:38 [main] INFO  o.s.o.j.LocalContainerEntityManagerFactoryBean - Initialized JPA EntityManagerFactory for persistence unit 'default'
2025-01-25 13:00:38 [main] INFO  c.s.c.config.FirebaseConfig - Firebase initialized successfully.
2025-01-25 13:00:38 [main] INFO  c.s.c.service.AuthenticationService - AuthenticationService initialized.
2025-01-25 13:00:38 [main] INFO  o.s.b.f.a.AutowiredAnnotationBeanPostProcessor - Autowired annotation is not supported on static fields: private static final org.slf4j.Logger com.shiel.campaignapi.service.BookingService.logger
2025-01-25 13:00:39 [main] INFO  org.quartz.impl.StdSchedulerFactory - Using default implementation for ThreadExecutor
2025-01-25 13:00:39 [main] INFO  o.quartz.core.SchedulerSignalerImpl - Initialized Scheduler Signaller of type: class org.quartz.core.SchedulerSignalerImpl
2025-01-25 13:00:39 [main] INFO  org.quartz.core.QuartzScheduler - Quartz Scheduler v.2.3.2 created.
2025-01-25 13:00:39 [main] INFO  org.quartz.simpl.RAMJobStore - RAMJobStore initialized.
2025-01-25 13:00:39 [main] INFO  org.quartz.core.QuartzScheduler - Scheduler meta-data: Quartz Scheduler (v2.3.2) 'MeetingScheduler' with instanceId 'NON_CLUSTERED'
  Scheduler class: 'org.quartz.core.QuartzScheduler' - running locally.
  NOT STARTED.
  Currently in standby mode.
  Number of jobs executed: 0
  Using thread pool 'org.quartz.simpl.SimpleThreadPool' - with 10 threads.
  Using job-store 'org.quartz.simpl.RAMJobStore' - which does not support persistence. and is not clustered.

2025-01-25 13:00:39 [main] INFO  org.quartz.impl.StdSchedulerFactory - Quartz scheduler 'MeetingScheduler' initialized from an externally provided properties instance.
2025-01-25 13:00:39 [main] INFO  org.quartz.impl.StdSchedulerFactory - Quartz scheduler version: 2.3.2
2025-01-25 13:00:39 [main] INFO  org.quartz.core.QuartzScheduler - JobFactory set to: org.springframework.scheduling.quartz.SpringBeanJobFactory@5120886f
2025-01-25 13:00:39 [main] INFO  o.s.s.web.DefaultSecurityFilterChain - Will secure any request with [org.springframework.security.web.session.DisableEncodeUrlFilter@21523e1b, org.springframework.security.web.context.request.async.WebAsyncManagerIntegrationFilter@6461c673, org.springframework.security.web.context.SecurityContextHolderFilter@587df3e4, org.springframework.security.web.header.HeaderWriterFilter@a55b4f9, org.springframework.security.web.authentication.logout.LogoutFilter@6dacde96, com.shiel.campaignapi.config.JwtAuthenticationFilter@19a799cb, org.springframework.security.web.savedrequest.RequestCacheAwareFilter@5207747c, org.springframework.security.web.servletapi.SecurityContextHolderAwareRequestFilter@f1b006b, org.springframework.security.web.authentication.AnonymousAuthenticationFilter@1e11d73c, org.springframework.security.web.session.SessionManagementFilter@18f493d7, org.springframework.security.web.access.ExceptionTranslationFilter@c34fd2, org.springframework.security.web.access.intercept.AuthorizationFilter@47a05ad8]
2025-01-25 13:00:39 [main] INFO  o.a.coyote.http11.Http11NioProtocol - Starting ProtocolHandler ["http-nio-8080"]
2025-01-25 13:00:39 [main] INFO  o.s.b.w.e.tomcat.TomcatWebServer - Tomcat started on port(s): 8080 (http) with context path '/api'
2025-01-25 13:00:39 [main] INFO  o.s.s.quartz.SchedulerFactoryBean - Starting Quartz Scheduler now
2025-01-25 13:00:39 [main] INFO  org.quartz.core.QuartzScheduler - Scheduler MeetingScheduler_$_NON_CLUSTERED started.
2025-01-25 13:00:39 [main] INFO  c.s.c.CampaignApiApplication - Started CampaignApiApplication in 4.126 seconds (process running for 4.769)
2025-01-25 13:00:49 [http-nio-8080-exec-1] INFO  o.a.c.c.C.[.[localhost].[/api] - Initializing Spring DispatcherServlet 'dispatcherServlet'
2025-01-25 13:00:49 [http-nio-8080-exec-1] INFO  o.s.web.servlet.DispatcherServlet - Initializing Servlet 'dispatcherServlet'
2025-01-25 13:00:49 [http-nio-8080-exec-1] INFO  o.s.web.servlet.DispatcherServlet - Completed initialization in 1 ms
2025-01-25 13:02:12 [background-preinit] INFO  o.h.validator.internal.util.Version - HV000001: Hibernate Validator 7.0.0.Final
2025-01-25 13:02:12 [main] INFO  c.s.c.CampaignApiApplication - Starting CampaignApiApplication using Java 17.0.8.1 with PID 22444 (D:\project\camp-api\campaignapi\target\classes started by shibi in D:\project\camp-api\campaignapi)
2025-01-25 13:02:12 [main] INFO  c.s.c.CampaignApiApplication - No active profile set, falling back to 1 default profile: "default"
2025-01-25 13:02:12 [main] INFO  o.s.d.r.c.RepositoryConfigurationDelegate - Bootstrapping Spring Data JPA repositories in DEFAULT mode.
2025-01-25 13:02:13 [main] INFO  o.s.d.r.c.RepositoryConfigurationDelegate - Finished Spring Data repository scanning in 56 ms. Found 9 JPA repository interfaces.
2025-01-25 13:02:13 [main] INFO  o.s.b.w.e.tomcat.TomcatWebServer - Tomcat initialized with port(s): 8080 (http)
2025-01-25 13:02:13 [main] INFO  o.a.coyote.http11.Http11NioProtocol - Initializing ProtocolHandler ["http-nio-8080"]
2025-01-25 13:02:13 [main] INFO  o.a.catalina.core.StandardService - Starting service [Tomcat]
2025-01-25 13:02:13 [main] INFO  o.a.catalina.core.StandardEngine - Starting Servlet engine: [Apache Tomcat/10.1.13]
2025-01-25 13:02:13 [main] INFO  o.a.c.c.C.[.[localhost].[/api] - Initializing Spring embedded WebApplicationContext
2025-01-25 13:02:13 [main] INFO  o.s.b.w.s.c.ServletWebServerApplicationContext - Root WebApplicationContext: initialization completed in 1135 ms
2025-01-25 13:02:13 [main] INFO  o.h.jpa.internal.util.LogHelper - HHH000204: Processing PersistenceUnitInfo [name: default]
2025-01-25 13:02:13 [main] INFO  org.hibernate.Version - HHH000412: Hibernate ORM core version 6.2.9.Final
2025-01-25 13:02:13 [main] INFO  org.hibernate.cfg.Environment - HHH000406: Using bytecode reflection optimizer
2025-01-25 13:02:13 [main] INFO  o.h.b.i.BytecodeProviderInitiator - HHH000021: Bytecode provider name : bytebuddy
2025-01-25 13:02:13 [main] INFO  o.s.o.j.p.SpringPersistenceUnitInfo - No LoadTimeWeaver setup: ignoring JPA class transformer
2025-01-25 13:02:13 [main] INFO  com.zaxxer.hikari.HikariDataSource - HikariPool-1 - Starting...
2025-01-25 13:02:14 [main] INFO  com.zaxxer.hikari.pool.HikariPool - HikariPool-1 - Added connection com.mysql.cj.jdbc.ConnectionImpl@1d585fb
2025-01-25 13:02:14 [main] INFO  com.zaxxer.hikari.HikariDataSource - HikariPool-1 - Start completed.
2025-01-25 13:02:14 [main] INFO  o.h.b.i.BytecodeProviderInitiator - HHH000021: Bytecode provider name : bytebuddy
2025-01-25 13:02:15 [main] INFO  o.h.e.t.j.p.i.JtaPlatformInitiator - HHH000490: Using JtaPlatform implementation: [org.hibernate.engine.transaction.jta.platform.internal.NoJtaPlatform]
2025-01-25 13:02:15 [main] INFO  o.s.o.j.LocalContainerEntityManagerFactoryBean - Initialized JPA EntityManagerFactory for persistence unit 'default'
2025-01-25 13:02:15 [main] INFO  c.s.c.config.FirebaseConfig - Firebase initialized successfully.
2025-01-25 13:02:15 [main] INFO  c.s.c.service.AuthenticationService - AuthenticationService initialized.
2025-01-25 13:02:15 [main] INFO  o.s.b.f.a.AutowiredAnnotationBeanPostProcessor - Autowired annotation is not supported on static fields: private static final org.slf4j.Logger com.shiel.campaignapi.service.BookingService.logger
2025-01-25 13:02:15 [main] INFO  org.quartz.impl.StdSchedulerFactory - Using default implementation for ThreadExecutor
2025-01-25 13:02:15 [main] INFO  o.quartz.core.SchedulerSignalerImpl - Initialized Scheduler Signaller of type: class org.quartz.core.SchedulerSignalerImpl
2025-01-25 13:02:15 [main] INFO  org.quartz.core.QuartzScheduler - Quartz Scheduler v.2.3.2 created.
2025-01-25 13:02:15 [main] INFO  org.quartz.simpl.RAMJobStore - RAMJobStore initialized.
2025-01-25 13:02:15 [main] INFO  org.quartz.core.QuartzScheduler - Scheduler meta-data: Quartz Scheduler (v2.3.2) 'MeetingScheduler' with instanceId 'NON_CLUSTERED'
  Scheduler class: 'org.quartz.core.QuartzScheduler' - running locally.
  NOT STARTED.
  Currently in standby mode.
  Number of jobs executed: 0
  Using thread pool 'org.quartz.simpl.SimpleThreadPool' - with 10 threads.
  Using job-store 'org.quartz.simpl.RAMJobStore' - which does not support persistence. and is not clustered.

2025-01-25 13:02:15 [main] INFO  org.quartz.impl.StdSchedulerFactory - Quartz scheduler 'MeetingScheduler' initialized from an externally provided properties instance.
2025-01-25 13:02:15 [main] INFO  org.quartz.impl.StdSchedulerFactory - Quartz scheduler version: 2.3.2
2025-01-25 13:02:15 [main] INFO  org.quartz.core.QuartzScheduler - JobFactory set to: org.springframework.scheduling.quartz.SpringBeanJobFactory@20711b02
2025-01-25 13:02:16 [main] INFO  o.s.s.web.DefaultSecurityFilterChain - Will secure any request with [org.springframework.security.web.session.DisableEncodeUrlFilter@28ab7ffb, org.springframework.security.web.context.request.async.WebAsyncManagerIntegrationFilter@47a05ad8, org.springframework.security.web.context.SecurityContextHolderFilter@c53c04e, org.springframework.security.web.header.HeaderWriterFilter@34ad750f, org.springframework.security.web.authentication.logout.LogoutFilter@5e8359da, com.shiel.campaignapi.config.JwtAuthenticationFilter@58ec3e8b, org.springframework.security.web.savedrequest.RequestCacheAwareFilter@2d036335, org.springframework.security.web.servletapi.SecurityContextHolderAwareRequestFilter@5207747c, org.springframework.security.web.authentication.AnonymousAuthenticationFilter@5b3427c4, org.springframework.security.web.session.SessionManagementFilter@57386162, org.springframework.security.web.access.ExceptionTranslationFilter@6d58ed12, org.springframework.security.web.access.intercept.AuthorizationFilter@51c7d472]
2025-01-25 13:02:16 [main] INFO  o.a.coyote.http11.Http11NioProtocol - Starting ProtocolHandler ["http-nio-8080"]
2025-01-25 13:02:16 [main] INFO  o.s.b.w.e.tomcat.TomcatWebServer - Tomcat started on port(s): 8080 (http) with context path '/api'
2025-01-25 13:02:16 [main] INFO  o.s.s.quartz.SchedulerFactoryBean - Starting Quartz Scheduler now
2025-01-25 13:02:16 [main] INFO  org.quartz.core.QuartzScheduler - Scheduler MeetingScheduler_$_NON_CLUSTERED started.
2025-01-25 13:02:16 [main] INFO  c.s.c.CampaignApiApplication - Started CampaignApiApplication in 4.247 seconds (process running for 4.896)
2025-01-25 13:02:18 [http-nio-8080-exec-1] INFO  o.a.c.c.C.[.[localhost].[/api] - Initializing Spring DispatcherServlet 'dispatcherServlet'
2025-01-25 13:02:18 [http-nio-8080-exec-1] INFO  o.s.web.servlet.DispatcherServlet - Initializing Servlet 'dispatcherServlet'
2025-01-25 13:02:18 [http-nio-8080-exec-1] INFO  o.s.web.servlet.DispatcherServlet - Completed initialization in 1 ms
2025-01-25 13:04:49 [background-preinit] INFO  o.h.validator.internal.util.Version - HV000001: Hibernate Validator 7.0.0.Final
2025-01-25 13:04:49 [main] INFO  c.s.c.CampaignApiApplication - Starting CampaignApiApplication using Java 17.0.8.1 with PID 24060 (D:\project\camp-api\campaignapi\target\classes started by shibi in D:\project\camp-api\campaignapi)
2025-01-25 13:04:49 [main] INFO  c.s.c.CampaignApiApplication - No active profile set, falling back to 1 default profile: "default"
2025-01-25 13:04:50 [main] INFO  o.s.d.r.c.RepositoryConfigurationDelegate - Bootstrapping Spring Data JPA repositories in DEFAULT mode.
2025-01-25 13:04:50 [main] INFO  o.s.d.r.c.RepositoryConfigurationDelegate - Finished Spring Data repository scanning in 66 ms. Found 9 JPA repository interfaces.
2025-01-25 13:04:51 [main] INFO  o.s.b.w.e.tomcat.TomcatWebServer - Tomcat initialized with port(s): 8080 (http)
2025-01-25 13:04:51 [main] INFO  o.a.coyote.http11.Http11NioProtocol - Initializing ProtocolHandler ["http-nio-8080"]
2025-01-25 13:04:51 [main] INFO  o.a.catalina.core.StandardService - Starting service [Tomcat]
2025-01-25 13:04:51 [main] INFO  o.a.catalina.core.StandardEngine - Starting Servlet engine: [Apache Tomcat/10.1.13]
2025-01-25 13:04:51 [main] INFO  o.a.c.c.C.[.[localhost].[/api] - Initializing Spring embedded WebApplicationContext
2025-01-25 13:04:51 [main] INFO  o.s.b.w.s.c.ServletWebServerApplicationContext - Root WebApplicationContext: initialization completed in 1688 ms
2025-01-25 13:04:51 [main] INFO  o.h.jpa.internal.util.LogHelper - HHH000204: Processing PersistenceUnitInfo [name: default]
2025-01-25 13:04:51 [main] INFO  org.hibernate.Version - HHH000412: Hibernate ORM core version 6.2.9.Final
2025-01-25 13:04:51 [main] INFO  org.hibernate.cfg.Environment - HHH000406: Using bytecode reflection optimizer
2025-01-25 13:04:51 [main] INFO  o.h.b.i.BytecodeProviderInitiator - HHH000021: Bytecode provider name : bytebuddy
2025-01-25 13:04:51 [main] INFO  o.s.o.j.p.SpringPersistenceUnitInfo - No LoadTimeWeaver setup: ignoring JPA class transformer
2025-01-25 13:04:51 [main] INFO  com.zaxxer.hikari.HikariDataSource - HikariPool-1 - Starting...
2025-01-25 13:04:51 [main] INFO  com.zaxxer.hikari.pool.HikariPool - HikariPool-1 - Added connection com.mysql.cj.jdbc.ConnectionImpl@19ac93d2
2025-01-25 13:04:51 [main] INFO  com.zaxxer.hikari.HikariDataSource - HikariPool-1 - Start completed.
2025-01-25 13:04:52 [main] INFO  o.h.b.i.BytecodeProviderInitiator - HHH000021: Bytecode provider name : bytebuddy
2025-01-25 13:04:52 [main] INFO  o.h.e.t.j.p.i.JtaPlatformInitiator - HHH000490: Using JtaPlatform implementation: [org.hibernate.engine.transaction.jta.platform.internal.NoJtaPlatform]
2025-01-25 13:04:52 [main] INFO  o.s.o.j.LocalContainerEntityManagerFactoryBean - Initialized JPA EntityManagerFactory for persistence unit 'default'
2025-01-25 13:04:53 [main] INFO  c.s.c.config.FirebaseConfig - Firebase initialized successfully.
2025-01-25 13:04:53 [main] INFO  c.s.c.service.AuthenticationService - AuthenticationService initialized.
2025-01-25 13:04:53 [main] INFO  o.s.b.f.a.AutowiredAnnotationBeanPostProcessor - Autowired annotation is not supported on static fields: private static final org.slf4j.Logger com.shiel.campaignapi.service.BookingService.logger
2025-01-25 13:04:53 [main] INFO  org.quartz.impl.StdSchedulerFactory - Using default implementation for ThreadExecutor
2025-01-25 13:04:53 [main] INFO  o.quartz.core.SchedulerSignalerImpl - Initialized Scheduler Signaller of type: class org.quartz.core.SchedulerSignalerImpl
2025-01-25 13:04:53 [main] INFO  org.quartz.core.QuartzScheduler - Quartz Scheduler v.2.3.2 created.
2025-01-25 13:04:53 [main] INFO  org.quartz.simpl.RAMJobStore - RAMJobStore initialized.
2025-01-25 13:04:53 [main] INFO  org.quartz.core.QuartzScheduler - Scheduler meta-data: Quartz Scheduler (v2.3.2) 'MeetingScheduler' with instanceId 'NON_CLUSTERED'
  Scheduler class: 'org.quartz.core.QuartzScheduler' - running locally.
  NOT STARTED.
  Currently in standby mode.
  Number of jobs executed: 0
  Using thread pool 'org.quartz.simpl.SimpleThreadPool' - with 10 threads.
  Using job-store 'org.quartz.simpl.RAMJobStore' - which does not support persistence. and is not clustered.

2025-01-25 13:04:53 [main] INFO  org.quartz.impl.StdSchedulerFactory - Quartz scheduler 'MeetingScheduler' initialized from an externally provided properties instance.
2025-01-25 13:04:53 [main] INFO  org.quartz.impl.StdSchedulerFactory - Quartz scheduler version: 2.3.2
2025-01-25 13:04:53 [main] INFO  org.quartz.core.QuartzScheduler - JobFactory set to: org.springframework.scheduling.quartz.SpringBeanJobFactory@520e6089
2025-01-25 13:04:54 [main] INFO  o.s.s.web.DefaultSecurityFilterChain - Will secure any request with [org.springframework.security.web.session.DisableEncodeUrlFilter@62284954, org.springframework.security.web.context.request.async.WebAsyncManagerIntegrationFilter@4ca50bb9, org.springframework.security.web.context.SecurityContextHolderFilter@1da53092, org.springframework.security.web.header.HeaderWriterFilter@2a2cdba0, org.springframework.security.web.authentication.logout.LogoutFilter@6ea4b4b2, com.shiel.campaignapi.config.JwtAuthenticationFilter@3c6d3ba, org.springframework.security.web.savedrequest.RequestCacheAwareFilter@3c9cab4, org.springframework.security.web.servletapi.SecurityContextHolderAwareRequestFilter@402fcf14, org.springframework.security.web.authentication.AnonymousAuthenticationFilter@16817bad, org.springframework.security.web.session.SessionManagementFilter@4ca83ec3, org.springframework.security.web.access.ExceptionTranslationFilter@63513c1c, org.springframework.security.web.access.intercept.AuthorizationFilter@440d45c5]
2025-01-25 13:04:54 [main] INFO  o.a.coyote.http11.Http11NioProtocol - Starting ProtocolHandler ["http-nio-8080"]
2025-01-25 13:04:54 [main] INFO  o.s.b.w.e.tomcat.TomcatWebServer - Tomcat started on port(s): 8080 (http) with context path '/api'
2025-01-25 13:04:54 [main] INFO  o.s.s.quartz.SchedulerFactoryBean - Starting Quartz Scheduler now
2025-01-25 13:04:54 [main] INFO  org.quartz.core.QuartzScheduler - Scheduler MeetingScheduler_$_NON_CLUSTERED started.
2025-01-25 13:04:54 [main] INFO  c.s.c.CampaignApiApplication - Started CampaignApiApplication in 5.185 seconds (process running for 6.439)
2025-01-25 13:05:02 [http-nio-8080-exec-3] INFO  o.a.c.c.C.[.[localhost].[/api] - Initializing Spring DispatcherServlet 'dispatcherServlet'
2025-01-25 13:05:02 [http-nio-8080-exec-3] INFO  o.s.web.servlet.DispatcherServlet - Initializing Servlet 'dispatcherServlet'
2025-01-25 13:05:02 [http-nio-8080-exec-3] INFO  o.s.web.servlet.DispatcherServlet - Completed initialization in 2 ms
2025-01-25 13:13:40 [background-preinit] INFO  o.h.validator.internal.util.Version - HV000001: Hibernate Validator 7.0.0.Final
2025-01-25 13:13:40 [main] INFO  c.s.c.CampaignApiApplication - Starting CampaignApiApplication using Java 17.0.8.1 with PID 24252 (D:\project\camp-api\campaignapi\target\classes started by shibi in D:\project\camp-api\campaignapi)
2025-01-25 13:13:40 [main] INFO  c.s.c.CampaignApiApplication - No active profile set, falling back to 1 default profile: "default"
2025-01-25 13:13:41 [main] INFO  o.s.d.r.c.RepositoryConfigurationDelegate - Bootstrapping Spring Data JPA repositories in DEFAULT mode.
2025-01-25 13:13:41 [main] INFO  o.s.d.r.c.RepositoryConfigurationDelegate - Finished Spring Data repository scanning in 55 ms. Found 9 JPA repository interfaces.
2025-01-25 13:13:41 [main] INFO  o.s.b.w.e.tomcat.TomcatWebServer - Tomcat initialized with port(s): 8080 (http)
2025-01-25 13:13:41 [main] INFO  o.a.coyote.http11.Http11NioProtocol - Initializing ProtocolHandler ["http-nio-8080"]
2025-01-25 13:13:41 [main] INFO  o.a.catalina.core.StandardService - Starting service [Tomcat]
2025-01-25 13:13:41 [main] INFO  o.a.catalina.core.StandardEngine - Starting Servlet engine: [Apache Tomcat/10.1.13]
2025-01-25 13:13:41 [main] INFO  o.a.c.c.C.[.[localhost].[/api] - Initializing Spring embedded WebApplicationContext
2025-01-25 13:13:41 [main] INFO  o.s.b.w.s.c.ServletWebServerApplicationContext - Root WebApplicationContext: initialization completed in 1149 ms
2025-01-25 13:13:42 [main] INFO  o.h.jpa.internal.util.LogHelper - HHH000204: Processing PersistenceUnitInfo [name: default]
2025-01-25 13:13:42 [main] INFO  org.hibernate.Version - HHH000412: Hibernate ORM core version 6.2.9.Final
2025-01-25 13:13:42 [main] INFO  org.hibernate.cfg.Environment - HHH000406: Using bytecode reflection optimizer
2025-01-25 13:13:42 [main] INFO  o.h.b.i.BytecodeProviderInitiator - HHH000021: Bytecode provider name : bytebuddy
2025-01-25 13:13:42 [main] INFO  o.s.o.j.p.SpringPersistenceUnitInfo - No LoadTimeWeaver setup: ignoring JPA class transformer
2025-01-25 13:13:42 [main] INFO  com.zaxxer.hikari.HikariDataSource - HikariPool-1 - Starting...
2025-01-25 13:13:42 [main] INFO  com.zaxxer.hikari.pool.HikariPool - HikariPool-1 - Added connection com.mysql.cj.jdbc.ConnectionImpl@3a54638b
2025-01-25 13:13:42 [main] INFO  com.zaxxer.hikari.HikariDataSource - HikariPool-1 - Start completed.
2025-01-25 13:13:42 [main] INFO  o.h.b.i.BytecodeProviderInitiator - HHH000021: Bytecode provider name : bytebuddy
2025-01-25 13:13:43 [main] INFO  o.h.e.t.j.p.i.JtaPlatformInitiator - HHH000490: Using JtaPlatform implementation: [org.hibernate.engine.transaction.jta.platform.internal.NoJtaPlatform]
2025-01-25 13:13:43 [main] INFO  o.s.o.j.LocalContainerEntityManagerFactoryBean - Initialized JPA EntityManagerFactory for persistence unit 'default'
2025-01-25 13:13:43 [main] INFO  c.s.c.config.FirebaseConfig - Firebase initialized successfully.
2025-01-25 13:13:43 [main] INFO  c.s.c.service.AuthenticationService - AuthenticationService initialized.
2025-01-25 13:13:43 [main] INFO  o.s.b.f.a.AutowiredAnnotationBeanPostProcessor - Autowired annotation is not supported on static fields: private static final org.slf4j.Logger com.shiel.campaignapi.service.BookingService.logger
2025-01-25 13:13:44 [main] INFO  org.quartz.impl.StdSchedulerFactory - Using default implementation for ThreadExecutor
2025-01-25 13:13:44 [main] INFO  o.quartz.core.SchedulerSignalerImpl - Initialized Scheduler Signaller of type: class org.quartz.core.SchedulerSignalerImpl
2025-01-25 13:13:44 [main] INFO  org.quartz.core.QuartzScheduler - Quartz Scheduler v.2.3.2 created.
2025-01-25 13:13:44 [main] INFO  org.quartz.simpl.RAMJobStore - RAMJobStore initialized.
2025-01-25 13:13:44 [main] INFO  org.quartz.core.QuartzScheduler - Scheduler meta-data: Quartz Scheduler (v2.3.2) 'MeetingScheduler' with instanceId 'NON_CLUSTERED'
  Scheduler class: 'org.quartz.core.QuartzScheduler' - running locally.
  NOT STARTED.
  Currently in standby mode.
  Number of jobs executed: 0
  Using thread pool 'org.quartz.simpl.SimpleThreadPool' - with 10 threads.
  Using job-store 'org.quartz.simpl.RAMJobStore' - which does not support persistence. and is not clustered.

2025-01-25 13:13:44 [main] INFO  org.quartz.impl.StdSchedulerFactory - Quartz scheduler 'MeetingScheduler' initialized from an externally provided properties instance.
2025-01-25 13:13:44 [main] INFO  org.quartz.impl.StdSchedulerFactory - Quartz scheduler version: 2.3.2
2025-01-25 13:13:44 [main] INFO  org.quartz.core.QuartzScheduler - JobFactory set to: org.springframework.scheduling.quartz.SpringBeanJobFactory@178f5b5b
2025-01-25 13:13:44 [main] INFO  o.s.s.web.DefaultSecurityFilterChain - Will secure any request with [org.springframework.security.web.session.DisableEncodeUrlFilter@79c9a128, org.springframework.security.web.context.request.async.WebAsyncManagerIntegrationFilter@729a98e9, org.springframework.security.web.context.SecurityContextHolderFilter@5cc85ffc, org.springframework.security.web.header.HeaderWriterFilter@53c39950, org.springframework.security.web.authentication.logout.LogoutFilter@32180efb, com.shiel.campaignapi.config.JwtAuthenticationFilter@16a78700, org.springframework.security.web.savedrequest.RequestCacheAwareFilter@57386162, org.springframework.security.web.servletapi.SecurityContextHolderAwareRequestFilter@18f493d7, org.springframework.security.web.authentication.AnonymousAuthenticationFilter@51c7d472, org.springframework.security.web.session.SessionManagementFilter@5a63de07, org.springframework.security.web.access.ExceptionTranslationFilter@6fa48ee4, org.springframework.security.web.access.intercept.AuthorizationFilter@6dacde96]
2025-01-25 13:13:44 [main] INFO  o.a.coyote.http11.Http11NioProtocol - Starting ProtocolHandler ["http-nio-8080"]
2025-01-25 13:13:44 [main] INFO  o.s.b.w.e.tomcat.TomcatWebServer - Tomcat started on port(s): 8080 (http) with context path '/api'
2025-01-25 13:13:44 [main] INFO  o.s.s.quartz.SchedulerFactoryBean - Starting Quartz Scheduler now
2025-01-25 13:13:44 [main] INFO  org.quartz.core.QuartzScheduler - Scheduler MeetingScheduler_$_NON_CLUSTERED started.
2025-01-25 13:13:44 [main] INFO  c.s.c.CampaignApiApplication - Started CampaignApiApplication in 4.09 seconds (process running for 4.731)
2025-01-25 13:13:52 [http-nio-8080-exec-1] INFO  o.a.c.c.C.[.[localhost].[/api] - Initializing Spring DispatcherServlet 'dispatcherServlet'
2025-01-25 13:13:52 [http-nio-8080-exec-1] INFO  o.s.web.servlet.DispatcherServlet - Initializing Servlet 'dispatcherServlet'
2025-01-25 13:13:52 [http-nio-8080-exec-1] INFO  o.s.web.servlet.DispatcherServlet - Completed initialization in 1 ms
2025-01-25 13:13:52 [http-nio-8080-exec-1] INFO  c.s.campaignapi.service.EventService - Finding all events
2025-01-25 13:16:40 [background-preinit] INFO  o.h.validator.internal.util.Version - HV000001: Hibernate Validator 7.0.0.Final
2025-01-25 13:16:40 [main] INFO  c.s.c.CampaignApiApplication - Starting CampaignApiApplication using Java 17.0.8.1 with PID 4996 (D:\project\camp-api\campaignapi\target\classes started by shibi in D:\project\camp-api\campaignapi)
2025-01-25 13:16:40 [main] INFO  c.s.c.CampaignApiApplication - No active profile set, falling back to 1 default profile: "default"
2025-01-25 13:16:41 [main] INFO  o.s.d.r.c.RepositoryConfigurationDelegate - Bootstrapping Spring Data JPA repositories in DEFAULT mode.
2025-01-25 13:16:41 [main] INFO  o.s.d.r.c.RepositoryConfigurationDelegate - Finished Spring Data repository scanning in 54 ms. Found 9 JPA repository interfaces.
2025-01-25 13:16:41 [main] INFO  o.s.b.w.e.tomcat.TomcatWebServer - Tomcat initialized with port(s): 8080 (http)
2025-01-25 13:16:41 [main] INFO  o.a.coyote.http11.Http11NioProtocol - Initializing ProtocolHandler ["http-nio-8080"]
2025-01-25 13:16:41 [main] INFO  o.a.catalina.core.StandardService - Starting service [Tomcat]
2025-01-25 13:16:41 [main] INFO  o.a.catalina.core.StandardEngine - Starting Servlet engine: [Apache Tomcat/10.1.13]
2025-01-25 13:16:41 [main] INFO  o.a.c.c.C.[.[localhost].[/api] - Initializing Spring embedded WebApplicationContext
2025-01-25 13:16:41 [main] INFO  o.s.b.w.s.c.ServletWebServerApplicationContext - Root WebApplicationContext: initialization completed in 1146 ms
2025-01-25 13:16:41 [main] INFO  o.h.jpa.internal.util.LogHelper - HHH000204: Processing PersistenceUnitInfo [name: default]
2025-01-25 13:16:41 [main] INFO  org.hibernate.Version - HHH000412: Hibernate ORM core version 6.2.9.Final
2025-01-25 13:16:41 [main] INFO  org.hibernate.cfg.Environment - HHH000406: Using bytecode reflection optimizer
2025-01-25 13:16:41 [main] INFO  o.h.b.i.BytecodeProviderInitiator - HHH000021: Bytecode provider name : bytebuddy
2025-01-25 13:16:42 [main] INFO  o.s.o.j.p.SpringPersistenceUnitInfo - No LoadTimeWeaver setup: ignoring JPA class transformer
2025-01-25 13:16:42 [main] INFO  com.zaxxer.hikari.HikariDataSource - HikariPool-1 - Starting...
2025-01-25 13:16:42 [main] INFO  com.zaxxer.hikari.pool.HikariPool - HikariPool-1 - Added connection com.mysql.cj.jdbc.ConnectionImpl@4387d2f4
2025-01-25 13:16:42 [main] INFO  com.zaxxer.hikari.HikariDataSource - HikariPool-1 - Start completed.
2025-01-25 13:16:42 [main] INFO  o.h.b.i.BytecodeProviderInitiator - HHH000021: Bytecode provider name : bytebuddy
2025-01-25 13:16:43 [main] INFO  o.h.e.t.j.p.i.JtaPlatformInitiator - HHH000490: Using JtaPlatform implementation: [org.hibernate.engine.transaction.jta.platform.internal.NoJtaPlatform]
2025-01-25 13:16:43 [main] INFO  o.s.o.j.LocalContainerEntityManagerFactoryBean - Initialized JPA EntityManagerFactory for persistence unit 'default'
2025-01-25 13:16:43 [main] INFO  c.s.c.config.FirebaseConfig - Firebase initialized successfully.
2025-01-25 13:16:43 [main] INFO  c.s.c.service.AuthenticationService - AuthenticationService initialized.
2025-01-25 13:16:43 [main] INFO  o.s.b.f.a.AutowiredAnnotationBeanPostProcessor - Autowired annotation is not supported on static fields: private static final org.slf4j.Logger com.shiel.campaignapi.service.BookingService.logger
2025-01-25 13:16:43 [main] INFO  org.quartz.impl.StdSchedulerFactory - Using default implementation for ThreadExecutor
2025-01-25 13:16:43 [main] INFO  o.quartz.core.SchedulerSignalerImpl - Initialized Scheduler Signaller of type: class org.quartz.core.SchedulerSignalerImpl
2025-01-25 13:16:43 [main] INFO  org.quartz.core.QuartzScheduler - Quartz Scheduler v.2.3.2 created.
2025-01-25 13:16:43 [main] INFO  org.quartz.simpl.RAMJobStore - RAMJobStore initialized.
2025-01-25 13:16:43 [main] INFO  org.quartz.core.QuartzScheduler - Scheduler meta-data: Quartz Scheduler (v2.3.2) 'MeetingScheduler' with instanceId 'NON_CLUSTERED'
  Scheduler class: 'org.quartz.core.QuartzScheduler' - running locally.
  NOT STARTED.
  Currently in standby mode.
  Number of jobs executed: 0
  Using thread pool 'org.quartz.simpl.SimpleThreadPool' - with 10 threads.
  Using job-store 'org.quartz.simpl.RAMJobStore' - which does not support persistence. and is not clustered.

2025-01-25 13:16:43 [main] INFO  org.quartz.impl.StdSchedulerFactory - Quartz scheduler 'MeetingScheduler' initialized from an externally provided properties instance.
2025-01-25 13:16:43 [main] INFO  org.quartz.impl.StdSchedulerFactory - Quartz scheduler version: 2.3.2
2025-01-25 13:16:43 [main] INFO  org.quartz.core.QuartzScheduler - JobFactory set to: org.springframework.scheduling.quartz.SpringBeanJobFactory@79a12552
2025-01-25 13:16:44 [main] INFO  o.s.s.web.DefaultSecurityFilterChain - Will secure any request with [org.springframework.security.web.session.DisableEncodeUrlFilter@5275d709, org.springframework.security.web.context.request.async.WebAsyncManagerIntegrationFilter@21523e1b, org.springframework.security.web.context.SecurityContextHolderFilter@4a3e1b5d, org.springframework.security.web.header.HeaderWriterFilter@558fa64a, org.springframework.security.web.authentication.logout.LogoutFilter@29a51ff1, com.shiel.campaignapi.config.JwtAuthenticationFilter@2086f336, org.springframework.security.web.savedrequest.RequestCacheAwareFilter@64abb917, org.springframework.security.web.servletapi.SecurityContextHolderAwareRequestFilter@66d62c59, org.springframework.security.web.authentication.AnonymousAuthenticationFilter@6461c673, org.springframework.security.web.session.SessionManagementFilter@c53c04e, org.springframework.security.web.access.ExceptionTranslationFilter@2a5917f6, org.springframework.security.web.access.intercept.AuthorizationFilter@28ab7ffb]
2025-01-25 13:16:44 [main] INFO  o.a.coyote.http11.Http11NioProtocol - Starting ProtocolHandler ["http-nio-8080"]
2025-01-25 13:16:44 [main] INFO  o.s.b.w.e.tomcat.TomcatWebServer - Tomcat started on port(s): 8080 (http) with context path '/api'
2025-01-25 13:16:44 [main] INFO  o.s.s.quartz.SchedulerFactoryBean - Starting Quartz Scheduler now
2025-01-25 13:16:44 [main] INFO  org.quartz.core.QuartzScheduler - Scheduler MeetingScheduler_$_NON_CLUSTERED started.
2025-01-25 13:16:44 [main] INFO  c.s.c.CampaignApiApplication - Started CampaignApiApplication in 4.143 seconds (process running for 4.793)
2025-01-25 13:17:13 [http-nio-8080-exec-2] INFO  o.a.c.c.C.[.[localhost].[/api] - Initializing Spring DispatcherServlet 'dispatcherServlet'
2025-01-25 13:17:13 [http-nio-8080-exec-2] INFO  o.s.web.servlet.DispatcherServlet - Initializing Servlet 'dispatcherServlet'
2025-01-25 13:17:13 [http-nio-8080-exec-2] INFO  o.s.web.servlet.DispatcherServlet - Completed initialization in 1 ms
2025-01-25 13:19:38 [background-preinit] INFO  o.h.validator.internal.util.Version - HV000001: Hibernate Validator 7.0.0.Final
2025-01-25 13:19:38 [main] INFO  c.s.c.CampaignApiApplication - Starting CampaignApiApplication using Java 17.0.8.1 with PID 12536 (D:\project\camp-api\campaignapi\target\classes started by shibi in D:\project\camp-api\campaignapi)
2025-01-25 13:19:38 [main] INFO  c.s.c.CampaignApiApplication - No active profile set, falling back to 1 default profile: "default"
2025-01-25 13:19:39 [main] INFO  o.s.d.r.c.RepositoryConfigurationDelegate - Bootstrapping Spring Data JPA repositories in DEFAULT mode.
2025-01-25 13:19:39 [main] INFO  o.s.d.r.c.RepositoryConfigurationDelegate - Finished Spring Data repository scanning in 58 ms. Found 9 JPA repository interfaces.
2025-01-25 13:19:39 [main] INFO  o.s.b.w.e.tomcat.TomcatWebServer - Tomcat initialized with port(s): 8080 (http)
2025-01-25 13:19:39 [main] INFO  o.a.coyote.http11.Http11NioProtocol - Initializing ProtocolHandler ["http-nio-8080"]
2025-01-25 13:19:39 [main] INFO  o.a.catalina.core.StandardService - Starting service [Tomcat]
2025-01-25 13:19:39 [main] INFO  o.a.catalina.core.StandardEngine - Starting Servlet engine: [Apache Tomcat/10.1.13]
2025-01-25 13:19:39 [main] INFO  o.a.c.c.C.[.[localhost].[/api] - Initializing Spring embedded WebApplicationContext
2025-01-25 13:19:39 [main] INFO  o.s.b.w.s.c.ServletWebServerApplicationContext - Root WebApplicationContext: initialization completed in 1125 ms
2025-01-25 13:19:39 [main] INFO  o.h.jpa.internal.util.LogHelper - HHH000204: Processing PersistenceUnitInfo [name: default]
2025-01-25 13:19:39 [main] INFO  org.hibernate.Version - HHH000412: Hibernate ORM core version 6.2.9.Final
2025-01-25 13:19:39 [main] INFO  org.hibernate.cfg.Environment - HHH000406: Using bytecode reflection optimizer
2025-01-25 13:19:40 [main] INFO  o.h.b.i.BytecodeProviderInitiator - HHH000021: Bytecode provider name : bytebuddy
2025-01-25 13:19:40 [main] INFO  o.s.o.j.p.SpringPersistenceUnitInfo - No LoadTimeWeaver setup: ignoring JPA class transformer
2025-01-25 13:19:40 [main] INFO  com.zaxxer.hikari.HikariDataSource - HikariPool-1 - Starting...
2025-01-25 13:19:40 [main] INFO  com.zaxxer.hikari.pool.HikariPool - HikariPool-1 - Added connection com.mysql.cj.jdbc.ConnectionImpl@62de73eb
2025-01-25 13:19:40 [main] INFO  com.zaxxer.hikari.HikariDataSource - HikariPool-1 - Start completed.
2025-01-25 13:19:40 [main] INFO  o.h.b.i.BytecodeProviderInitiator - HHH000021: Bytecode provider name : bytebuddy
2025-01-25 13:19:41 [main] INFO  o.h.e.t.j.p.i.JtaPlatformInitiator - HHH000490: Using JtaPlatform implementation: [org.hibernate.engine.transaction.jta.platform.internal.NoJtaPlatform]
2025-01-25 13:19:41 [main] INFO  o.s.o.j.LocalContainerEntityManagerFactoryBean - Initialized JPA EntityManagerFactory for persistence unit 'default'
2025-01-25 13:19:41 [main] INFO  c.s.c.config.FirebaseConfig - Firebase initialized successfully.
2025-01-25 13:19:41 [main] INFO  c.s.c.service.AuthenticationService - AuthenticationService initialized.
2025-01-25 13:19:41 [main] INFO  o.s.b.f.a.AutowiredAnnotationBeanPostProcessor - Autowired annotation is not supported on static fields: private static final org.slf4j.Logger com.shiel.campaignapi.service.BookingService.logger
2025-01-25 13:19:41 [main] INFO  org.quartz.impl.StdSchedulerFactory - Using default implementation for ThreadExecutor
2025-01-25 13:19:41 [main] INFO  o.quartz.core.SchedulerSignalerImpl - Initialized Scheduler Signaller of type: class org.quartz.core.SchedulerSignalerImpl
2025-01-25 13:19:41 [main] INFO  org.quartz.core.QuartzScheduler - Quartz Scheduler v.2.3.2 created.
2025-01-25 13:19:41 [main] INFO  org.quartz.simpl.RAMJobStore - RAMJobStore initialized.
2025-01-25 13:19:41 [main] INFO  org.quartz.core.QuartzScheduler - Scheduler meta-data: Quartz Scheduler (v2.3.2) 'MeetingScheduler' with instanceId 'NON_CLUSTERED'
  Scheduler class: 'org.quartz.core.QuartzScheduler' - running locally.
  NOT STARTED.
  Currently in standby mode.
  Number of jobs executed: 0
  Using thread pool 'org.quartz.simpl.SimpleThreadPool' - with 10 threads.
  Using job-store 'org.quartz.simpl.RAMJobStore' - which does not support persistence. and is not clustered.

2025-01-25 13:19:41 [main] INFO  org.quartz.impl.StdSchedulerFactory - Quartz scheduler 'MeetingScheduler' initialized from an externally provided properties instance.
2025-01-25 13:19:41 [main] INFO  org.quartz.impl.StdSchedulerFactory - Quartz scheduler version: 2.3.2
2025-01-25 13:19:41 [main] INFO  org.quartz.core.QuartzScheduler - JobFactory set to: org.springframework.scheduling.quartz.SpringBeanJobFactory@4c25687b
2025-01-25 13:19:42 [main] INFO  o.s.s.web.DefaultSecurityFilterChain - Will secure any request with [org.springframework.security.web.session.DisableEncodeUrlFilter@20ed6de, org.springframework.security.web.context.request.async.WebAsyncManagerIntegrationFilter@6ea0dfaa, org.springframework.security.web.context.SecurityContextHolderFilter@221ef0f0, org.springframework.security.web.header.HeaderWriterFilter@75cfb958, org.springframework.security.web.authentication.logout.LogoutFilter@55448710, com.shiel.campaignapi.config.JwtAuthenticationFilter@3420547, org.springframework.security.web.savedrequest.RequestCacheAwareFilter@2a5917f6, org.springframework.security.web.servletapi.SecurityContextHolderAwareRequestFilter@68d1f4e2, org.springframework.security.web.authentication.AnonymousAuthenticationFilter@5852605c, org.springframework.security.web.session.SessionManagementFilter@3d056418, org.springframework.security.web.access.ExceptionTranslationFilter@2360ebe2, org.springframework.security.web.access.intercept.AuthorizationFilter@25192b6e]
2025-01-25 13:19:42 [main] INFO  o.a.coyote.http11.Http11NioProtocol - Starting ProtocolHandler ["http-nio-8080"]
2025-01-25 13:19:42 [main] INFO  o.s.b.w.e.tomcat.TomcatWebServer - Tomcat started on port(s): 8080 (http) with context path '/api'
2025-01-25 13:19:42 [main] INFO  o.s.s.quartz.SchedulerFactoryBean - Starting Quartz Scheduler now
2025-01-25 13:19:42 [main] INFO  org.quartz.core.QuartzScheduler - Scheduler MeetingScheduler_$_NON_CLUSTERED started.
2025-01-25 13:19:42 [main] INFO  c.s.c.CampaignApiApplication - Started CampaignApiApplication in 4.099 seconds (process running for 4.76)
2025-01-25 13:19:46 [http-nio-8080-exec-1] INFO  o.a.c.c.C.[.[localhost].[/api] - Initializing Spring DispatcherServlet 'dispatcherServlet'
2025-01-25 13:19:46 [http-nio-8080-exec-1] INFO  o.s.web.servlet.DispatcherServlet - Initializing Servlet 'dispatcherServlet'
2025-01-25 13:19:46 [http-nio-8080-exec-1] INFO  o.s.web.servlet.DispatcherServlet - Completed initialization in 1 ms
2025-01-25 13:20:32 [background-preinit] INFO  o.h.validator.internal.util.Version - HV000001: Hibernate Validator 7.0.0.Final
2025-01-25 13:20:33 [main] INFO  c.s.c.CampaignApiApplication - Starting CampaignApiApplication using Java 17.0.8.1 with PID 13156 (D:\project\camp-api\campaignapi\target\classes started by shibi in D:\project\camp-api\campaignapi)
2025-01-25 13:20:33 [main] INFO  c.s.c.CampaignApiApplication - No active profile set, falling back to 1 default profile: "default"
2025-01-25 13:20:33 [main] INFO  o.s.d.r.c.RepositoryConfigurationDelegate - Bootstrapping Spring Data JPA repositories in DEFAULT mode.
2025-01-25 13:20:33 [main] INFO  o.s.d.r.c.RepositoryConfigurationDelegate - Finished Spring Data repository scanning in 75 ms. Found 9 JPA repository interfaces.
2025-01-25 13:20:34 [main] INFO  o.s.b.w.e.tomcat.TomcatWebServer - Tomcat initialized with port(s): 8080 (http)
2025-01-25 13:20:34 [main] INFO  o.a.coyote.http11.Http11NioProtocol - Initializing ProtocolHandler ["http-nio-8080"]
2025-01-25 13:20:34 [main] INFO  o.a.catalina.core.StandardService - Starting service [Tomcat]
2025-01-25 13:20:34 [main] INFO  o.a.catalina.core.StandardEngine - Starting Servlet engine: [Apache Tomcat/10.1.13]
2025-01-25 13:20:34 [main] INFO  o.a.c.c.C.[.[localhost].[/api] - Initializing Spring embedded WebApplicationContext
2025-01-25 13:20:34 [main] INFO  o.s.b.w.s.c.ServletWebServerApplicationContext - Root WebApplicationContext: initialization completed in 1258 ms
2025-01-25 13:20:34 [main] INFO  o.h.jpa.internal.util.LogHelper - HHH000204: Processing PersistenceUnitInfo [name: default]
2025-01-25 13:20:34 [main] INFO  org.hibernate.Version - HHH000412: Hibernate ORM core version 6.2.9.Final
2025-01-25 13:20:34 [main] INFO  org.hibernate.cfg.Environment - HHH000406: Using bytecode reflection optimizer
2025-01-25 13:20:34 [main] INFO  o.h.b.i.BytecodeProviderInitiator - HHH000021: Bytecode provider name : bytebuddy
2025-01-25 13:20:34 [main] INFO  o.s.o.j.p.SpringPersistenceUnitInfo - No LoadTimeWeaver setup: ignoring JPA class transformer
2025-01-25 13:20:34 [main] INFO  com.zaxxer.hikari.HikariDataSource - HikariPool-1 - Starting...
2025-01-25 13:20:34 [main] INFO  com.zaxxer.hikari.pool.HikariPool - HikariPool-1 - Added connection com.mysql.cj.jdbc.ConnectionImpl@4f541e67
2025-01-25 13:20:34 [main] INFO  com.zaxxer.hikari.HikariDataSource - HikariPool-1 - Start completed.
2025-01-25 13:20:35 [main] INFO  o.h.b.i.BytecodeProviderInitiator - HHH000021: Bytecode provider name : bytebuddy
2025-01-25 13:20:35 [main] INFO  o.h.e.t.j.p.i.JtaPlatformInitiator - HHH000490: Using JtaPlatform implementation: [org.hibernate.engine.transaction.jta.platform.internal.NoJtaPlatform]
2025-01-25 13:20:36 [main] INFO  o.s.o.j.LocalContainerEntityManagerFactoryBean - Initialized JPA EntityManagerFactory for persistence unit 'default'
2025-01-25 13:20:36 [main] INFO  c.s.c.config.FirebaseConfig - Firebase initialized successfully.
2025-01-25 13:20:36 [main] INFO  c.s.c.service.AuthenticationService - AuthenticationService initialized.
2025-01-25 13:20:36 [main] INFO  o.s.b.f.a.AutowiredAnnotationBeanPostProcessor - Autowired annotation is not supported on static fields: private static final org.slf4j.Logger com.shiel.campaignapi.service.BookingService.logger
2025-01-25 13:20:36 [main] INFO  org.quartz.impl.StdSchedulerFactory - Using default implementation for ThreadExecutor
2025-01-25 13:20:36 [main] INFO  o.quartz.core.SchedulerSignalerImpl - Initialized Scheduler Signaller of type: class org.quartz.core.SchedulerSignalerImpl
2025-01-25 13:20:36 [main] INFO  org.quartz.core.QuartzScheduler - Quartz Scheduler v.2.3.2 created.
2025-01-25 13:20:36 [main] INFO  org.quartz.simpl.RAMJobStore - RAMJobStore initialized.
2025-01-25 13:20:36 [main] INFO  org.quartz.core.QuartzScheduler - Scheduler meta-data: Quartz Scheduler (v2.3.2) 'MeetingScheduler' with instanceId 'NON_CLUSTERED'
  Scheduler class: 'org.quartz.core.QuartzScheduler' - running locally.
  NOT STARTED.
  Currently in standby mode.
  Number of jobs executed: 0
  Using thread pool 'org.quartz.simpl.SimpleThreadPool' - with 10 threads.
  Using job-store 'org.quartz.simpl.RAMJobStore' - which does not support persistence. and is not clustered.

2025-01-25 13:20:36 [main] INFO  org.quartz.impl.StdSchedulerFactory - Quartz scheduler 'MeetingScheduler' initialized from an externally provided properties instance.
2025-01-25 13:20:36 [main] INFO  org.quartz.impl.StdSchedulerFactory - Quartz scheduler version: 2.3.2
2025-01-25 13:20:36 [main] INFO  org.quartz.core.QuartzScheduler - JobFactory set to: org.springframework.scheduling.quartz.SpringBeanJobFactory@386ec37d
2025-01-25 13:20:37 [main] INFO  o.s.s.web.DefaultSecurityFilterChain - Will secure any request with [org.springframework.security.web.session.DisableEncodeUrlFilter@25bfc558, org.springframework.security.web.context.request.async.WebAsyncManagerIntegrationFilter@3d837af7, org.springframework.security.web.context.SecurityContextHolderFilter@209ab1d7, org.springframework.security.web.header.HeaderWriterFilter@39068df9, org.springframework.security.web.authentication.logout.LogoutFilter@7e3b101b, com.shiel.campaignapi.config.JwtAuthenticationFilter@42a198dd, org.springframework.security.web.savedrequest.RequestCacheAwareFilter@5599f22f, org.springframework.security.web.servletapi.SecurityContextHolderAwareRequestFilter@27879518, org.springframework.security.web.authentication.AnonymousAuthenticationFilter@446dc997, org.springframework.security.web.session.SessionManagementFilter@58b03882, org.springframework.security.web.access.ExceptionTranslationFilter@213d5189, org.springframework.security.web.access.intercept.AuthorizationFilter@5d18a787]
2025-01-25 13:20:37 [main] INFO  o.a.coyote.http11.Http11NioProtocol - Starting ProtocolHandler ["http-nio-8080"]
2025-01-25 13:20:37 [main] INFO  o.s.b.w.e.tomcat.TomcatWebServer - Tomcat started on port(s): 8080 (http) with context path '/api'
2025-01-25 13:20:37 [main] INFO  o.s.s.quartz.SchedulerFactoryBean - Starting Quartz Scheduler now
2025-01-25 13:20:37 [main] INFO  org.quartz.core.QuartzScheduler - Scheduler MeetingScheduler_$_NON_CLUSTERED started.
2025-01-25 13:20:37 [main] INFO  c.s.c.CampaignApiApplication - Started CampaignApiApplication in 4.7 seconds (process running for 5.517)
2025-01-25 13:20:39 [http-nio-8080-exec-1] INFO  o.a.c.c.C.[.[localhost].[/api] - Initializing Spring DispatcherServlet 'dispatcherServlet'
2025-01-25 13:20:39 [http-nio-8080-exec-1] INFO  o.s.web.servlet.DispatcherServlet - Initializing Servlet 'dispatcherServlet'
2025-01-25 13:20:39 [http-nio-8080-exec-1] INFO  o.s.web.servlet.DispatcherServlet - Completed initialization in 1 ms
2025-01-25 13:22:14 [http-nio-8080-exec-6] INFO  c.s.c.service.AuthenticationService - Attempting authentication for identifier: shibinshibu7078@gmail.com
2025-01-25 13:22:14 [http-nio-8080-exec-6] INFO  c.s.c.service.AuthenticationService - Authentication successful for user with email: shibinshibu7078@gmail.com
2025-01-25 13:22:35 [http-nio-8080-exec-7] INFO  c.s.campaignapi.service.EventService - Deleting event by ID: 2
2025-01-25 13:22:56 [http-nio-8080-exec-8] WARN  o.s.w.s.m.s.DefaultHandlerExceptionResolver - Resolved [org.springframework.web.bind.MissingPathVariableException: Required URI template variable 'dependentid' for method parameter type Long is not present]
2025-01-25 13:23:01 [http-nio-8080-exec-9] WARN  o.s.w.s.m.s.DefaultHandlerExceptionResolver - Resolved [org.springframework.web.bind.MissingPathVariableException: Required URI template variable 'dependentid' for method parameter type Long is not present]
2025-01-25 13:23:06 [http-nio-8080-exec-10] WARN  o.s.w.s.m.s.DefaultHandlerExceptionResolver - Resolved [org.springframework.web.bind.MissingPathVariableException: Required URI template variable 'dependentid' for method parameter type Long is not present]
2025-01-25 13:24:25 [background-preinit] INFO  o.h.validator.internal.util.Version - HV000001: Hibernate Validator 7.0.0.Final
2025-01-25 13:24:25 [main] INFO  c.s.c.CampaignApiApplication - Starting CampaignApiApplication using Java 17.0.8.1 with PID 13340 (D:\project\camp-api\campaignapi\target\classes started by shibi in D:\project\camp-api\campaignapi)
2025-01-25 13:24:25 [main] INFO  c.s.c.CampaignApiApplication - No active profile set, falling back to 1 default profile: "default"
2025-01-25 13:24:26 [main] INFO  o.s.d.r.c.RepositoryConfigurationDelegate - Bootstrapping Spring Data JPA repositories in DEFAULT mode.
2025-01-25 13:24:26 [main] INFO  o.s.d.r.c.RepositoryConfigurationDelegate - Finished Spring Data repository scanning in 53 ms. Found 9 JPA repository interfaces.
2025-01-25 13:24:26 [main] INFO  o.s.b.w.e.tomcat.TomcatWebServer - Tomcat initialized with port(s): 8080 (http)
2025-01-25 13:24:26 [main] INFO  o.a.coyote.http11.Http11NioProtocol - Initializing ProtocolHandler ["http-nio-8080"]
2025-01-25 13:24:26 [main] INFO  o.a.catalina.core.StandardService - Starting service [Tomcat]
2025-01-25 13:24:26 [main] INFO  o.a.catalina.core.StandardEngine - Starting Servlet engine: [Apache Tomcat/10.1.13]
2025-01-25 13:24:26 [main] INFO  o.a.c.c.C.[.[localhost].[/api] - Initializing Spring embedded WebApplicationContext
2025-01-25 13:24:26 [main] INFO  o.s.b.w.s.c.ServletWebServerApplicationContext - Root WebApplicationContext: initialization completed in 1127 ms
2025-01-25 13:24:26 [main] INFO  o.h.jpa.internal.util.LogHelper - HHH000204: Processing PersistenceUnitInfo [name: default]
2025-01-25 13:24:27 [main] INFO  org.hibernate.Version - HHH000412: Hibernate ORM core version 6.2.9.Final
2025-01-25 13:24:27 [main] INFO  org.hibernate.cfg.Environment - HHH000406: Using bytecode reflection optimizer
2025-01-25 13:24:27 [main] INFO  o.h.b.i.BytecodeProviderInitiator - HHH000021: Bytecode provider name : bytebuddy
2025-01-25 13:24:27 [main] INFO  o.s.o.j.p.SpringPersistenceUnitInfo - No LoadTimeWeaver setup: ignoring JPA class transformer
2025-01-25 13:24:27 [main] INFO  com.zaxxer.hikari.HikariDataSource - HikariPool-1 - Starting...
2025-01-25 13:24:27 [main] INFO  com.zaxxer.hikari.pool.HikariPool - HikariPool-1 - Added connection com.mysql.cj.jdbc.ConnectionImpl@7c8f047a
2025-01-25 13:24:27 [main] INFO  com.zaxxer.hikari.HikariDataSource - HikariPool-1 - Start completed.
2025-01-25 13:24:27 [main] INFO  o.h.b.i.BytecodeProviderInitiator - HHH000021: Bytecode provider name : bytebuddy
2025-01-25 13:24:28 [main] INFO  o.h.e.t.j.p.i.JtaPlatformInitiator - HHH000490: Using JtaPlatform implementation: [org.hibernate.engine.transaction.jta.platform.internal.NoJtaPlatform]
2025-01-25 13:24:28 [main] INFO  o.s.o.j.LocalContainerEntityManagerFactoryBean - Initialized JPA EntityManagerFactory for persistence unit 'default'
2025-01-25 13:24:28 [main] INFO  c.s.c.config.FirebaseConfig - Firebase initialized successfully.
2025-01-25 13:24:28 [main] INFO  c.s.c.service.AuthenticationService - AuthenticationService initialized.
2025-01-25 13:24:28 [main] INFO  o.s.b.f.a.AutowiredAnnotationBeanPostProcessor - Autowired annotation is not supported on static fields: private static final org.slf4j.Logger com.shiel.campaignapi.service.BookingService.logger
2025-01-25 13:24:29 [main] INFO  org.quartz.impl.StdSchedulerFactory - Using default implementation for ThreadExecutor
2025-01-25 13:24:29 [main] INFO  o.quartz.core.SchedulerSignalerImpl - Initialized Scheduler Signaller of type: class org.quartz.core.SchedulerSignalerImpl
2025-01-25 13:24:29 [main] INFO  org.quartz.core.QuartzScheduler - Quartz Scheduler v.2.3.2 created.
2025-01-25 13:24:29 [main] INFO  org.quartz.simpl.RAMJobStore - RAMJobStore initialized.
2025-01-25 13:24:29 [main] INFO  org.quartz.core.QuartzScheduler - Scheduler meta-data: Quartz Scheduler (v2.3.2) 'MeetingScheduler' with instanceId 'NON_CLUSTERED'
  Scheduler class: 'org.quartz.core.QuartzScheduler' - running locally.
  NOT STARTED.
  Currently in standby mode.
  Number of jobs executed: 0
  Using thread pool 'org.quartz.simpl.SimpleThreadPool' - with 10 threads.
  Using job-store 'org.quartz.simpl.RAMJobStore' - which does not support persistence. and is not clustered.

2025-01-25 13:24:29 [main] INFO  org.quartz.impl.StdSchedulerFactory - Quartz scheduler 'MeetingScheduler' initialized from an externally provided properties instance.
2025-01-25 13:24:29 [main] INFO  org.quartz.impl.StdSchedulerFactory - Quartz scheduler version: 2.3.2
2025-01-25 13:24:29 [main] INFO  org.quartz.core.QuartzScheduler - JobFactory set to: org.springframework.scheduling.quartz.SpringBeanJobFactory@476a38d9
2025-01-25 13:24:29 [main] INFO  o.s.s.web.DefaultSecurityFilterChain - Will secure any request with [org.springframework.security.web.session.DisableEncodeUrlFilter@5b3427c4, org.springframework.security.web.context.request.async.WebAsyncManagerIntegrationFilter@5275d709, org.springframework.security.web.context.SecurityContextHolderFilter@2d036335, org.springframework.security.web.header.HeaderWriterFilter@c34fd2, org.springframework.security.web.authentication.logout.LogoutFilter@7d2d5625, com.shiel.campaignapi.config.JwtAuthenticationFilter@3aae9e8f, org.springframework.security.web.savedrequest.RequestCacheAwareFilter@587df3e4, org.springframework.security.web.servletapi.SecurityContextHolderAwareRequestFilter@5f0c45ae, org.springframework.security.web.authentication.AnonymousAuthenticationFilter@21523e1b, org.springframework.security.web.session.SessionManagementFilter@6da14f7f, org.springframework.security.web.access.ExceptionTranslationFilter@34ad750f, org.springframework.security.web.access.intercept.AuthorizationFilter@e50e308]
2025-01-25 13:24:29 [main] INFO  o.a.coyote.http11.Http11NioProtocol - Starting ProtocolHandler ["http-nio-8080"]
2025-01-25 13:24:29 [main] INFO  o.s.b.w.e.tomcat.TomcatWebServer - Tomcat started on port(s): 8080 (http) with context path '/api'
2025-01-25 13:24:29 [main] INFO  o.s.s.quartz.SchedulerFactoryBean - Starting Quartz Scheduler now
2025-01-25 13:24:29 [main] INFO  org.quartz.core.QuartzScheduler - Scheduler MeetingScheduler_$_NON_CLUSTERED started.
2025-01-25 13:24:29 [main] INFO  c.s.c.CampaignApiApplication - Started CampaignApiApplication in 4.081 seconds (process running for 4.712)
2025-01-25 13:24:34 [http-nio-8080-exec-1] INFO  o.a.c.c.C.[.[localhost].[/api] - Initializing Spring DispatcherServlet 'dispatcherServlet'
2025-01-25 13:24:34 [http-nio-8080-exec-1] INFO  o.s.web.servlet.DispatcherServlet - Initializing Servlet 'dispatcherServlet'
2025-01-25 13:24:34 [http-nio-8080-exec-1] INFO  o.s.web.servlet.DispatcherServlet - Completed initialization in 1 ms
2025-01-25 13:24:34 [http-nio-8080-exec-1] WARN  o.s.w.s.m.s.DefaultHandlerExceptionResolver - Resolved [org.springframework.web.bind.MissingPathVariableException: Required URI template variable 'dependentid' for method parameter type Long is not present]
2025-01-25 13:25:12 [background-preinit] INFO  o.h.validator.internal.util.Version - HV000001: Hibernate Validator 7.0.0.Final
2025-01-25 13:25:12 [main] INFO  c.s.c.CampaignApiApplication - Starting CampaignApiApplication using Java 17.0.8.1 with PID 660 (D:\project\camp-api\campaignapi\target\classes started by shibi in D:\project\camp-api\campaignapi)
2025-01-25 13:25:12 [main] INFO  c.s.c.CampaignApiApplication - No active profile set, falling back to 1 default profile: "default"
2025-01-25 13:25:13 [main] INFO  o.s.d.r.c.RepositoryConfigurationDelegate - Bootstrapping Spring Data JPA repositories in DEFAULT mode.
2025-01-25 13:25:13 [main] INFO  o.s.d.r.c.RepositoryConfigurationDelegate - Finished Spring Data repository scanning in 55 ms. Found 9 JPA repository interfaces.
2025-01-25 13:25:13 [main] INFO  o.s.b.w.e.tomcat.TomcatWebServer - Tomcat initialized with port(s): 8080 (http)
2025-01-25 13:25:13 [main] INFO  o.a.coyote.http11.Http11NioProtocol - Initializing ProtocolHandler ["http-nio-8080"]
2025-01-25 13:25:13 [main] INFO  o.a.catalina.core.StandardService - Starting service [Tomcat]
2025-01-25 13:25:13 [main] INFO  o.a.catalina.core.StandardEngine - Starting Servlet engine: [Apache Tomcat/10.1.13]
2025-01-25 13:25:13 [main] INFO  o.a.c.c.C.[.[localhost].[/api] - Initializing Spring embedded WebApplicationContext
2025-01-25 13:25:13 [main] INFO  o.s.b.w.s.c.ServletWebServerApplicationContext - Root WebApplicationContext: initialization completed in 1144 ms
2025-01-25 13:25:13 [main] INFO  o.h.jpa.internal.util.LogHelper - HHH000204: Processing PersistenceUnitInfo [name: default]
2025-01-25 13:25:13 [main] INFO  org.hibernate.Version - HHH000412: Hibernate ORM core version 6.2.9.Final
2025-01-25 13:25:13 [main] INFO  org.hibernate.cfg.Environment - HHH000406: Using bytecode reflection optimizer
2025-01-25 13:25:13 [main] INFO  o.h.b.i.BytecodeProviderInitiator - HHH000021: Bytecode provider name : bytebuddy
2025-01-25 13:25:14 [main] INFO  o.s.o.j.p.SpringPersistenceUnitInfo - No LoadTimeWeaver setup: ignoring JPA class transformer
2025-01-25 13:25:14 [main] INFO  com.zaxxer.hikari.HikariDataSource - HikariPool-1 - Starting...
2025-01-25 13:25:14 [main] INFO  com.zaxxer.hikari.pool.HikariPool - HikariPool-1 - Added connection com.mysql.cj.jdbc.ConnectionImpl@e886caf
2025-01-25 13:25:14 [main] INFO  com.zaxxer.hikari.HikariDataSource - HikariPool-1 - Start completed.
2025-01-25 13:25:14 [main] INFO  o.h.b.i.BytecodeProviderInitiator - HHH000021: Bytecode provider name : bytebuddy
2025-01-25 13:25:15 [main] INFO  o.h.e.t.j.p.i.JtaPlatformInitiator - HHH000490: Using JtaPlatform implementation: [org.hibernate.engine.transaction.jta.platform.internal.NoJtaPlatform]
2025-01-25 13:25:15 [main] INFO  o.s.o.j.LocalContainerEntityManagerFactoryBean - Initialized JPA EntityManagerFactory for persistence unit 'default'
2025-01-25 13:25:15 [main] INFO  c.s.c.config.FirebaseConfig - Firebase initialized successfully.
2025-01-25 13:25:15 [main] INFO  c.s.c.service.AuthenticationService - AuthenticationService initialized.
2025-01-25 13:25:15 [main] INFO  o.s.b.f.a.AutowiredAnnotationBeanPostProcessor - Autowired annotation is not supported on static fields: private static final org.slf4j.Logger com.shiel.campaignapi.service.BookingService.logger
2025-01-25 13:25:15 [main] INFO  org.quartz.impl.StdSchedulerFactory - Using default implementation for ThreadExecutor
2025-01-25 13:25:15 [main] INFO  o.quartz.core.SchedulerSignalerImpl - Initialized Scheduler Signaller of type: class org.quartz.core.SchedulerSignalerImpl
2025-01-25 13:25:15 [main] INFO  org.quartz.core.QuartzScheduler - Quartz Scheduler v.2.3.2 created.
2025-01-25 13:25:15 [main] INFO  org.quartz.simpl.RAMJobStore - RAMJobStore initialized.
2025-01-25 13:25:15 [main] INFO  org.quartz.core.QuartzScheduler - Scheduler meta-data: Quartz Scheduler (v2.3.2) 'MeetingScheduler' with instanceId 'NON_CLUSTERED'
  Scheduler class: 'org.quartz.core.QuartzScheduler' - running locally.
  NOT STARTED.
  Currently in standby mode.
  Number of jobs executed: 0
  Using thread pool 'org.quartz.simpl.SimpleThreadPool' - with 10 threads.
  Using job-store 'org.quartz.simpl.RAMJobStore' - which does not support persistence. and is not clustered.

2025-01-25 13:25:15 [main] INFO  org.quartz.impl.StdSchedulerFactory - Quartz scheduler 'MeetingScheduler' initialized from an externally provided properties instance.
2025-01-25 13:25:15 [main] INFO  org.quartz.impl.StdSchedulerFactory - Quartz scheduler version: 2.3.2
2025-01-25 13:25:15 [main] INFO  org.quartz.core.QuartzScheduler - JobFactory set to: org.springframework.scheduling.quartz.SpringBeanJobFactory@fffb4a8
2025-01-25 13:25:16 [main] INFO  o.s.s.web.DefaultSecurityFilterChain - Will secure any request with [org.springframework.security.web.session.DisableEncodeUrlFilter@51c7d472, org.springframework.security.web.context.request.async.WebAsyncManagerIntegrationFilter@3aa4d595, org.springframework.security.web.context.SecurityContextHolderFilter@57386162, org.springframework.security.web.header.HeaderWriterFilter@769d0ef2, org.springframework.security.web.authentication.logout.LogoutFilter@6ea0dfaa, com.shiel.campaignapi.config.JwtAuthenticationFilter@3ad80206, org.springframework.security.web.savedrequest.RequestCacheAwareFilter@6da14f7f, org.springframework.security.web.servletapi.SecurityContextHolderAwareRequestFilter@4a3e1b5d, org.springframework.security.web.authentication.AnonymousAuthenticationFilter@e50e308, org.springframework.security.web.session.SessionManagementFilter@1aa7d66e, org.springframework.security.web.access.ExceptionTranslationFilter@53c39950, org.springframework.security.web.access.intercept.AuthorizationFilter@7892635c]
2025-01-25 13:25:16 [main] INFO  o.a.coyote.http11.Http11NioProtocol - Starting ProtocolHandler ["http-nio-8080"]
2025-01-25 13:25:16 [main] INFO  o.s.b.w.e.tomcat.TomcatWebServer - Tomcat started on port(s): 8080 (http) with context path '/api'
2025-01-25 13:25:16 [main] INFO  o.s.s.quartz.SchedulerFactoryBean - Starting Quartz Scheduler now
2025-01-25 13:25:16 [main] INFO  org.quartz.core.QuartzScheduler - Scheduler MeetingScheduler_$_NON_CLUSTERED started.
2025-01-25 13:25:16 [main] INFO  c.s.c.CampaignApiApplication - Started CampaignApiApplication in 4.092 seconds (process running for 4.724)
2025-01-25 13:25:18 [http-nio-8080-exec-2] INFO  o.a.c.c.C.[.[localhost].[/api] - Initializing Spring DispatcherServlet 'dispatcherServlet'
2025-01-25 13:25:18 [http-nio-8080-exec-2] INFO  o.s.web.servlet.DispatcherServlet - Initializing Servlet 'dispatcherServlet'
2025-01-25 13:25:18 [http-nio-8080-exec-2] INFO  o.s.web.servlet.DispatcherServlet - Completed initialization in 2 ms
2025-01-25 13:32:55 [background-preinit] INFO  o.h.validator.internal.util.Version - HV000001: Hibernate Validator 7.0.0.Final
2025-01-25 13:32:55 [main] INFO  c.s.c.CampaignApiApplication - Starting CampaignApiApplication using Java 17.0.8.1 with PID 11080 (D:\project\camp-api\campaignapi\target\classes started by shibi in D:\project\camp-api\campaignapi)
2025-01-25 13:32:55 [main] INFO  c.s.c.CampaignApiApplication - No active profile set, falling back to 1 default profile: "default"
2025-01-25 13:32:56 [main] INFO  o.s.d.r.c.RepositoryConfigurationDelegate - Bootstrapping Spring Data JPA repositories in DEFAULT mode.
2025-01-25 13:32:56 [main] INFO  o.s.d.r.c.RepositoryConfigurationDelegate - Finished Spring Data repository scanning in 67 ms. Found 9 JPA repository interfaces.
2025-01-25 13:32:57 [main] INFO  o.s.b.w.e.tomcat.TomcatWebServer - Tomcat initialized with port(s): 8080 (http)
2025-01-25 13:32:57 [main] INFO  o.a.coyote.http11.Http11NioProtocol - Initializing ProtocolHandler ["http-nio-8080"]
2025-01-25 13:32:57 [main] INFO  o.a.catalina.core.StandardService - Starting service [Tomcat]
2025-01-25 13:32:57 [main] INFO  o.a.catalina.core.StandardEngine - Starting Servlet engine: [Apache Tomcat/10.1.13]
2025-01-25 13:32:57 [main] INFO  o.a.c.c.C.[.[localhost].[/api] - Initializing Spring embedded WebApplicationContext
2025-01-25 13:32:57 [main] INFO  o.s.b.w.s.c.ServletWebServerApplicationContext - Root WebApplicationContext: initialization completed in 1255 ms
2025-01-25 13:32:57 [main] INFO  o.h.jpa.internal.util.LogHelper - HHH000204: Processing PersistenceUnitInfo [name: default]
2025-01-25 13:32:57 [main] INFO  org.hibernate.Version - HHH000412: Hibernate ORM core version 6.2.9.Final
2025-01-25 13:32:57 [main] INFO  org.hibernate.cfg.Environment - HHH000406: Using bytecode reflection optimizer
2025-01-25 13:32:57 [main] INFO  o.h.b.i.BytecodeProviderInitiator - HHH000021: Bytecode provider name : bytebuddy
2025-01-25 13:32:57 [main] INFO  o.s.o.j.p.SpringPersistenceUnitInfo - No LoadTimeWeaver setup: ignoring JPA class transformer
2025-01-25 13:32:57 [main] INFO  com.zaxxer.hikari.HikariDataSource - HikariPool-1 - Starting...
2025-01-25 13:32:57 [main] INFO  com.zaxxer.hikari.pool.HikariPool - HikariPool-1 - Added connection com.mysql.cj.jdbc.ConnectionImpl@2be50bba
2025-01-25 13:32:57 [main] INFO  com.zaxxer.hikari.HikariDataSource - HikariPool-1 - Start completed.
2025-01-25 13:32:58 [main] INFO  o.h.b.i.BytecodeProviderInitiator - HHH000021: Bytecode provider name : bytebuddy
2025-01-25 13:32:58 [main] INFO  o.h.e.t.j.p.i.JtaPlatformInitiator - HHH000490: Using JtaPlatform implementation: [org.hibernate.engine.transaction.jta.platform.internal.NoJtaPlatform]
2025-01-25 13:32:58 [main] INFO  o.s.o.j.LocalContainerEntityManagerFactoryBean - Initialized JPA EntityManagerFactory for persistence unit 'default'
2025-01-25 13:32:59 [main] INFO  c.s.c.config.FirebaseConfig - Firebase initialized successfully.
2025-01-25 13:32:59 [main] INFO  c.s.c.service.AuthenticationService - AuthenticationService initialized.
2025-01-25 13:32:59 [main] INFO  o.s.b.f.a.AutowiredAnnotationBeanPostProcessor - Autowired annotation is not supported on static fields: private static final org.slf4j.Logger com.shiel.campaignapi.service.BookingService.logger
2025-01-25 13:32:59 [main] INFO  org.quartz.impl.StdSchedulerFactory - Using default implementation for ThreadExecutor
2025-01-25 13:32:59 [main] INFO  o.quartz.core.SchedulerSignalerImpl - Initialized Scheduler Signaller of type: class org.quartz.core.SchedulerSignalerImpl
2025-01-25 13:32:59 [main] INFO  org.quartz.core.QuartzScheduler - Quartz Scheduler v.2.3.2 created.
2025-01-25 13:32:59 [main] INFO  org.quartz.simpl.RAMJobStore - RAMJobStore initialized.
2025-01-25 13:32:59 [main] INFO  org.quartz.core.QuartzScheduler - Scheduler meta-data: Quartz Scheduler (v2.3.2) 'MeetingScheduler' with instanceId 'NON_CLUSTERED'
  Scheduler class: 'org.quartz.core.QuartzScheduler' - running locally.
  NOT STARTED.
  Currently in standby mode.
  Number of jobs executed: 0
  Using thread pool 'org.quartz.simpl.SimpleThreadPool' - with 10 threads.
  Using job-store 'org.quartz.simpl.RAMJobStore' - which does not support persistence. and is not clustered.

2025-01-25 13:32:59 [main] INFO  org.quartz.impl.StdSchedulerFactory - Quartz scheduler 'MeetingScheduler' initialized from an externally provided properties instance.
2025-01-25 13:32:59 [main] INFO  org.quartz.impl.StdSchedulerFactory - Quartz scheduler version: 2.3.2
2025-01-25 13:32:59 [main] INFO  org.quartz.core.QuartzScheduler - JobFactory set to: org.springframework.scheduling.quartz.SpringBeanJobFactory@4c140b12
2025-01-25 13:33:00 [main] INFO  o.s.s.web.DefaultSecurityFilterChain - Will secure any request with [org.springframework.security.web.session.DisableEncodeUrlFilter@3c48bbf3, org.springframework.security.web.context.request.async.WebAsyncManagerIntegrationFilter@4ac7927a, org.springframework.security.web.context.SecurityContextHolderFilter@24710e61, org.springframework.security.web.header.HeaderWriterFilter@213d5189, org.springframework.security.web.authentication.logout.LogoutFilter@440d45c5, com.shiel.campaignapi.config.JwtAuthenticationFilter@5924ea91, org.springframework.security.web.savedrequest.RequestCacheAwareFilter@209ab1d7, org.springframework.security.web.servletapi.SecurityContextHolderAwareRequestFilter@7baf7a9d, org.springframework.security.web.authentication.AnonymousAuthenticationFilter@25bfc558, org.springframework.security.web.session.SessionManagementFilter@402fcf14, org.springframework.security.web.access.ExceptionTranslationFilter@3a4e6da6, org.springframework.security.web.access.intercept.AuthorizationFilter@6903ef57]
2025-01-25 13:33:00 [main] INFO  o.a.coyote.http11.Http11NioProtocol - Starting ProtocolHandler ["http-nio-8080"]
2025-01-25 13:33:00 [main] INFO  o.s.b.w.e.tomcat.TomcatWebServer - Tomcat started on port(s): 8080 (http) with context path '/api'
2025-01-25 13:33:00 [main] INFO  o.s.s.quartz.SchedulerFactoryBean - Starting Quartz Scheduler now
2025-01-25 13:33:00 [main] INFO  org.quartz.core.QuartzScheduler - Scheduler MeetingScheduler_$_NON_CLUSTERED started.
2025-01-25 13:33:00 [main] INFO  c.s.c.CampaignApiApplication - Started CampaignApiApplication in 4.713 seconds (process running for 5.521)
2025-01-25 13:33:10 [http-nio-8080-exec-1] INFO  o.a.c.c.C.[.[localhost].[/api] - Initializing Spring DispatcherServlet 'dispatcherServlet'
2025-01-25 13:33:10 [http-nio-8080-exec-1] INFO  o.s.web.servlet.DispatcherServlet - Initializing Servlet 'dispatcherServlet'
2025-01-25 13:33:10 [http-nio-8080-exec-1] INFO  o.s.web.servlet.DispatcherServlet - Completed initialization in 1 ms
2025-01-25 13:40:47 [background-preinit] INFO  o.h.validator.internal.util.Version - HV000001: Hibernate Validator 7.0.0.Final
2025-01-25 13:40:47 [main] INFO  c.s.c.CampaignApiApplication - Starting CampaignApiApplication using Java 17.0.8.1 with PID 23416 (D:\project\camp-api\campaignapi\target\classes started by shibi in D:\project\camp-api\campaignapi)
2025-01-25 13:40:47 [main] INFO  c.s.c.CampaignApiApplication - No active profile set, falling back to 1 default profile: "default"
2025-01-25 13:40:48 [main] INFO  o.s.d.r.c.RepositoryConfigurationDelegate - Bootstrapping Spring Data JPA repositories in DEFAULT mode.
2025-01-25 13:40:48 [main] INFO  o.s.d.r.c.RepositoryConfigurationDelegate - Finished Spring Data repository scanning in 55 ms. Found 9 JPA repository interfaces.
2025-01-25 13:40:48 [main] INFO  o.s.b.w.e.tomcat.TomcatWebServer - Tomcat initialized with port(s): 8080 (http)
2025-01-25 13:40:48 [main] INFO  o.a.coyote.http11.Http11NioProtocol - Initializing ProtocolHandler ["http-nio-8080"]
2025-01-25 13:40:48 [main] INFO  o.a.catalina.core.StandardService - Starting service [Tomcat]
2025-01-25 13:40:48 [main] INFO  o.a.catalina.core.StandardEngine - Starting Servlet engine: [Apache Tomcat/10.1.13]
2025-01-25 13:40:48 [main] INFO  o.a.c.c.C.[.[localhost].[/api] - Initializing Spring embedded WebApplicationContext
2025-01-25 13:40:48 [main] INFO  o.s.b.w.s.c.ServletWebServerApplicationContext - Root WebApplicationContext: initialization completed in 1155 ms
2025-01-25 13:40:49 [main] INFO  o.h.jpa.internal.util.LogHelper - HHH000204: Processing PersistenceUnitInfo [name: default]
2025-01-25 13:40:49 [main] INFO  org.hibernate.Version - HHH000412: Hibernate ORM core version 6.2.9.Final
2025-01-25 13:40:49 [main] INFO  org.hibernate.cfg.Environment - HHH000406: Using bytecode reflection optimizer
2025-01-25 13:40:49 [main] INFO  o.h.b.i.BytecodeProviderInitiator - HHH000021: Bytecode provider name : bytebuddy
2025-01-25 13:40:49 [main] INFO  o.s.o.j.p.SpringPersistenceUnitInfo - No LoadTimeWeaver setup: ignoring JPA class transformer
2025-01-25 13:40:49 [main] INFO  com.zaxxer.hikari.HikariDataSource - HikariPool-1 - Starting...
2025-01-25 13:40:49 [main] INFO  com.zaxxer.hikari.pool.HikariPool - HikariPool-1 - Added connection com.mysql.cj.jdbc.ConnectionImpl@1c7843c3
2025-01-25 13:40:49 [main] INFO  com.zaxxer.hikari.HikariDataSource - HikariPool-1 - Start completed.
2025-01-25 13:40:49 [main] INFO  o.h.b.i.BytecodeProviderInitiator - HHH000021: Bytecode provider name : bytebuddy
2025-01-25 13:40:50 [main] INFO  o.h.e.t.j.p.i.JtaPlatformInitiator - HHH000490: Using JtaPlatform implementation: [org.hibernate.engine.transaction.jta.platform.internal.NoJtaPlatform]
2025-01-25 13:40:50 [main] INFO  o.s.o.j.LocalContainerEntityManagerFactoryBean - Initialized JPA EntityManagerFactory for persistence unit 'default'
2025-01-25 13:40:50 [main] INFO  c.s.c.config.FirebaseConfig - Firebase initialized successfully.
2025-01-25 13:40:50 [main] INFO  c.s.c.service.AuthenticationService - AuthenticationService initialized.
2025-01-25 13:40:51 [main] INFO  o.s.b.f.a.AutowiredAnnotationBeanPostProcessor - Autowired annotation is not supported on static fields: private static final org.slf4j.Logger com.shiel.campaignapi.service.BookingService.logger
2025-01-25 13:40:51 [main] INFO  org.quartz.impl.StdSchedulerFactory - Using default implementation for ThreadExecutor
2025-01-25 13:40:51 [main] INFO  o.quartz.core.SchedulerSignalerImpl - Initialized Scheduler Signaller of type: class org.quartz.core.SchedulerSignalerImpl
2025-01-25 13:40:51 [main] INFO  org.quartz.core.QuartzScheduler - Quartz Scheduler v.2.3.2 created.
2025-01-25 13:40:51 [main] INFO  org.quartz.simpl.RAMJobStore - RAMJobStore initialized.
2025-01-25 13:40:51 [main] INFO  org.quartz.core.QuartzScheduler - Scheduler meta-data: Quartz Scheduler (v2.3.2) 'MeetingScheduler' with instanceId 'NON_CLUSTERED'
  Scheduler class: 'org.quartz.core.QuartzScheduler' - running locally.
  NOT STARTED.
  Currently in standby mode.
  Number of jobs executed: 0
  Using thread pool 'org.quartz.simpl.SimpleThreadPool' - with 10 threads.
  Using job-store 'org.quartz.simpl.RAMJobStore' - which does not support persistence. and is not clustered.

2025-01-25 13:40:51 [main] INFO  org.quartz.impl.StdSchedulerFactory - Quartz scheduler 'MeetingScheduler' initialized from an externally provided properties instance.
2025-01-25 13:40:51 [main] INFO  org.quartz.impl.StdSchedulerFactory - Quartz scheduler version: 2.3.2
2025-01-25 13:40:51 [main] INFO  org.quartz.core.QuartzScheduler - JobFactory set to: org.springframework.scheduling.quartz.SpringBeanJobFactory@20711b02
2025-01-25 13:40:51 [main] INFO  o.s.s.web.DefaultSecurityFilterChain - Will secure any request with [org.springframework.security.web.session.DisableEncodeUrlFilter@28ab7ffb, org.springframework.security.web.context.request.async.WebAsyncManagerIntegrationFilter@47a05ad8, org.springframework.security.web.context.SecurityContextHolderFilter@c53c04e, org.springframework.security.web.header.HeaderWriterFilter@34ad750f, org.springframework.security.web.authentication.logout.LogoutFilter@5e8359da, com.shiel.campaignapi.config.JwtAuthenticationFilter@58ec3e8b, org.springframework.security.web.savedrequest.RequestCacheAwareFilter@2d036335, org.springframework.security.web.servletapi.SecurityContextHolderAwareRequestFilter@5207747c, org.springframework.security.web.authentication.AnonymousAuthenticationFilter@5b3427c4, org.springframework.security.web.session.SessionManagementFilter@57386162, org.springframework.security.web.access.ExceptionTranslationFilter@6d58ed12, org.springframework.security.web.access.intercept.AuthorizationFilter@51c7d472]
2025-01-25 13:40:51 [main] INFO  o.a.coyote.http11.Http11NioProtocol - Starting ProtocolHandler ["http-nio-8080"]
2025-01-25 13:40:51 [main] INFO  o.s.b.w.e.tomcat.TomcatWebServer - Tomcat started on port(s): 8080 (http) with context path '/api'
2025-01-25 13:40:51 [main] INFO  o.s.s.quartz.SchedulerFactoryBean - Starting Quartz Scheduler now
2025-01-25 13:40:51 [main] INFO  org.quartz.core.QuartzScheduler - Scheduler MeetingScheduler_$_NON_CLUSTERED started.
2025-01-25 13:40:51 [main] INFO  c.s.c.CampaignApiApplication - Started CampaignApiApplication in 4.24 seconds (process running for 4.887)
2025-01-25 13:40:55 [http-nio-8080-exec-1] INFO  o.a.c.c.C.[.[localhost].[/api] - Initializing Spring DispatcherServlet 'dispatcherServlet'
2025-01-25 13:40:55 [http-nio-8080-exec-1] INFO  o.s.web.servlet.DispatcherServlet - Initializing Servlet 'dispatcherServlet'
2025-01-25 13:40:55 [http-nio-8080-exec-1] INFO  o.s.web.servlet.DispatcherServlet - Completed initialization in 2 ms
2025-01-25 13:41:16 [http-nio-8080-exec-3] INFO  c.s.c.service.BookingService - Starting booking process for event ID: 1
2025-01-25 13:41:16 [http-nio-8080-exec-3] INFO  c.s.c.service.BookingService - Created new booking for user: shibinshibu10@gmail.com
2025-01-25 13:41:16 [http-nio-8080-exec-3] INFO  c.s.c.service.BookingService - Booking saved with ID: 4
2025-01-25 14:01:35 [background-preinit] INFO  o.h.validator.internal.util.Version - HV000001: Hibernate Validator 7.0.0.Final
2025-01-25 14:01:35 [main] INFO  c.s.c.CampaignApiApplication - Starting CampaignApiApplication using Java 17.0.8.1 with PID 18444 (D:\project\camp-api\campaignapi\target\classes started by shibi in D:\project\camp-api\campaignapi)
2025-01-25 14:01:35 [main] INFO  c.s.c.CampaignApiApplication - No active profile set, falling back to 1 default profile: "default"
2025-01-25 14:01:36 [main] INFO  o.s.d.r.c.RepositoryConfigurationDelegate - Bootstrapping Spring Data JPA repositories in DEFAULT mode.
2025-01-25 14:01:36 [main] INFO  o.s.d.r.c.RepositoryConfigurationDelegate - Finished Spring Data repository scanning in 55 ms. Found 9 JPA repository interfaces.
2025-01-25 14:01:36 [main] INFO  o.s.b.w.e.tomcat.TomcatWebServer - Tomcat initialized with port(s): 8080 (http)
2025-01-25 14:01:36 [main] INFO  o.a.coyote.http11.Http11NioProtocol - Initializing ProtocolHandler ["http-nio-8080"]
2025-01-25 14:01:36 [main] INFO  o.a.catalina.core.StandardService - Starting service [Tomcat]
2025-01-25 14:01:36 [main] INFO  o.a.catalina.core.StandardEngine - Starting Servlet engine: [Apache Tomcat/10.1.13]
2025-01-25 14:01:36 [main] INFO  o.a.c.c.C.[.[localhost].[/api] - Initializing Spring embedded WebApplicationContext
2025-01-25 14:01:36 [main] INFO  o.s.b.w.s.c.ServletWebServerApplicationContext - Root WebApplicationContext: initialization completed in 1096 ms
2025-01-25 14:01:36 [main] INFO  o.h.jpa.internal.util.LogHelper - HHH000204: Processing PersistenceUnitInfo [name: default]
2025-01-25 14:01:36 [main] INFO  org.hibernate.Version - HHH000412: Hibernate ORM core version 6.2.9.Final
2025-01-25 14:01:36 [main] INFO  org.hibernate.cfg.Environment - HHH000406: Using bytecode reflection optimizer
2025-01-25 14:01:37 [main] INFO  o.h.b.i.BytecodeProviderInitiator - HHH000021: Bytecode provider name : bytebuddy
2025-01-25 14:01:37 [main] INFO  o.s.o.j.p.SpringPersistenceUnitInfo - No LoadTimeWeaver setup: ignoring JPA class transformer
2025-01-25 14:01:37 [main] INFO  com.zaxxer.hikari.HikariDataSource - HikariPool-1 - Starting...
2025-01-25 14:01:37 [main] INFO  com.zaxxer.hikari.pool.HikariPool - HikariPool-1 - Added connection com.mysql.cj.jdbc.ConnectionImpl@7573c7b5
2025-01-25 14:01:37 [main] INFO  com.zaxxer.hikari.HikariDataSource - HikariPool-1 - Start completed.
2025-01-25 14:01:37 [main] INFO  o.h.b.i.BytecodeProviderInitiator - HHH000021: Bytecode provider name : bytebuddy
2025-01-25 14:01:38 [main] INFO  o.h.e.t.j.p.i.JtaPlatformInitiator - HHH000490: Using JtaPlatform implementation: [org.hibernate.engine.transaction.jta.platform.internal.NoJtaPlatform]
2025-01-25 14:01:38 [main] INFO  o.s.o.j.LocalContainerEntityManagerFactoryBean - Initialized JPA EntityManagerFactory for persistence unit 'default'
2025-01-25 14:01:38 [main] INFO  c.s.c.config.FirebaseConfig - Firebase initialized successfully.
2025-01-25 14:01:38 [main] INFO  c.s.c.service.AuthenticationService - AuthenticationService initialized.
2025-01-25 14:01:38 [main] INFO  o.s.b.f.a.AutowiredAnnotationBeanPostProcessor - Autowired annotation is not supported on static fields: private static final org.slf4j.Logger com.shiel.campaignapi.service.BookingService.logger
2025-01-25 14:01:39 [main] INFO  org.quartz.impl.StdSchedulerFactory - Using default implementation for ThreadExecutor
2025-01-25 14:01:39 [main] INFO  o.quartz.core.SchedulerSignalerImpl - Initialized Scheduler Signaller of type: class org.quartz.core.SchedulerSignalerImpl
2025-01-25 14:01:39 [main] INFO  org.quartz.core.QuartzScheduler - Quartz Scheduler v.2.3.2 created.
2025-01-25 14:01:39 [main] INFO  org.quartz.simpl.RAMJobStore - RAMJobStore initialized.
2025-01-25 14:01:39 [main] INFO  org.quartz.core.QuartzScheduler - Scheduler meta-data: Quartz Scheduler (v2.3.2) 'MeetingScheduler' with instanceId 'NON_CLUSTERED'
  Scheduler class: 'org.quartz.core.QuartzScheduler' - running locally.
  NOT STARTED.
  Currently in standby mode.
  Number of jobs executed: 0
  Using thread pool 'org.quartz.simpl.SimpleThreadPool' - with 10 threads.
  Using job-store 'org.quartz.simpl.RAMJobStore' - which does not support persistence. and is not clustered.

2025-01-25 14:01:39 [main] INFO  org.quartz.impl.StdSchedulerFactory - Quartz scheduler 'MeetingScheduler' initialized from an externally provided properties instance.
2025-01-25 14:01:39 [main] INFO  org.quartz.impl.StdSchedulerFactory - Quartz scheduler version: 2.3.2
2025-01-25 14:01:39 [main] INFO  org.quartz.core.QuartzScheduler - JobFactory set to: org.springframework.scheduling.quartz.SpringBeanJobFactory@73ac7716
2025-01-25 14:01:39 [main] INFO  o.s.s.web.DefaultSecurityFilterChain - Will secure any request with [org.springframework.security.web.session.DisableEncodeUrlFilter@25192b6e, org.springframework.security.web.context.request.async.WebAsyncManagerIntegrationFilter@76d654, org.springframework.security.web.context.SecurityContextHolderFilter@3d056418, org.springframework.security.web.header.HeaderWriterFilter@226f472, org.springframework.security.web.authentication.logout.LogoutFilter@4c541b00, com.shiel.campaignapi.config.JwtAuthenticationFilter@4250b0c1, org.springframework.security.web.savedrequest.RequestCacheAwareFilter@6d58ed12, org.springframework.security.web.servletapi.SecurityContextHolderAwareRequestFilter@c34fd2, org.springframework.security.web.authentication.AnonymousAuthenticationFilter@32180efb, org.springframework.security.web.session.SessionManagementFilter@6fa48ee4, org.springframework.security.web.access.ExceptionTranslationFilter@33acec5e, org.springframework.security.web.access.intercept.AuthorizationFilter@1ed763aa]
2025-01-25 14:01:39 [main] INFO  o.a.coyote.http11.Http11NioProtocol - Starting ProtocolHandler ["http-nio-8080"]
2025-01-25 14:01:39 [main] INFO  o.s.b.w.e.tomcat.TomcatWebServer - Tomcat started on port(s): 8080 (http) with context path '/api'
2025-01-25 14:01:39 [main] INFO  o.s.s.quartz.SchedulerFactoryBean - Starting Quartz Scheduler now
2025-01-25 14:01:39 [main] INFO  org.quartz.core.QuartzScheduler - Scheduler MeetingScheduler_$_NON_CLUSTERED started.
2025-01-25 14:01:39 [main] INFO  c.s.c.CampaignApiApplication - Started CampaignApiApplication in 4.069 seconds (process running for 4.735)
2025-01-25 14:02:08 [http-nio-8080-exec-1] INFO  o.a.c.c.C.[.[localhost].[/api] - Initializing Spring DispatcherServlet 'dispatcherServlet'
2025-01-25 14:02:08 [http-nio-8080-exec-1] INFO  o.s.web.servlet.DispatcherServlet - Initializing Servlet 'dispatcherServlet'
2025-01-25 14:02:08 [http-nio-8080-exec-1] INFO  o.s.web.servlet.DispatcherServlet - Completed initialization in 1 ms
2025-01-25 14:02:08 [http-nio-8080-exec-1] INFO  c.s.c.service.BookingService - Starting booking process for event ID: 1
2025-01-25 14:02:08 [http-nio-8080-exec-1] INFO  c.s.c.service.BookingService - Booking saved with ID: 4
2025-01-25 14:06:48 [background-preinit] INFO  o.h.validator.internal.util.Version - HV000001: Hibernate Validator 7.0.0.Final
2025-01-25 14:06:48 [main] INFO  c.s.c.CampaignApiApplication - Starting CampaignApiApplication using Java 17.0.8.1 with PID 3740 (D:\project\camp-api\campaignapi\target\classes started by shibi in D:\project\camp-api\campaignapi)
2025-01-25 14:06:48 [main] INFO  c.s.c.CampaignApiApplication - No active profile set, falling back to 1 default profile: "default"
2025-01-25 14:06:49 [main] INFO  o.s.d.r.c.RepositoryConfigurationDelegate - Bootstrapping Spring Data JPA repositories in DEFAULT mode.
2025-01-25 14:06:49 [main] INFO  o.s.d.r.c.RepositoryConfigurationDelegate - Finished Spring Data repository scanning in 57 ms. Found 9 JPA repository interfaces.
2025-01-25 14:06:49 [main] INFO  o.s.b.w.e.tomcat.TomcatWebServer - Tomcat initialized with port(s): 8080 (http)
2025-01-25 14:06:49 [main] INFO  o.a.coyote.http11.Http11NioProtocol - Initializing ProtocolHandler ["http-nio-8080"]
2025-01-25 14:06:49 [main] INFO  o.a.catalina.core.StandardService - Starting service [Tomcat]
2025-01-25 14:06:49 [main] INFO  o.a.catalina.core.StandardEngine - Starting Servlet engine: [Apache Tomcat/10.1.13]
2025-01-25 14:06:49 [main] INFO  o.a.c.c.C.[.[localhost].[/api] - Initializing Spring embedded WebApplicationContext
2025-01-25 14:06:49 [main] INFO  o.s.b.w.s.c.ServletWebServerApplicationContext - Root WebApplicationContext: initialization completed in 1168 ms
2025-01-25 14:06:49 [main] INFO  o.h.jpa.internal.util.LogHelper - HHH000204: Processing PersistenceUnitInfo [name: default]
2025-01-25 14:06:50 [main] INFO  org.hibernate.Version - HHH000412: Hibernate ORM core version 6.2.9.Final
2025-01-25 14:06:50 [main] INFO  org.hibernate.cfg.Environment - HHH000406: Using bytecode reflection optimizer
2025-01-25 14:06:50 [main] INFO  o.h.b.i.BytecodeProviderInitiator - HHH000021: Bytecode provider name : bytebuddy
2025-01-25 14:06:50 [main] INFO  o.s.o.j.p.SpringPersistenceUnitInfo - No LoadTimeWeaver setup: ignoring JPA class transformer
2025-01-25 14:06:50 [main] INFO  com.zaxxer.hikari.HikariDataSource - HikariPool-1 - Starting...
2025-01-25 14:06:50 [main] INFO  com.zaxxer.hikari.pool.HikariPool - HikariPool-1 - Added connection com.mysql.cj.jdbc.ConnectionImpl@e886caf
2025-01-25 14:06:50 [main] INFO  com.zaxxer.hikari.HikariDataSource - HikariPool-1 - Start completed.
2025-01-25 14:06:50 [main] INFO  o.h.b.i.BytecodeProviderInitiator - HHH000021: Bytecode provider name : bytebuddy
2025-01-25 14:06:51 [main] INFO  o.h.e.t.j.p.i.JtaPlatformInitiator - HHH000490: Using JtaPlatform implementation: [org.hibernate.engine.transaction.jta.platform.internal.NoJtaPlatform]
2025-01-25 14:06:51 [main] INFO  o.s.o.j.LocalContainerEntityManagerFactoryBean - Initialized JPA EntityManagerFactory for persistence unit 'default'
2025-01-25 14:06:51 [main] INFO  c.s.c.config.FirebaseConfig - Firebase initialized successfully.
2025-01-25 14:06:51 [main] INFO  c.s.c.service.AuthenticationService - AuthenticationService initialized.
2025-01-25 14:06:51 [main] INFO  o.s.b.f.a.AutowiredAnnotationBeanPostProcessor - Autowired annotation is not supported on static fields: private static final org.slf4j.Logger com.shiel.campaignapi.service.BookingService.logger
2025-01-25 14:06:52 [main] INFO  org.quartz.impl.StdSchedulerFactory - Using default implementation for ThreadExecutor
2025-01-25 14:06:52 [main] INFO  o.quartz.core.SchedulerSignalerImpl - Initialized Scheduler Signaller of type: class org.quartz.core.SchedulerSignalerImpl
2025-01-25 14:06:52 [main] INFO  org.quartz.core.QuartzScheduler - Quartz Scheduler v.2.3.2 created.
2025-01-25 14:06:52 [main] INFO  org.quartz.simpl.RAMJobStore - RAMJobStore initialized.
2025-01-25 14:06:52 [main] INFO  org.quartz.core.QuartzScheduler - Scheduler meta-data: Quartz Scheduler (v2.3.2) 'MeetingScheduler' with instanceId 'NON_CLUSTERED'
  Scheduler class: 'org.quartz.core.QuartzScheduler' - running locally.
  NOT STARTED.
  Currently in standby mode.
  Number of jobs executed: 0
  Using thread pool 'org.quartz.simpl.SimpleThreadPool' - with 10 threads.
  Using job-store 'org.quartz.simpl.RAMJobStore' - which does not support persistence. and is not clustered.

2025-01-25 14:06:52 [main] INFO  org.quartz.impl.StdSchedulerFactory - Quartz scheduler 'MeetingScheduler' initialized from an externally provided properties instance.
2025-01-25 14:06:52 [main] INFO  org.quartz.impl.StdSchedulerFactory - Quartz scheduler version: 2.3.2
2025-01-25 14:06:52 [main] INFO  org.quartz.core.QuartzScheduler - JobFactory set to: org.springframework.scheduling.quartz.SpringBeanJobFactory@fffb4a8
2025-01-25 14:06:52 [main] INFO  o.s.s.web.DefaultSecurityFilterChain - Will secure any request with [org.springframework.security.web.session.DisableEncodeUrlFilter@51c7d472, org.springframework.security.web.context.request.async.WebAsyncManagerIntegrationFilter@3aa4d595, org.springframework.security.web.context.SecurityContextHolderFilter@57386162, org.springframework.security.web.header.HeaderWriterFilter@769d0ef2, org.springframework.security.web.authentication.logout.LogoutFilter@6ea0dfaa, com.shiel.campaignapi.config.JwtAuthenticationFilter@3ad80206, org.springframework.security.web.savedrequest.RequestCacheAwareFilter@6da14f7f, org.springframework.security.web.servletapi.SecurityContextHolderAwareRequestFilter@4a3e1b5d, org.springframework.security.web.authentication.AnonymousAuthenticationFilter@e50e308, org.springframework.security.web.session.SessionManagementFilter@1aa7d66e, org.springframework.security.web.access.ExceptionTranslationFilter@53c39950, org.springframework.security.web.access.intercept.AuthorizationFilter@7892635c]
2025-01-25 14:06:52 [main] INFO  o.a.coyote.http11.Http11NioProtocol - Starting ProtocolHandler ["http-nio-8080"]
2025-01-25 14:06:52 [main] INFO  o.s.b.w.e.tomcat.TomcatWebServer - Tomcat started on port(s): 8080 (http) with context path '/api'
2025-01-25 14:06:52 [main] INFO  o.s.s.quartz.SchedulerFactoryBean - Starting Quartz Scheduler now
2025-01-25 14:06:52 [main] INFO  org.quartz.core.QuartzScheduler - Scheduler MeetingScheduler_$_NON_CLUSTERED started.
2025-01-25 14:06:52 [main] INFO  c.s.c.CampaignApiApplication - Started CampaignApiApplication in 4.183 seconds (process running for 4.837)
2025-01-25 14:11:48 [http-nio-8080-exec-2] INFO  o.a.c.c.C.[.[localhost].[/api] - Initializing Spring DispatcherServlet 'dispatcherServlet'
2025-01-25 14:11:48 [http-nio-8080-exec-2] INFO  o.s.web.servlet.DispatcherServlet - Initializing Servlet 'dispatcherServlet'
2025-01-25 14:11:48 [http-nio-8080-exec-2] INFO  o.s.web.servlet.DispatcherServlet - Completed initialization in 1 ms
2025-01-25 14:11:49 [http-nio-8080-exec-2] INFO  c.s.c.service.BookingService - Starting booking process for event ID: 100
2025-01-25 14:11:49 [http-nio-8080-exec-2] ERROR c.s.c.service.BookingService - Error saving booking: Event not found with ID: 100
java.lang.RuntimeException: Event not found with ID: 100
	at com.shiel.campaignapi.service.BookingService.lambda$saveBooking$0(BookingService.java:61)
	at java.base/java.util.Optional.orElseThrow(Optional.java:403)
	at com.shiel.campaignapi.service.BookingService.saveBooking(BookingService.java:61)
	at java.base/jdk.internal.reflect.NativeMethodAccessorImpl.invoke0(Native Method)
	at java.base/jdk.internal.reflect.NativeMethodAccessorImpl.invoke(NativeMethodAccessorImpl.java:77)
	at java.base/jdk.internal.reflect.DelegatingMethodAccessorImpl.invoke(DelegatingMethodAccessorImpl.java:43)
	at java.base/java.lang.reflect.Method.invoke(Method.java:568)
	at org.springframework.aop.support.AopUtils.invokeJoinpointUsingReflection(AopUtils.java:343)
	at org.springframework.aop.framework.ReflectiveMethodInvocation.invokeJoinpoint(ReflectiveMethodInvocation.java:196)
	at org.springframework.aop.framework.ReflectiveMethodInvocation.proceed(ReflectiveMethodInvocation.java:163)
	at org.springframework.aop.framework.CglibAopProxy$CglibMethodInvocation.proceed(CglibAopProxy.java:751)
	at org.springframework.transaction.interceptor.TransactionInterceptor$1.proceedWithInvocation(TransactionInterceptor.java:123)
	at org.springframework.transaction.interceptor.TransactionAspectSupport.invokeWithinTransaction(TransactionAspectSupport.java:391)
	at org.springframework.transaction.interceptor.TransactionInterceptor.invoke(TransactionInterceptor.java:119)
	at org.springframework.aop.framework.ReflectiveMethodInvocation.proceed(ReflectiveMethodInvocation.java:184)
	at org.springframework.aop.framework.CglibAopProxy$CglibMethodInvocation.proceed(CglibAopProxy.java:751)
	at org.springframework.aop.framework.CglibAopProxy$DynamicAdvisedInterceptor.intercept(CglibAopProxy.java:703)
	at com.shiel.campaignapi.service.BookingService$$SpringCGLIB$$0.saveBooking(<generated>)
	at com.shiel.campaignapi.controller.BookingController.addBooking(BookingController.java:36)
	at java.base/jdk.internal.reflect.NativeMethodAccessorImpl.invoke0(Native Method)
	at java.base/jdk.internal.reflect.NativeMethodAccessorImpl.invoke(NativeMethodAccessorImpl.java:77)
	at java.base/jdk.internal.reflect.DelegatingMethodAccessorImpl.invoke(DelegatingMethodAccessorImpl.java:43)
	at java.base/java.lang.reflect.Method.invoke(Method.java:568)
	at org.springframework.web.method.support.InvocableHandlerMethod.doInvoke(InvocableHandlerMethod.java:205)
	at org.springframework.web.method.support.InvocableHandlerMethod.invokeForRequest(InvocableHandlerMethod.java:150)
	at org.springframework.web.servlet.mvc.method.annotation.ServletInvocableHandlerMethod.invokeAndHandle(ServletInvocableHandlerMethod.java:118)
	at org.springframework.web.servlet.mvc.method.annotation.RequestMappingHandlerAdapter.invokeHandlerMethod(RequestMappingHandlerAdapter.java:884)
	at org.springframework.web.servlet.mvc.method.annotation.RequestMappingHandlerAdapter.handleInternal(RequestMappingHandlerAdapter.java:797)
	at org.springframework.web.servlet.mvc.method.AbstractHandlerMethodAdapter.handle(AbstractHandlerMethodAdapter.java:87)
	at org.springframework.web.servlet.DispatcherServlet.doDispatch(DispatcherServlet.java:1081)
	at org.springframework.web.servlet.DispatcherServlet.doService(DispatcherServlet.java:974)
	at org.springframework.web.servlet.FrameworkServlet.processRequest(FrameworkServlet.java:1011)
	at org.springframework.web.servlet.FrameworkServlet.doPost(FrameworkServlet.java:914)
	at jakarta.servlet.http.HttpServlet.service(HttpServlet.java:590)
	at org.springframework.web.servlet.FrameworkServlet.service(FrameworkServlet.java:885)
	at jakarta.servlet.http.HttpServlet.service(HttpServlet.java:658)
	at org.apache.catalina.core.ApplicationFilterChain.internalDoFilter(ApplicationFilterChain.java:205)
	at org.apache.catalina.core.ApplicationFilterChain.doFilter(ApplicationFilterChain.java:149)
	at org.apache.tomcat.websocket.server.WsFilter.doFilter(WsFilter.java:51)
	at org.apache.catalina.core.ApplicationFilterChain.internalDoFilter(ApplicationFilterChain.java:174)
	at org.apache.catalina.core.ApplicationFilterChain.doFilter(ApplicationFilterChain.java:149)
	at org.springframework.web.filter.OncePerRequestFilter.doFilter(OncePerRequestFilter.java:110)
	at org.apache.catalina.core.ApplicationFilterChain.internalDoFilter(ApplicationFilterChain.java:174)
	at org.apache.catalina.core.ApplicationFilterChain.doFilter(ApplicationFilterChain.java:149)
	at org.springframework.security.web.FilterChainProxy.lambda$doFilterInternal$3(FilterChainProxy.java:231)
	at org.springframework.security.web.FilterChainProxy$VirtualFilterChain.doFilter(FilterChainProxy.java:365)
	at org.springframework.security.web.access.intercept.AuthorizationFilter.doFilter(AuthorizationFilter.java:100)
	at org.springframework.security.web.FilterChainProxy$VirtualFilterChain.doFilter(FilterChainProxy.java:374)
	at org.springframework.security.web.access.ExceptionTranslationFilter.doFilter(ExceptionTranslationFilter.java:126)
	at org.springframework.security.web.access.ExceptionTranslationFilter.doFilter(ExceptionTranslationFilter.java:120)
	at org.springframework.security.web.FilterChainProxy$VirtualFilterChain.doFilter(FilterChainProxy.java:374)
	at org.springframework.security.web.session.SessionManagementFilter.doFilter(SessionManagementFilter.java:131)
	at org.springframework.security.web.session.SessionManagementFilter.doFilter(SessionManagementFilter.java:85)
	at org.springframework.security.web.FilterChainProxy$VirtualFilterChain.doFilter(FilterChainProxy.java:374)
	at org.springframework.security.web.authentication.AnonymousAuthenticationFilter.doFilter(AnonymousAuthenticationFilter.java:100)
	at org.springframework.security.web.FilterChainProxy$VirtualFilterChain.doFilter(FilterChainProxy.java:374)
	at org.springframework.security.web.servletapi.SecurityContextHolderAwareRequestFilter.doFilter(SecurityContextHolderAwareRequestFilter.java:179)
	at org.springframework.security.web.FilterChainProxy$VirtualFilterChain.doFilter(FilterChainProxy.java:374)
	at org.springframework.security.web.savedrequest.RequestCacheAwareFilter.doFilter(RequestCacheAwareFilter.java:63)
	at org.springframework.security.web.FilterChainProxy$VirtualFilterChain.doFilter(FilterChainProxy.java:374)
	at com.shiel.campaignapi.config.JwtAuthenticationFilter.doFilterInternal(JwtAuthenticationFilter.java:91)
	at org.springframework.web.filter.OncePerRequestFilter.doFilter(OncePerRequestFilter.java:116)
	at org.springframework.security.web.FilterChainProxy$VirtualFilterChain.doFilter(FilterChainProxy.java:374)
	at org.springframework.security.web.authentication.logout.LogoutFilter.doFilter(LogoutFilter.java:107)
	at org.springframework.security.web.authentication.logout.LogoutFilter.doFilter(LogoutFilter.java:93)
	at org.springframework.security.web.FilterChainProxy$VirtualFilterChain.doFilter(FilterChainProxy.java:374)
	at org.springframework.security.web.header.HeaderWriterFilter.doHeadersAfter(HeaderWriterFilter.java:90)
	at org.springframework.security.web.header.HeaderWriterFilter.doFilterInternal(HeaderWriterFilter.java:75)
	at org.springframework.web.filter.OncePerRequestFilter.doFilter(OncePerRequestFilter.java:116)
	at org.springframework.security.web.FilterChainProxy$VirtualFilterChain.doFilter(FilterChainProxy.java:374)
	at org.springframework.security.web.context.SecurityContextHolderFilter.doFilter(SecurityContextHolderFilter.java:82)
	at org.springframework.security.web.context.SecurityContextHolderFilter.doFilter(SecurityContextHolderFilter.java:69)
	at org.springframework.security.web.FilterChainProxy$VirtualFilterChain.doFilter(FilterChainProxy.java:374)
	at org.springframework.security.web.context.request.async.WebAsyncManagerIntegrationFilter.doFilterInternal(WebAsyncManagerIntegrationFilter.java:62)
	at org.springframework.web.filter.OncePerRequestFilter.doFilter(OncePerRequestFilter.java:116)
	at org.springframework.security.web.FilterChainProxy$VirtualFilterChain.doFilter(FilterChainProxy.java:374)
	at org.springframework.security.web.session.DisableEncodeUrlFilter.doFilterInternal(DisableEncodeUrlFilter.java:42)
	at org.springframework.web.filter.OncePerRequestFilter.doFilter(OncePerRequestFilter.java:116)
	at org.springframework.security.web.FilterChainProxy$VirtualFilterChain.doFilter(FilterChainProxy.java:374)
	at org.springframework.security.web.FilterChainProxy.doFilterInternal(FilterChainProxy.java:233)
	at org.springframework.security.web.FilterChainProxy.doFilter(FilterChainProxy.java:191)
	at org.springframework.web.filter.DelegatingFilterProxy.invokeDelegate(DelegatingFilterProxy.java:352)
	at org.springframework.web.filter.DelegatingFilterProxy.doFilter(DelegatingFilterProxy.java:268)
	at org.apache.catalina.core.ApplicationFilterChain.internalDoFilter(ApplicationFilterChain.java:174)
	at org.apache.catalina.core.ApplicationFilterChain.doFilter(ApplicationFilterChain.java:149)
	at org.springframework.web.filter.RequestContextFilter.doFilterInternal(RequestContextFilter.java:100)
	at org.springframework.web.filter.OncePerRequestFilter.doFilter(OncePerRequestFilter.java:116)
	at org.apache.catalina.core.ApplicationFilterChain.internalDoFilter(ApplicationFilterChain.java:174)
	at org.apache.catalina.core.ApplicationFilterChain.doFilter(ApplicationFilterChain.java:149)
	at org.springframework.web.filter.FormContentFilter.doFilterInternal(FormContentFilter.java:93)
	at org.springframework.web.filter.OncePerRequestFilter.doFilter(OncePerRequestFilter.java:116)
	at org.apache.catalina.core.ApplicationFilterChain.internalDoFilter(ApplicationFilterChain.java:174)
	at org.apache.catalina.core.ApplicationFilterChain.doFilter(ApplicationFilterChain.java:149)
	at org.springframework.web.filter.CharacterEncodingFilter.doFilterInternal(CharacterEncodingFilter.java:201)
	at org.springframework.web.filter.OncePerRequestFilter.doFilter(OncePerRequestFilter.java:116)
	at org.apache.catalina.core.ApplicationFilterChain.internalDoFilter(ApplicationFilterChain.java:174)
	at org.apache.catalina.core.ApplicationFilterChain.doFilter(ApplicationFilterChain.java:149)
	at org.apache.catalina.core.StandardWrapperValve.invoke(StandardWrapperValve.java:167)
	at org.apache.catalina.core.StandardContextValve.invoke(StandardContextValve.java:90)
	at org.apache.catalina.authenticator.AuthenticatorBase.invoke(AuthenticatorBase.java:482)
	at org.apache.catalina.core.StandardHostValve.invoke(StandardHostValve.java:115)
	at org.apache.catalina.valves.ErrorReportValve.invoke(ErrorReportValve.java:93)
	at org.apache.catalina.core.StandardEngineValve.invoke(StandardEngineValve.java:74)
	at org.apache.catalina.connector.CoyoteAdapter.service(CoyoteAdapter.java:341)
	at org.apache.coyote.http11.Http11Processor.service(Http11Processor.java:391)
	at org.apache.coyote.AbstractProcessorLight.process(AbstractProcessorLight.java:63)
	at org.apache.coyote.AbstractProtocol$ConnectionHandler.process(AbstractProtocol.java:894)
	at org.apache.tomcat.util.net.NioEndpoint$SocketProcessor.doRun(NioEndpoint.java:1740)
	at org.apache.tomcat.util.net.SocketProcessorBase.run(SocketProcessorBase.java:52)
	at org.apache.tomcat.util.threads.ThreadPoolExecutor.runWorker(ThreadPoolExecutor.java:1191)
	at org.apache.tomcat.util.threads.ThreadPoolExecutor$Worker.run(ThreadPoolExecutor.java:659)
	at org.apache.tomcat.util.threads.TaskThread$WrappingRunnable.run(TaskThread.java:61)
	at java.base/java.lang.Thread.run(Thread.java:833)
2025-01-25 14:12:02 [http-nio-8080-exec-3] INFO  c.s.c.service.BookingService - Starting booking process for event ID: 1
2025-01-25 14:12:02 [http-nio-8080-exec-3] INFO  c.s.c.service.BookingService - Created new booking for user: shibinshibu10@gmail.com
2025-01-25 14:12:02 [http-nio-8080-exec-3] INFO  c.s.c.service.BookingService - Booking saved with ID: 5
2025-01-25 14:13:32 [background-preinit] INFO  o.h.validator.internal.util.Version - HV000001: Hibernate Validator 7.0.0.Final
2025-01-25 14:13:32 [main] INFO  c.s.c.CampaignApiApplication - Starting CampaignApiApplication using Java 17.0.8.1 with PID 9488 (D:\project\camp-api\campaignapi\target\classes started by shibi in D:\project\camp-api\campaignapi)
2025-01-25 14:13:32 [main] INFO  c.s.c.CampaignApiApplication - No active profile set, falling back to 1 default profile: "default"
2025-01-25 14:13:33 [main] INFO  o.s.d.r.c.RepositoryConfigurationDelegate - Bootstrapping Spring Data JPA repositories in DEFAULT mode.
2025-01-25 14:13:33 [main] INFO  o.s.d.r.c.RepositoryConfigurationDelegate - Finished Spring Data repository scanning in 56 ms. Found 9 JPA repository interfaces.
2025-01-25 14:13:33 [main] INFO  o.s.b.w.e.tomcat.TomcatWebServer - Tomcat initialized with port(s): 8080 (http)
2025-01-25 14:13:33 [main] INFO  o.a.coyote.http11.Http11NioProtocol - Initializing ProtocolHandler ["http-nio-8080"]
2025-01-25 14:13:33 [main] INFO  o.a.catalina.core.StandardService - Starting service [Tomcat]
2025-01-25 14:13:33 [main] INFO  o.a.catalina.core.StandardEngine - Starting Servlet engine: [Apache Tomcat/10.1.13]
2025-01-25 14:13:33 [main] INFO  o.a.c.c.C.[.[localhost].[/api] - Initializing Spring embedded WebApplicationContext
2025-01-25 14:13:33 [main] INFO  o.s.b.w.s.c.ServletWebServerApplicationContext - Root WebApplicationContext: initialization completed in 1129 ms
2025-01-25 14:13:34 [main] INFO  o.h.jpa.internal.util.LogHelper - HHH000204: Processing PersistenceUnitInfo [name: default]
2025-01-25 14:13:34 [main] INFO  org.hibernate.Version - HHH000412: Hibernate ORM core version 6.2.9.Final
2025-01-25 14:13:34 [main] INFO  org.hibernate.cfg.Environment - HHH000406: Using bytecode reflection optimizer
2025-01-25 14:13:34 [main] INFO  o.h.b.i.BytecodeProviderInitiator - HHH000021: Bytecode provider name : bytebuddy
2025-01-25 14:13:34 [main] INFO  o.s.o.j.p.SpringPersistenceUnitInfo - No LoadTimeWeaver setup: ignoring JPA class transformer
2025-01-25 14:13:34 [main] INFO  com.zaxxer.hikari.HikariDataSource - HikariPool-1 - Starting...
2025-01-25 14:13:34 [main] INFO  com.zaxxer.hikari.pool.HikariPool - HikariPool-1 - Added connection com.mysql.cj.jdbc.ConnectionImpl@73da7f08
2025-01-25 14:13:34 [main] INFO  com.zaxxer.hikari.HikariDataSource - HikariPool-1 - Start completed.
2025-01-25 14:13:34 [main] INFO  o.h.b.i.BytecodeProviderInitiator - HHH000021: Bytecode provider name : bytebuddy
2025-01-25 14:13:35 [main] INFO  o.h.e.t.j.p.i.JtaPlatformInitiator - HHH000490: Using JtaPlatform implementation: [org.hibernate.engine.transaction.jta.platform.internal.NoJtaPlatform]
2025-01-25 14:13:35 [main] INFO  o.s.o.j.LocalContainerEntityManagerFactoryBean - Initialized JPA EntityManagerFactory for persistence unit 'default'
2025-01-25 14:13:35 [main] INFO  c.s.c.config.FirebaseConfig - Firebase initialized successfully.
2025-01-25 14:13:35 [main] INFO  c.s.c.service.AuthenticationService - AuthenticationService initialized.
2025-01-25 14:13:35 [main] INFO  o.s.b.f.a.AutowiredAnnotationBeanPostProcessor - Autowired annotation is not supported on static fields: private static final org.slf4j.Logger com.shiel.campaignapi.service.BookingService.logger
2025-01-25 14:13:36 [main] INFO  org.quartz.impl.StdSchedulerFactory - Using default implementation for ThreadExecutor
2025-01-25 14:13:36 [main] INFO  o.quartz.core.SchedulerSignalerImpl - Initialized Scheduler Signaller of type: class org.quartz.core.SchedulerSignalerImpl
2025-01-25 14:13:36 [main] INFO  org.quartz.core.QuartzScheduler - Quartz Scheduler v.2.3.2 created.
2025-01-25 14:13:36 [main] INFO  org.quartz.simpl.RAMJobStore - RAMJobStore initialized.
2025-01-25 14:13:36 [main] INFO  org.quartz.core.QuartzScheduler - Scheduler meta-data: Quartz Scheduler (v2.3.2) 'MeetingScheduler' with instanceId 'NON_CLUSTERED'
  Scheduler class: 'org.quartz.core.QuartzScheduler' - running locally.
  NOT STARTED.
  Currently in standby mode.
  Number of jobs executed: 0
  Using thread pool 'org.quartz.simpl.SimpleThreadPool' - with 10 threads.
  Using job-store 'org.quartz.simpl.RAMJobStore' - which does not support persistence. and is not clustered.

2025-01-25 14:13:36 [main] INFO  org.quartz.impl.StdSchedulerFactory - Quartz scheduler 'MeetingScheduler' initialized from an externally provided properties instance.
2025-01-25 14:13:36 [main] INFO  org.quartz.impl.StdSchedulerFactory - Quartz scheduler version: 2.3.2
2025-01-25 14:13:36 [main] INFO  org.quartz.core.QuartzScheduler - JobFactory set to: org.springframework.scheduling.quartz.SpringBeanJobFactory@65d3a83
2025-01-25 14:13:36 [main] INFO  o.s.s.web.DefaultSecurityFilterChain - Will secure any request with [org.springframework.security.web.session.DisableEncodeUrlFilter@7f39bcb5, org.springframework.security.web.context.request.async.WebAsyncManagerIntegrationFilter@4e6881e, org.springframework.security.web.context.SecurityContextHolderFilter@a422390, org.springframework.security.web.header.HeaderWriterFilter@33acec5e, org.springframework.security.web.authentication.logout.LogoutFilter@119de68f, com.shiel.campaignapi.config.JwtAuthenticationFilter@7b5e5fa, org.springframework.security.web.savedrequest.RequestCacheAwareFilter@3d056418, org.springframework.security.web.servletapi.SecurityContextHolderAwareRequestFilter@34ad750f, org.springframework.security.web.authentication.AnonymousAuthenticationFilter@25192b6e, org.springframework.security.web.session.SessionManagementFilter@40032b7b, org.springframework.security.web.access.ExceptionTranslationFilter@300b839c, org.springframework.security.web.access.intercept.AuthorizationFilter@f1e8753]
2025-01-25 14:13:36 [main] INFO  o.a.coyote.http11.Http11NioProtocol - Starting ProtocolHandler ["http-nio-8080"]
2025-01-25 14:13:36 [main] INFO  o.s.b.w.e.tomcat.TomcatWebServer - Tomcat started on port(s): 8080 (http) with context path '/api'
2025-01-25 14:13:36 [main] INFO  o.s.s.quartz.SchedulerFactoryBean - Starting Quartz Scheduler now
2025-01-25 14:13:36 [main] INFO  org.quartz.core.QuartzScheduler - Scheduler MeetingScheduler_$_NON_CLUSTERED started.
2025-01-25 14:13:36 [main] INFO  c.s.c.CampaignApiApplication - Started CampaignApiApplication in 4.099 seconds (process running for 4.764)
2025-01-25 14:16:11 [http-nio-8080-exec-1] INFO  o.a.c.c.C.[.[localhost].[/api] - Initializing Spring DispatcherServlet 'dispatcherServlet'
2025-01-25 14:16:11 [http-nio-8080-exec-1] INFO  o.s.web.servlet.DispatcherServlet - Initializing Servlet 'dispatcherServlet'
2025-01-25 14:16:11 [http-nio-8080-exec-1] INFO  o.s.web.servlet.DispatcherServlet - Completed initialization in 1 ms
2025-01-25 14:16:11 [http-nio-8080-exec-1] INFO  c.s.c.service.BookingService - Starting booking process for event ID: 1
2025-01-25 14:16:11 [http-nio-8080-exec-1] INFO  c.s.c.service.BookingService - Created new booking for user: shibinshibu10@gmail.com
2025-01-25 14:16:11 [http-nio-8080-exec-1] INFO  c.s.c.service.BookingService - Booking saved with ID: 6
2025-01-25 14:19:18 [background-preinit] INFO  o.h.validator.internal.util.Version - HV000001: Hibernate Validator 7.0.0.Final
2025-01-25 14:19:18 [main] INFO  c.s.c.CampaignApiApplication - Starting CampaignApiApplication using Java 17.0.8.1 with PID 12444 (D:\project\camp-api\campaignapi\target\classes started by shibi in D:\project\camp-api\campaignapi)
2025-01-25 14:19:18 [main] INFO  c.s.c.CampaignApiApplication - No active profile set, falling back to 1 default profile: "default"
2025-01-25 14:19:19 [main] INFO  o.s.d.r.c.RepositoryConfigurationDelegate - Bootstrapping Spring Data JPA repositories in DEFAULT mode.
2025-01-25 14:19:19 [main] INFO  o.s.d.r.c.RepositoryConfigurationDelegate - Finished Spring Data repository scanning in 56 ms. Found 9 JPA repository interfaces.
2025-01-25 14:19:19 [main] INFO  o.s.b.w.e.tomcat.TomcatWebServer - Tomcat initialized with port(s): 8080 (http)
2025-01-25 14:19:19 [main] INFO  o.a.coyote.http11.Http11NioProtocol - Initializing ProtocolHandler ["http-nio-8080"]
2025-01-25 14:19:19 [main] INFO  o.a.catalina.core.StandardService - Starting service [Tomcat]
2025-01-25 14:19:19 [main] INFO  o.a.catalina.core.StandardEngine - Starting Servlet engine: [Apache Tomcat/10.1.13]
2025-01-25 14:19:19 [main] INFO  o.a.c.c.C.[.[localhost].[/api] - Initializing Spring embedded WebApplicationContext
2025-01-25 14:19:19 [main] INFO  o.s.b.w.s.c.ServletWebServerApplicationContext - Root WebApplicationContext: initialization completed in 1121 ms
2025-01-25 14:19:20 [main] INFO  o.h.jpa.internal.util.LogHelper - HHH000204: Processing PersistenceUnitInfo [name: default]
2025-01-25 14:19:20 [main] INFO  org.hibernate.Version - HHH000412: Hibernate ORM core version 6.2.9.Final
2025-01-25 14:19:20 [main] INFO  org.hibernate.cfg.Environment - HHH000406: Using bytecode reflection optimizer
2025-01-25 14:19:20 [main] INFO  o.h.b.i.BytecodeProviderInitiator - HHH000021: Bytecode provider name : bytebuddy
2025-01-25 14:19:20 [main] INFO  o.s.o.j.p.SpringPersistenceUnitInfo - No LoadTimeWeaver setup: ignoring JPA class transformer
2025-01-25 14:19:20 [main] INFO  com.zaxxer.hikari.HikariDataSource - HikariPool-1 - Starting...
2025-01-25 14:19:20 [main] INFO  com.zaxxer.hikari.pool.HikariPool - HikariPool-1 - Added connection com.mysql.cj.jdbc.ConnectionImpl@4e7eba9f
2025-01-25 14:19:20 [main] INFO  com.zaxxer.hikari.HikariDataSource - HikariPool-1 - Start completed.
2025-01-25 14:19:20 [main] INFO  o.h.b.i.BytecodeProviderInitiator - HHH000021: Bytecode provider name : bytebuddy
2025-01-25 14:19:21 [main] INFO  o.h.e.t.j.p.i.JtaPlatformInitiator - HHH000490: Using JtaPlatform implementation: [org.hibernate.engine.transaction.jta.platform.internal.NoJtaPlatform]
2025-01-25 14:19:21 [main] INFO  o.s.o.j.LocalContainerEntityManagerFactoryBean - Initialized JPA EntityManagerFactory for persistence unit 'default'
2025-01-25 14:19:21 [main] INFO  c.s.c.config.FirebaseConfig - Firebase initialized successfully.
2025-01-25 14:19:21 [main] INFO  c.s.c.service.AuthenticationService - AuthenticationService initialized.
2025-01-25 14:19:21 [main] INFO  o.s.b.f.a.AutowiredAnnotationBeanPostProcessor - Autowired annotation is not supported on static fields: private static final org.slf4j.Logger com.shiel.campaignapi.service.BookingService.logger
2025-01-25 14:19:22 [main] INFO  org.quartz.impl.StdSchedulerFactory - Using default implementation for ThreadExecutor
2025-01-25 14:19:22 [main] INFO  o.quartz.core.SchedulerSignalerImpl - Initialized Scheduler Signaller of type: class org.quartz.core.SchedulerSignalerImpl
2025-01-25 14:19:22 [main] INFO  org.quartz.core.QuartzScheduler - Quartz Scheduler v.2.3.2 created.
2025-01-25 14:19:22 [main] INFO  org.quartz.simpl.RAMJobStore - RAMJobStore initialized.
2025-01-25 14:19:22 [main] INFO  org.quartz.core.QuartzScheduler - Scheduler meta-data: Quartz Scheduler (v2.3.2) 'MeetingScheduler' with instanceId 'NON_CLUSTERED'
  Scheduler class: 'org.quartz.core.QuartzScheduler' - running locally.
  NOT STARTED.
  Currently in standby mode.
  Number of jobs executed: 0
  Using thread pool 'org.quartz.simpl.SimpleThreadPool' - with 10 threads.
  Using job-store 'org.quartz.simpl.RAMJobStore' - which does not support persistence. and is not clustered.

2025-01-25 14:19:22 [main] INFO  org.quartz.impl.StdSchedulerFactory - Quartz scheduler 'MeetingScheduler' initialized from an externally provided properties instance.
2025-01-25 14:19:22 [main] INFO  org.quartz.impl.StdSchedulerFactory - Quartz scheduler version: 2.3.2
2025-01-25 14:19:22 [main] INFO  org.quartz.core.QuartzScheduler - JobFactory set to: org.springframework.scheduling.quartz.SpringBeanJobFactory@184e5c44
2025-01-25 14:19:22 [main] INFO  o.s.s.web.DefaultSecurityFilterChain - Will secure any request with [org.springframework.security.web.session.DisableEncodeUrlFilter@5852605c, org.springframework.security.web.context.request.async.WebAsyncManagerIntegrationFilter@2acfd27b, org.springframework.security.web.context.SecurityContextHolderFilter@2a5917f6, org.springframework.security.web.header.HeaderWriterFilter@64648af1, org.springframework.security.web.authentication.logout.LogoutFilter@13c36d48, com.shiel.campaignapi.config.JwtAuthenticationFilter@4733662d, org.springframework.security.web.savedrequest.RequestCacheAwareFilter@558fa64a, org.springframework.security.web.servletapi.SecurityContextHolderAwareRequestFilter@5a63de07, org.springframework.security.web.authentication.AnonymousAuthenticationFilter@5e8359da, org.springframework.security.web.session.SessionManagementFilter@6d58ed12, org.springframework.security.web.access.ExceptionTranslationFilter@75cfb958, org.springframework.security.web.access.intercept.AuthorizationFilter@32180efb]
2025-01-25 14:19:22 [main] INFO  o.a.coyote.http11.Http11NioProtocol - Starting ProtocolHandler ["http-nio-8080"]
2025-01-25 14:19:22 [main] INFO  o.s.b.w.e.tomcat.TomcatWebServer - Tomcat started on port(s): 8080 (http) with context path '/api'
2025-01-25 14:19:22 [main] INFO  o.s.s.quartz.SchedulerFactoryBean - Starting Quartz Scheduler now
2025-01-25 14:19:22 [main] INFO  org.quartz.core.QuartzScheduler - Scheduler MeetingScheduler_$_NON_CLUSTERED started.
2025-01-25 14:19:22 [main] INFO  c.s.c.CampaignApiApplication - Started CampaignApiApplication in 4.117 seconds (process running for 4.766)
2025-01-25 14:19:28 [http-nio-8080-exec-1] INFO  o.a.c.c.C.[.[localhost].[/api] - Initializing Spring DispatcherServlet 'dispatcherServlet'
2025-01-25 14:19:28 [http-nio-8080-exec-1] INFO  o.s.web.servlet.DispatcherServlet - Initializing Servlet 'dispatcherServlet'
2025-01-25 14:19:28 [http-nio-8080-exec-1] INFO  o.s.web.servlet.DispatcherServlet - Completed initialization in 1 ms
2025-01-25 14:19:31 [http-nio-8080-exec-3] INFO  c.s.c.service.BookingService - Starting booking process for event ID: 1
2025-01-25 14:19:31 [http-nio-8080-exec-3] INFO  c.s.c.service.BookingService - Created new booking for user: shibinshibu10@gmail.com
2025-01-25 14:19:31 [http-nio-8080-exec-3] INFO  c.s.c.service.BookingService - Booking saved with ID: 7
2025-01-25 14:21:19 [http-nio-8080-exec-7] INFO  c.s.c.service.BookingService - Starting booking process for event ID: 1
2025-01-25 14:21:19 [http-nio-8080-exec-7] INFO  c.s.c.service.BookingService - Booking saved with ID: 7
2025-01-25 14:21:34 [http-nio-8080-exec-9] INFO  c.s.c.service.BookingService - Fetching booking with dependents for booking ID: 7
2025-01-25 14:21:34 [http-nio-8080-exec-9] INFO  c.s.c.service.BookingService - Booking with dependents fetched successfully for ID: 7
2025-01-25 14:34:10 [background-preinit] INFO  o.h.validator.internal.util.Version - HV000001: Hibernate Validator 7.0.0.Final
2025-01-25 14:34:10 [main] INFO  c.s.c.CampaignApiApplication - Starting CampaignApiApplication using Java 17.0.8.1 with PID 13284 (D:\project\camp-api\campaignapi\target\classes started by shibi in D:\project\camp-api\campaignapi)
2025-01-25 14:34:10 [main] INFO  c.s.c.CampaignApiApplication - No active profile set, falling back to 1 default profile: "default"
2025-01-25 14:34:10 [main] INFO  o.s.d.r.c.RepositoryConfigurationDelegate - Bootstrapping Spring Data JPA repositories in DEFAULT mode.
2025-01-25 14:34:10 [main] INFO  o.s.d.r.c.RepositoryConfigurationDelegate - Finished Spring Data repository scanning in 60 ms. Found 9 JPA repository interfaces.
2025-01-25 14:34:11 [main] INFO  o.s.b.w.e.tomcat.TomcatWebServer - Tomcat initialized with port(s): 8080 (http)
2025-01-25 14:34:11 [main] INFO  o.a.coyote.http11.Http11NioProtocol - Initializing ProtocolHandler ["http-nio-8080"]
2025-01-25 14:34:11 [main] INFO  o.a.catalina.core.StandardService - Starting service [Tomcat]
2025-01-25 14:34:11 [main] INFO  o.a.catalina.core.StandardEngine - Starting Servlet engine: [Apache Tomcat/10.1.13]
2025-01-25 14:34:11 [main] INFO  o.a.c.c.C.[.[localhost].[/api] - Initializing Spring embedded WebApplicationContext
2025-01-25 14:34:11 [main] INFO  o.s.b.w.s.c.ServletWebServerApplicationContext - Root WebApplicationContext: initialization completed in 1230 ms
2025-01-25 14:34:11 [main] INFO  o.h.jpa.internal.util.LogHelper - HHH000204: Processing PersistenceUnitInfo [name: default]
2025-01-25 14:34:11 [main] INFO  org.hibernate.Version - HHH000412: Hibernate ORM core version 6.2.9.Final
2025-01-25 14:34:11 [main] INFO  org.hibernate.cfg.Environment - HHH000406: Using bytecode reflection optimizer
2025-01-25 14:34:11 [main] INFO  o.h.b.i.BytecodeProviderInitiator - HHH000021: Bytecode provider name : bytebuddy
2025-01-25 14:34:11 [main] INFO  o.s.o.j.p.SpringPersistenceUnitInfo - No LoadTimeWeaver setup: ignoring JPA class transformer
2025-01-25 14:34:11 [main] INFO  com.zaxxer.hikari.HikariDataSource - HikariPool-1 - Starting...
2025-01-25 14:34:11 [main] INFO  com.zaxxer.hikari.pool.HikariPool - HikariPool-1 - Added connection com.mysql.cj.jdbc.ConnectionImpl@3fef1e6b
2025-01-25 14:34:11 [main] INFO  com.zaxxer.hikari.HikariDataSource - HikariPool-1 - Start completed.
2025-01-25 14:34:12 [main] INFO  o.h.b.i.BytecodeProviderInitiator - HHH000021: Bytecode provider name : bytebuddy
2025-01-25 14:34:13 [main] INFO  o.h.e.t.j.p.i.JtaPlatformInitiator - HHH000490: Using JtaPlatform implementation: [org.hibernate.engine.transaction.jta.platform.internal.NoJtaPlatform]
2025-01-25 14:34:13 [main] INFO  o.s.o.j.LocalContainerEntityManagerFactoryBean - Initialized JPA EntityManagerFactory for persistence unit 'default'
2025-01-25 14:34:13 [main] INFO  c.s.c.config.FirebaseConfig - Firebase initialized successfully.
2025-01-25 14:34:13 [main] INFO  c.s.c.service.AuthenticationService - AuthenticationService initialized.
2025-01-25 14:34:13 [main] INFO  o.s.b.f.a.AutowiredAnnotationBeanPostProcessor - Autowired annotation is not supported on static fields: private static final org.slf4j.Logger com.shiel.campaignapi.service.BookingService.logger
2025-01-25 14:34:13 [main] INFO  org.quartz.impl.StdSchedulerFactory - Using default implementation for ThreadExecutor
2025-01-25 14:34:13 [main] INFO  o.quartz.core.SchedulerSignalerImpl - Initialized Scheduler Signaller of type: class org.quartz.core.SchedulerSignalerImpl
2025-01-25 14:34:13 [main] INFO  org.quartz.core.QuartzScheduler - Quartz Scheduler v.2.3.2 created.
2025-01-25 14:34:13 [main] INFO  org.quartz.simpl.RAMJobStore - RAMJobStore initialized.
2025-01-25 14:34:13 [main] INFO  org.quartz.core.QuartzScheduler - Scheduler meta-data: Quartz Scheduler (v2.3.2) 'MeetingScheduler' with instanceId 'NON_CLUSTERED'
  Scheduler class: 'org.quartz.core.QuartzScheduler' - running locally.
  NOT STARTED.
  Currently in standby mode.
  Number of jobs executed: 0
  Using thread pool 'org.quartz.simpl.SimpleThreadPool' - with 10 threads.
  Using job-store 'org.quartz.simpl.RAMJobStore' - which does not support persistence. and is not clustered.

2025-01-25 14:34:13 [main] INFO  org.quartz.impl.StdSchedulerFactory - Quartz scheduler 'MeetingScheduler' initialized from an externally provided properties instance.
2025-01-25 14:34:13 [main] INFO  org.quartz.impl.StdSchedulerFactory - Quartz scheduler version: 2.3.2
2025-01-25 14:34:13 [main] INFO  org.quartz.core.QuartzScheduler - JobFactory set to: org.springframework.scheduling.quartz.SpringBeanJobFactory@30b2d267
2025-01-25 14:34:14 [main] INFO  o.s.s.web.DefaultSecurityFilterChain - Will secure any request with [org.springframework.security.web.session.DisableEncodeUrlFilter@36b6802f, org.springframework.security.web.context.request.async.WebAsyncManagerIntegrationFilter@7d2d5625, org.springframework.security.web.context.SecurityContextHolderFilter@a55b4f9, org.springframework.security.web.header.HeaderWriterFilter@70a984c5, org.springframework.security.web.authentication.logout.LogoutFilter@1676e501, com.shiel.campaignapi.config.JwtAuthenticationFilter@6c427386, org.springframework.security.web.savedrequest.RequestCacheAwareFilter@72769bf5, org.springframework.security.web.servletapi.SecurityContextHolderAwareRequestFilter@5cc85ffc, org.springframework.security.web.authentication.AnonymousAuthenticationFilter@29a51ff1, org.springframework.security.web.session.SessionManagementFilter@2a5917f6, org.springframework.security.web.access.ExceptionTranslationFilter@42d65ffc, org.springframework.security.web.access.intercept.AuthorizationFilter@5852605c]
2025-01-25 14:34:14 [main] INFO  o.a.coyote.http11.Http11NioProtocol - Starting ProtocolHandler ["http-nio-8080"]
2025-01-25 14:34:14 [main] INFO  o.s.b.w.e.tomcat.TomcatWebServer - Tomcat started on port(s): 8080 (http) with context path '/api'
2025-01-25 14:34:14 [main] INFO  o.s.s.quartz.SchedulerFactoryBean - Starting Quartz Scheduler now
2025-01-25 14:34:14 [main] INFO  org.quartz.core.QuartzScheduler - Scheduler MeetingScheduler_$_NON_CLUSTERED started.
2025-01-25 14:34:14 [main] INFO  c.s.c.CampaignApiApplication - Started CampaignApiApplication in 4.577 seconds (process running for 5.237)
2025-01-25 14:34:33 [http-nio-8080-exec-1] INFO  o.a.c.c.C.[.[localhost].[/api] - Initializing Spring DispatcherServlet 'dispatcherServlet'
2025-01-25 14:34:33 [http-nio-8080-exec-1] INFO  o.s.web.servlet.DispatcherServlet - Initializing Servlet 'dispatcherServlet'
2025-01-25 14:34:33 [http-nio-8080-exec-1] INFO  o.s.web.servlet.DispatcherServlet - Completed initialization in 1 ms
2025-01-25 14:37:28 [http-nio-8080-exec-6] INFO  c.s.c.service.BookingService - Fetching booking with dependents for booking ID: 7
2025-01-25 14:37:28 [http-nio-8080-exec-6] INFO  c.s.c.service.BookingService - Booking with dependents fetched successfully for ID: 7
2025-01-25 14:55:04 [http-nio-8080-exec-9] INFO  c.s.c.service.BookingService - Fetching booking with dependents for booking ID: 7
2025-01-25 14:55:04 [http-nio-8080-exec-9] INFO  c.s.c.service.BookingService - Booking with dependents fetched successfully for ID: 7
2025-01-25 14:55:14 [http-nio-8080-exec-2] INFO  c.s.c.service.BookingService - Fetching booking with dependents for booking ID: 7
2025-01-25 14:55:14 [http-nio-8080-exec-2] INFO  c.s.c.service.BookingService - Booking with dependents fetched successfully for ID: 7
2025-01-25 16:01:25 [HikariPool-1 housekeeper] WARN  com.zaxxer.hikari.pool.HikariPool - HikariPool-1 - Thread starvation or clock leap detected (housekeeper delta=1h2m13s298ms467µs900ns).
