2025-02-17 12:35:52 [background-preinit] INFO  o.h.validator.internal.util.Version - HV000001: Hibernate Validator 7.0.0.Final
2025-02-17 12:35:52 [main] INFO  c.s.c.CampaignApiApplication - Starting CampaignApiApplication using Java 17.0.8.1 with PID 2176 (D:\project\camp-api\campaignapi\target\classes started by shibi in D:\project\camp-api\campaignapi)
2025-02-17 12:35:52 [main] INFO  c.s.c.CampaignApiApplication - No active profile set, falling back to 1 default profile: "default"
2025-02-17 12:35:53 [main] INFO  o.s.d.r.c.RepositoryConfigurationDelegate - Bootstrapping Spring Data JPA repositories in DEFAULT mode.
2025-02-17 12:35:53 [main] INFO  o.s.d.r.c.RepositoryConfigurationDelegate - Finished Spring Data repository scanning in 87 ms. Found 9 JPA repository interfaces.
2025-02-17 12:35:54 [main] INFO  o.s.b.w.e.tomcat.TomcatWebServer - Tomcat initialized with port(s): 8080 (http)
2025-02-17 12:35:54 [main] INFO  o.a.coyote.http11.Http11NioProtocol - Initializing ProtocolHandler ["http-nio-8080"]
2025-02-17 12:35:54 [main] INFO  o.a.catalina.core.StandardService - Starting service [Tomcat]
2025-02-17 12:35:54 [main] INFO  o.a.catalina.core.StandardEngine - Starting Servlet engine: [Apache Tomcat/10.1.13]
2025-02-17 12:35:54 [main] INFO  o.a.c.c.C.[.[localhost].[/api] - Initializing Spring embedded WebApplicationContext
2025-02-17 12:35:54 [main] INFO  o.s.b.w.s.c.ServletWebServerApplicationContext - Root WebApplicationContext: initialization completed in 1858 ms
2025-02-17 12:35:55 [main] INFO  o.h.jpa.internal.util.LogHelper - HHH000204: Processing PersistenceUnitInfo [name: default]
2025-02-17 12:35:55 [main] INFO  org.hibernate.Version - HHH000412: Hibernate ORM core version 6.2.9.Final
2025-02-17 12:35:55 [main] INFO  org.hibernate.cfg.Environment - HHH000406: Using bytecode reflection optimizer
2025-02-17 12:35:55 [main] INFO  o.h.b.i.BytecodeProviderInitiator - HHH000021: Bytecode provider name : bytebuddy
2025-02-17 12:35:55 [main] INFO  o.s.o.j.p.SpringPersistenceUnitInfo - No LoadTimeWeaver setup: ignoring JPA class transformer
2025-02-17 12:35:55 [main] INFO  com.zaxxer.hikari.HikariDataSource - HikariPool-1 - Starting...
2025-02-17 12:35:55 [main] INFO  com.zaxxer.hikari.pool.HikariPool - HikariPool-1 - Added connection com.mysql.cj.jdbc.ConnectionImpl@33430fc
2025-02-17 12:35:55 [main] INFO  com.zaxxer.hikari.HikariDataSource - HikariPool-1 - Start completed.
2025-02-17 12:35:56 [main] INFO  o.h.b.i.BytecodeProviderInitiator - HHH000021: Bytecode provider name : bytebuddy
2025-02-17 12:35:57 [main] INFO  o.h.e.t.j.p.i.JtaPlatformInitiator - HHH000490: Using JtaPlatform implementation: [org.hibernate.engine.transaction.jta.platform.internal.NoJtaPlatform]
2025-02-17 12:35:57 [main] INFO  o.s.o.j.LocalContainerEntityManagerFactoryBean - Initialized JPA EntityManagerFactory for persistence unit 'default'
2025-02-17 12:35:58 [main] INFO  c.s.c.config.FirebaseConfig - Firebase initialized successfully.
2025-02-17 12:35:58 [main] INFO  c.s.c.service.AuthenticationService - AuthenticationService initialized.
2025-02-17 12:35:58 [main] INFO  o.s.b.f.a.AutowiredAnnotationBeanPostProcessor - Autowired annotation is not supported on static fields: private static final org.slf4j.Logger com.shiel.campaignapi.service.BookingService.logger
2025-02-17 12:35:59 [main] INFO  org.quartz.impl.StdSchedulerFactory - Using default implementation for ThreadExecutor
2025-02-17 12:35:59 [main] INFO  o.quartz.core.SchedulerSignalerImpl - Initialized Scheduler Signaller of type: class org.quartz.core.SchedulerSignalerImpl
2025-02-17 12:35:59 [main] INFO  org.quartz.core.QuartzScheduler - Quartz Scheduler v.2.3.2 created.
2025-02-17 12:35:59 [main] INFO  org.quartz.simpl.RAMJobStore - RAMJobStore initialized.
2025-02-17 12:35:59 [main] INFO  org.quartz.core.QuartzScheduler - Scheduler meta-data: Quartz Scheduler (v2.3.2) 'MeetingScheduler' with instanceId 'NON_CLUSTERED'
  Scheduler class: 'org.quartz.core.QuartzScheduler' - running locally.
  NOT STARTED.
  Currently in standby mode.
  Number of jobs executed: 0
  Using thread pool 'org.quartz.simpl.SimpleThreadPool' - with 10 threads.
  Using job-store 'org.quartz.simpl.RAMJobStore' - which does not support persistence. and is not clustered.

2025-02-17 12:35:59 [main] INFO  org.quartz.impl.StdSchedulerFactory - Quartz scheduler 'MeetingScheduler' initialized from an externally provided properties instance.
2025-02-17 12:35:59 [main] INFO  org.quartz.impl.StdSchedulerFactory - Quartz scheduler version: 2.3.2
2025-02-17 12:35:59 [main] INFO  org.quartz.core.QuartzScheduler - JobFactory set to: org.springframework.scheduling.quartz.SpringBeanJobFactory@59e9ba7
2025-02-17 12:35:59 [main] INFO  o.s.s.web.DefaultSecurityFilterChain - Will secure any request with [org.springframework.security.web.session.DisableEncodeUrlFilter@f8b6743, org.springframework.security.web.context.request.async.WebAsyncManagerIntegrationFilter@644eed73, org.springframework.security.web.context.SecurityContextHolderFilter@200cbb63, org.springframework.security.web.header.HeaderWriterFilter@1b68e626, org.springframework.security.web.authentication.logout.LogoutFilter@609f136b, com.shiel.campaignapi.config.JwtAuthenticationFilter@685e5967, org.springframework.security.web.savedrequest.RequestCacheAwareFilter@7a7698f4, org.springframework.security.web.servletapi.SecurityContextHolderAwareRequestFilter@73625632, org.springframework.security.web.authentication.AnonymousAuthenticationFilter@253a8bdb, org.springframework.security.web.session.SessionManagementFilter@378456cb, org.springframework.security.web.access.ExceptionTranslationFilter@dd26290, org.springframework.security.web.access.intercept.AuthorizationFilter@43851574]
2025-02-17 12:35:59 [main] INFO  o.a.coyote.http11.Http11NioProtocol - Starting ProtocolHandler ["http-nio-8080"]
2025-02-17 12:35:59 [main] INFO  o.s.b.w.e.tomcat.TomcatWebServer - Tomcat started on port(s): 8080 (http) with context path '/api'
2025-02-17 12:35:59 [main] INFO  o.s.s.quartz.SchedulerFactoryBean - Starting Quartz Scheduler now
2025-02-17 12:35:59 [main] INFO  org.quartz.core.QuartzScheduler - Scheduler MeetingScheduler_$_NON_CLUSTERED started.
2025-02-17 12:35:59 [main] INFO  c.s.c.CampaignApiApplication - Started CampaignApiApplication in 7.348 seconds (process running for 8.291)
2025-02-17 12:36:13 [http-nio-8080-exec-2] INFO  o.a.c.c.C.[.[localhost].[/api] - Initializing Spring DispatcherServlet 'dispatcherServlet'
2025-02-17 12:36:13 [http-nio-8080-exec-2] INFO  o.s.web.servlet.DispatcherServlet - Initializing Servlet 'dispatcherServlet'
2025-02-17 12:36:13 [http-nio-8080-exec-2] INFO  o.s.web.servlet.DispatcherServlet - Completed initialization in 4 ms
2025-02-17 12:39:21 [http-nio-8080-exec-6] INFO  c.s.c.service.AuthenticationService - Attempting authentication for identifier: 9480044871
2025-02-17 12:39:33 [http-nio-8080-exec-8] INFO  c.s.c.service.AuthenticationService - Attempting authentication for identifier: shibinshibu7078@gmail.com
2025-02-17 12:39:33 [http-nio-8080-exec-8] INFO  c.s.c.service.AuthenticationService - Authentication successful for user with email: shibinshibu7078@gmail.com
2025-02-17 12:40:28 [http-nio-8080-exec-9] INFO  c.s.campaignapi.service.UserService - Updating user with ID: 4
2025-02-17 12:40:28 [http-nio-8080-exec-9] WARN  o.h.e.jdbc.spi.SqlExceptionHelper - SQL Error: 1062, SQLState: 23000
2025-02-17 12:40:28 [http-nio-8080-exec-9] ERROR o.h.e.jdbc.spi.SqlExceptionHelper - Duplicate entry 'country@gmail.com' for key 'user.UK_ob8kqyqqgmefl0aco34akdtpe'
2025-02-17 12:40:28 [http-nio-8080-exec-9] ERROR c.s.campaignapi.service.UserService - Error occurred while updating user with ID: 4
org.springframework.dao.DataIntegrityViolationException: could not execute statement [Duplicate entry 'country@gmail.com' for key 'user.UK_ob8kqyqqgmefl0aco34akdtpe'] [update user set age=?,country_id=?,deleted_at=?,email=?,fullname=?,gender=?,password=?,phone=?,place=?,status=?,updatedat=? where userid=?]; SQL [update user set age=?,country_id=?,deleted_at=?,email=?,fullname=?,gender=?,password=?,phone=?,place=?,status=?,updatedat=? where userid=?]; constraint [user.UK_ob8kqyqqgmefl0aco34akdtpe]
	at org.springframework.orm.jpa.vendor.HibernateJpaDialect.convertHibernateAccessException(HibernateJpaDialect.java:269)
	at org.springframework.orm.jpa.vendor.HibernateJpaDialect.translateExceptionIfPossible(HibernateJpaDialect.java:229)
	at org.springframework.orm.jpa.JpaTransactionManager.doCommit(JpaTransactionManager.java:565)
	at org.springframework.transaction.support.AbstractPlatformTransactionManager.processCommit(AbstractPlatformTransactionManager.java:743)
	at org.springframework.transaction.support.AbstractPlatformTransactionManager.commit(AbstractPlatformTransactionManager.java:711)
	at org.springframework.transaction.interceptor.TransactionAspectSupport.commitTransactionAfterReturning(TransactionAspectSupport.java:660)
	at org.springframework.transaction.interceptor.TransactionAspectSupport.invokeWithinTransaction(TransactionAspectSupport.java:410)
	at org.springframework.transaction.interceptor.TransactionInterceptor.invoke(TransactionInterceptor.java:119)
	at org.springframework.aop.framework.ReflectiveMethodInvocation.proceed(ReflectiveMethodInvocation.java:184)
	at org.springframework.dao.support.PersistenceExceptionTranslationInterceptor.invoke(PersistenceExceptionTranslationInterceptor.java:137)
	at org.springframework.aop.framework.ReflectiveMethodInvocation.proceed(ReflectiveMethodInvocation.java:184)
	at org.springframework.data.jpa.repository.support.CrudMethodMetadataPostProcessor$CrudMethodMetadataPopulatingMethodInterceptor.invoke(CrudMethodMetadataPostProcessor.java:164)
	at org.springframework.aop.framework.ReflectiveMethodInvocation.proceed(ReflectiveMethodInvocation.java:184)
	at org.springframework.aop.interceptor.ExposeInvocationInterceptor.invoke(ExposeInvocationInterceptor.java:97)
	at org.springframework.aop.framework.ReflectiveMethodInvocation.proceed(ReflectiveMethodInvocation.java:184)
	at org.springframework.aop.framework.JdkDynamicAopProxy.invoke(JdkDynamicAopProxy.java:244)
	at jdk.proxy2/jdk.proxy2.$Proxy129.save(Unknown Source)
	at com.shiel.campaignapi.service.UserService.updateUser(UserService.java:120)
	at com.shiel.campaignapi.controller.UserController.updateUser(UserController.java:91)
	at java.base/jdk.internal.reflect.NativeMethodAccessorImpl.invoke0(Native Method)
	at java.base/jdk.internal.reflect.NativeMethodAccessorImpl.invoke(NativeMethodAccessorImpl.java:77)
	at java.base/jdk.internal.reflect.DelegatingMethodAccessorImpl.invoke(DelegatingMethodAccessorImpl.java:43)
	at java.base/java.lang.reflect.Method.invoke(Method.java:568)
	at org.springframework.web.method.support.InvocableHandlerMethod.doInvoke(InvocableHandlerMethod.java:205)
	at org.springframework.web.method.support.InvocableHandlerMethod.invokeForRequest(InvocableHandlerMethod.java:150)
	at org.springframework.web.servlet.mvc.method.annotation.ServletInvocableHandlerMethod.invokeAndHandle(ServletInvocableHandlerMethod.java:118)
	at org.springframework.web.servlet.mvc.method.annotation.RequestMappingHandlerAdapter.invokeHandlerMethod(RequestMappingHandlerAdapter.java:884)
	at org.springframework.web.servlet.mvc.method.annotation.RequestMappingHandlerAdapter.handleInternal(RequestMappingHandlerAdapter.java:797)
	at org.springframework.web.servlet.mvc.method.AbstractHandlerMethodAdapter.handle(AbstractHandlerMethodAdapter.java:87)
	at org.springframework.web.servlet.DispatcherServlet.doDispatch(DispatcherServlet.java:1081)
	at org.springframework.web.servlet.DispatcherServlet.doService(DispatcherServlet.java:974)
	at org.springframework.web.servlet.FrameworkServlet.processRequest(FrameworkServlet.java:1011)
	at org.springframework.web.servlet.FrameworkServlet.doPost(FrameworkServlet.java:914)
	at jakarta.servlet.http.HttpServlet.service(HttpServlet.java:590)
	at org.springframework.web.servlet.FrameworkServlet.service(FrameworkServlet.java:885)
	at jakarta.servlet.http.HttpServlet.service(HttpServlet.java:658)
	at org.apache.catalina.core.ApplicationFilterChain.internalDoFilter(ApplicationFilterChain.java:205)
	at org.apache.catalina.core.ApplicationFilterChain.doFilter(ApplicationFilterChain.java:149)
	at org.apache.tomcat.websocket.server.WsFilter.doFilter(WsFilter.java:51)
	at org.apache.catalina.core.ApplicationFilterChain.internalDoFilter(ApplicationFilterChain.java:174)
	at org.apache.catalina.core.ApplicationFilterChain.doFilter(ApplicationFilterChain.java:149)
	at org.springframework.web.filter.OncePerRequestFilter.doFilter(OncePerRequestFilter.java:110)
	at org.apache.catalina.core.ApplicationFilterChain.internalDoFilter(ApplicationFilterChain.java:174)
	at org.apache.catalina.core.ApplicationFilterChain.doFilter(ApplicationFilterChain.java:149)
	at org.springframework.security.web.FilterChainProxy.lambda$doFilterInternal$3(FilterChainProxy.java:231)
	at org.springframework.security.web.FilterChainProxy$VirtualFilterChain.doFilter(FilterChainProxy.java:365)
	at org.springframework.security.web.access.intercept.AuthorizationFilter.doFilter(AuthorizationFilter.java:100)
	at org.springframework.security.web.FilterChainProxy$VirtualFilterChain.doFilter(FilterChainProxy.java:374)
	at org.springframework.security.web.access.ExceptionTranslationFilter.doFilter(ExceptionTranslationFilter.java:126)
	at org.springframework.security.web.access.ExceptionTranslationFilter.doFilter(ExceptionTranslationFilter.java:120)
	at org.springframework.security.web.FilterChainProxy$VirtualFilterChain.doFilter(FilterChainProxy.java:374)
	at org.springframework.security.web.session.SessionManagementFilter.doFilter(SessionManagementFilter.java:131)
	at org.springframework.security.web.session.SessionManagementFilter.doFilter(SessionManagementFilter.java:85)
	at org.springframework.security.web.FilterChainProxy$VirtualFilterChain.doFilter(FilterChainProxy.java:374)
	at org.springframework.security.web.authentication.AnonymousAuthenticationFilter.doFilter(AnonymousAuthenticationFilter.java:100)
	at org.springframework.security.web.FilterChainProxy$VirtualFilterChain.doFilter(FilterChainProxy.java:374)
	at org.springframework.security.web.servletapi.SecurityContextHolderAwareRequestFilter.doFilter(SecurityContextHolderAwareRequestFilter.java:179)
	at org.springframework.security.web.FilterChainProxy$VirtualFilterChain.doFilter(FilterChainProxy.java:374)
	at org.springframework.security.web.savedrequest.RequestCacheAwareFilter.doFilter(RequestCacheAwareFilter.java:63)
	at org.springframework.security.web.FilterChainProxy$VirtualFilterChain.doFilter(FilterChainProxy.java:374)
	at com.shiel.campaignapi.config.JwtAuthenticationFilter.doFilterInternal(JwtAuthenticationFilter.java:91)
	at org.springframework.web.filter.OncePerRequestFilter.doFilter(OncePerRequestFilter.java:116)
	at org.springframework.security.web.FilterChainProxy$VirtualFilterChain.doFilter(FilterChainProxy.java:374)
	at org.springframework.security.web.authentication.logout.LogoutFilter.doFilter(LogoutFilter.java:107)
	at org.springframework.security.web.authentication.logout.LogoutFilter.doFilter(LogoutFilter.java:93)
	at org.springframework.security.web.FilterChainProxy$VirtualFilterChain.doFilter(FilterChainProxy.java:374)
	at org.springframework.security.web.header.HeaderWriterFilter.doHeadersAfter(HeaderWriterFilter.java:90)
	at org.springframework.security.web.header.HeaderWriterFilter.doFilterInternal(HeaderWriterFilter.java:75)
	at org.springframework.web.filter.OncePerRequestFilter.doFilter(OncePerRequestFilter.java:116)
	at org.springframework.security.web.FilterChainProxy$VirtualFilterChain.doFilter(FilterChainProxy.java:374)
	at org.springframework.security.web.context.SecurityContextHolderFilter.doFilter(SecurityContextHolderFilter.java:82)
	at org.springframework.security.web.context.SecurityContextHolderFilter.doFilter(SecurityContextHolderFilter.java:69)
	at org.springframework.security.web.FilterChainProxy$VirtualFilterChain.doFilter(FilterChainProxy.java:374)
	at org.springframework.security.web.context.request.async.WebAsyncManagerIntegrationFilter.doFilterInternal(WebAsyncManagerIntegrationFilter.java:62)
	at org.springframework.web.filter.OncePerRequestFilter.doFilter(OncePerRequestFilter.java:116)
	at org.springframework.security.web.FilterChainProxy$VirtualFilterChain.doFilter(FilterChainProxy.java:374)
	at org.springframework.security.web.session.DisableEncodeUrlFilter.doFilterInternal(DisableEncodeUrlFilter.java:42)
	at org.springframework.web.filter.OncePerRequestFilter.doFilter(OncePerRequestFilter.java:116)
	at org.springframework.security.web.FilterChainProxy$VirtualFilterChain.doFilter(FilterChainProxy.java:374)
	at org.springframework.security.web.FilterChainProxy.doFilterInternal(FilterChainProxy.java:233)
	at org.springframework.security.web.FilterChainProxy.doFilter(FilterChainProxy.java:191)
	at org.springframework.web.filter.DelegatingFilterProxy.invokeDelegate(DelegatingFilterProxy.java:352)
	at org.springframework.web.filter.DelegatingFilterProxy.doFilter(DelegatingFilterProxy.java:268)
	at org.apache.catalina.core.ApplicationFilterChain.internalDoFilter(ApplicationFilterChain.java:174)
	at org.apache.catalina.core.ApplicationFilterChain.doFilter(ApplicationFilterChain.java:149)
	at org.springframework.web.filter.RequestContextFilter.doFilterInternal(RequestContextFilter.java:100)
	at org.springframework.web.filter.OncePerRequestFilter.doFilter(OncePerRequestFilter.java:116)
	at org.apache.catalina.core.ApplicationFilterChain.internalDoFilter(ApplicationFilterChain.java:174)
	at org.apache.catalina.core.ApplicationFilterChain.doFilter(ApplicationFilterChain.java:149)
	at org.springframework.web.filter.FormContentFilter.doFilterInternal(FormContentFilter.java:93)
	at org.springframework.web.filter.OncePerRequestFilter.doFilter(OncePerRequestFilter.java:116)
	at org.apache.catalina.core.ApplicationFilterChain.internalDoFilter(ApplicationFilterChain.java:174)
	at org.apache.catalina.core.ApplicationFilterChain.doFilter(ApplicationFilterChain.java:149)
	at org.springframework.web.filter.CharacterEncodingFilter.doFilterInternal(CharacterEncodingFilter.java:201)
	at org.springframework.web.filter.OncePerRequestFilter.doFilter(OncePerRequestFilter.java:116)
	at org.apache.catalina.core.ApplicationFilterChain.internalDoFilter(ApplicationFilterChain.java:174)
	at org.apache.catalina.core.ApplicationFilterChain.doFilter(ApplicationFilterChain.java:149)
	at org.apache.catalina.core.StandardWrapperValve.invoke(StandardWrapperValve.java:167)
	at org.apache.catalina.core.StandardContextValve.invoke(StandardContextValve.java:90)
	at org.apache.catalina.authenticator.AuthenticatorBase.invoke(AuthenticatorBase.java:482)
	at org.apache.catalina.core.StandardHostValve.invoke(StandardHostValve.java:115)
	at org.apache.catalina.valves.ErrorReportValve.invoke(ErrorReportValve.java:93)
	at org.apache.catalina.core.StandardEngineValve.invoke(StandardEngineValve.java:74)
	at org.apache.catalina.connector.CoyoteAdapter.service(CoyoteAdapter.java:341)
	at org.apache.coyote.http11.Http11Processor.service(Http11Processor.java:391)
	at org.apache.coyote.AbstractProcessorLight.process(AbstractProcessorLight.java:63)
	at org.apache.coyote.AbstractProtocol$ConnectionHandler.process(AbstractProtocol.java:894)
	at org.apache.tomcat.util.net.NioEndpoint$SocketProcessor.doRun(NioEndpoint.java:1740)
	at org.apache.tomcat.util.net.SocketProcessorBase.run(SocketProcessorBase.java:52)
	at org.apache.tomcat.util.threads.ThreadPoolExecutor.runWorker(ThreadPoolExecutor.java:1191)
	at org.apache.tomcat.util.threads.ThreadPoolExecutor$Worker.run(ThreadPoolExecutor.java:659)
	at org.apache.tomcat.util.threads.TaskThread$WrappingRunnable.run(TaskThread.java:61)
	at java.base/java.lang.Thread.run(Thread.java:833)
Caused by: org.hibernate.exception.ConstraintViolationException: could not execute statement [Duplicate entry 'country@gmail.com' for key 'user.UK_ob8kqyqqgmefl0aco34akdtpe'] [update user set age=?,country_id=?,deleted_at=?,email=?,fullname=?,gender=?,password=?,phone=?,place=?,status=?,updatedat=? where userid=?]
	at org.hibernate.exception.internal.SQLExceptionTypeDelegate.convert(SQLExceptionTypeDelegate.java:60)
	at org.hibernate.exception.internal.StandardSQLExceptionConverter.convert(StandardSQLExceptionConverter.java:56)
	at org.hibernate.engine.jdbc.spi.SqlExceptionHelper.convert(SqlExceptionHelper.java:108)
	at org.hibernate.engine.jdbc.internal.ResultSetReturnImpl.executeUpdate(ResultSetReturnImpl.java:278)
	at org.hibernate.engine.jdbc.mutation.internal.AbstractMutationExecutor.performNonBatchedMutation(AbstractMutationExecutor.java:107)
	at org.hibernate.engine.jdbc.mutation.internal.MutationExecutorSingleNonBatched.performNonBatchedOperations(MutationExecutorSingleNonBatched.java:40)
	at org.hibernate.engine.jdbc.mutation.internal.AbstractMutationExecutor.execute(AbstractMutationExecutor.java:52)
	at org.hibernate.persister.entity.mutation.UpdateCoordinatorStandard.doStaticUpdate(UpdateCoordinatorStandard.java:771)
	at org.hibernate.persister.entity.mutation.UpdateCoordinatorStandard.performUpdate(UpdateCoordinatorStandard.java:327)
	at org.hibernate.persister.entity.mutation.UpdateCoordinatorStandard.coordinateUpdate(UpdateCoordinatorStandard.java:244)
	at org.hibernate.persister.entity.AbstractEntityPersister.update(AbstractEntityPersister.java:2748)
	at org.hibernate.action.internal.EntityUpdateAction.execute(EntityUpdateAction.java:166)
	at org.hibernate.engine.spi.ActionQueue.executeActions(ActionQueue.java:635)
	at org.hibernate.engine.spi.ActionQueue.executeActions(ActionQueue.java:502)
	at org.hibernate.event.internal.AbstractFlushingEventListener.performExecutions(AbstractFlushingEventListener.java:358)
	at org.hibernate.event.internal.DefaultFlushEventListener.onFlush(DefaultFlushEventListener.java:39)
	at org.hibernate.event.service.internal.EventListenerGroupImpl.fireEventOnEachListener(EventListenerGroupImpl.java:127)
	at org.hibernate.internal.SessionImpl.doFlush(SessionImpl.java:1412)
	at org.hibernate.internal.SessionImpl.managedFlush(SessionImpl.java:485)
	at org.hibernate.internal.SessionImpl.flushBeforeTransactionCompletion(SessionImpl.java:2301)
	at org.hibernate.internal.SessionImpl.beforeTransactionCompletion(SessionImpl.java:1966)
	at org.hibernate.engine.jdbc.internal.JdbcCoordinatorImpl.beforeTransactionCompletion(JdbcCoordinatorImpl.java:439)
	at org.hibernate.resource.transaction.backend.jdbc.internal.JdbcResourceLocalTransactionCoordinatorImpl.beforeCompletionCallback(JdbcResourceLocalTransactionCoordinatorImpl.java:169)
	at org.hibernate.resource.transaction.backend.jdbc.internal.JdbcResourceLocalTransactionCoordinatorImpl$TransactionDriverControlImpl.commit(JdbcResourceLocalTransactionCoordinatorImpl.java:267)
	at org.hibernate.engine.transaction.internal.TransactionImpl.commit(TransactionImpl.java:101)
	at org.springframework.orm.jpa.JpaTransactionManager.doCommit(JpaTransactionManager.java:561)
	... 110 common frames omitted
Caused by: java.sql.SQLIntegrityConstraintViolationException: Duplicate entry 'country@gmail.com' for key 'user.UK_ob8kqyqqgmefl0aco34akdtpe'
	at com.mysql.cj.jdbc.exceptions.SQLError.createSQLException(SQLError.java:118)
	at com.mysql.cj.jdbc.exceptions.SQLExceptionsMapping.translateException(SQLExceptionsMapping.java:122)
	at com.mysql.cj.jdbc.ClientPreparedStatement.executeInternal(ClientPreparedStatement.java:916)
	at com.mysql.cj.jdbc.ClientPreparedStatement.executeUpdateInternal(ClientPreparedStatement.java:1061)
	at com.mysql.cj.jdbc.ClientPreparedStatement.executeUpdateInternal(ClientPreparedStatement.java:1009)
	at com.mysql.cj.jdbc.ClientPreparedStatement.executeLargeUpdate(ClientPreparedStatement.java:1320)
	at com.mysql.cj.jdbc.ClientPreparedStatement.executeUpdate(ClientPreparedStatement.java:994)
	at com.zaxxer.hikari.pool.ProxyPreparedStatement.executeUpdate(ProxyPreparedStatement.java:61)
	at com.zaxxer.hikari.pool.HikariProxyPreparedStatement.executeUpdate(HikariProxyPreparedStatement.java)
	at org.hibernate.engine.jdbc.internal.ResultSetReturnImpl.executeUpdate(ResultSetReturnImpl.java:275)
	... 132 common frames omitted
2025-02-17 12:40:56 [http-nio-8080-exec-10] INFO  c.s.campaignapi.service.UserService - Updating user with ID: 4
2025-02-17 12:41:12 [http-nio-8080-exec-1] INFO  c.s.campaignapi.service.UserService - Updating user with ID: 4
2025-02-17 12:45:44 [background-preinit] INFO  o.h.validator.internal.util.Version - HV000001: Hibernate Validator 7.0.0.Final
2025-02-17 12:45:44 [main] INFO  c.s.c.CampaignApiApplication - Starting CampaignApiApplication using Java 17.0.8.1 with PID 13168 (D:\project\camp-api\campaignapi\target\classes started by shibi in D:\project\camp-api\campaignapi)
2025-02-17 12:45:44 [main] INFO  c.s.c.CampaignApiApplication - No active profile set, falling back to 1 default profile: "default"
2025-02-17 12:45:45 [main] INFO  o.s.d.r.c.RepositoryConfigurationDelegate - Bootstrapping Spring Data JPA repositories in DEFAULT mode.
2025-02-17 12:45:45 [main] INFO  o.s.d.r.c.RepositoryConfigurationDelegate - Finished Spring Data repository scanning in 87 ms. Found 9 JPA repository interfaces.
2025-02-17 12:45:45 [main] INFO  o.s.b.w.e.tomcat.TomcatWebServer - Tomcat initialized with port(s): 8080 (http)
2025-02-17 12:45:45 [main] INFO  o.a.coyote.http11.Http11NioProtocol - Initializing ProtocolHandler ["http-nio-8080"]
2025-02-17 12:45:45 [main] INFO  o.a.catalina.core.StandardService - Starting service [Tomcat]
2025-02-17 12:45:45 [main] INFO  o.a.catalina.core.StandardEngine - Starting Servlet engine: [Apache Tomcat/10.1.13]
2025-02-17 12:45:46 [main] INFO  o.a.c.c.C.[.[localhost].[/api] - Initializing Spring embedded WebApplicationContext
2025-02-17 12:45:46 [main] INFO  o.s.b.w.s.c.ServletWebServerApplicationContext - Root WebApplicationContext: initialization completed in 1583 ms
2025-02-17 12:45:46 [main] INFO  o.h.jpa.internal.util.LogHelper - HHH000204: Processing PersistenceUnitInfo [name: default]
2025-02-17 12:45:46 [main] INFO  org.hibernate.Version - HHH000412: Hibernate ORM core version 6.2.9.Final
2025-02-17 12:45:46 [main] INFO  org.hibernate.cfg.Environment - HHH000406: Using bytecode reflection optimizer
2025-02-17 12:45:46 [main] INFO  o.h.b.i.BytecodeProviderInitiator - HHH000021: Bytecode provider name : bytebuddy
2025-02-17 12:45:46 [main] INFO  o.s.o.j.p.SpringPersistenceUnitInfo - No LoadTimeWeaver setup: ignoring JPA class transformer
2025-02-17 12:45:46 [main] INFO  com.zaxxer.hikari.HikariDataSource - HikariPool-1 - Starting...
2025-02-17 12:45:46 [main] INFO  com.zaxxer.hikari.pool.HikariPool - HikariPool-1 - Added connection com.mysql.cj.jdbc.ConnectionImpl@32f308c6
2025-02-17 12:45:46 [main] INFO  com.zaxxer.hikari.HikariDataSource - HikariPool-1 - Start completed.
2025-02-17 12:45:47 [main] INFO  o.h.b.i.BytecodeProviderInitiator - HHH000021: Bytecode provider name : bytebuddy
2025-02-17 12:45:47 [main] INFO  o.h.e.t.j.p.i.JtaPlatformInitiator - HHH000490: Using JtaPlatform implementation: [org.hibernate.engine.transaction.jta.platform.internal.NoJtaPlatform]
2025-02-17 12:45:48 [main] INFO  o.s.o.j.LocalContainerEntityManagerFactoryBean - Initialized JPA EntityManagerFactory for persistence unit 'default'
2025-02-17 12:45:48 [main] INFO  c.s.c.config.FirebaseConfig - Firebase initialized successfully.
2025-02-17 12:45:48 [main] INFO  c.s.c.service.AuthenticationService - AuthenticationService initialized.
2025-02-17 12:45:48 [main] INFO  o.s.b.f.a.AutowiredAnnotationBeanPostProcessor - Autowired annotation is not supported on static fields: private static final org.slf4j.Logger com.shiel.campaignapi.service.BookingService.logger
2025-02-17 12:45:48 [main] INFO  org.quartz.impl.StdSchedulerFactory - Using default implementation for ThreadExecutor
2025-02-17 12:45:49 [main] INFO  o.quartz.core.SchedulerSignalerImpl - Initialized Scheduler Signaller of type: class org.quartz.core.SchedulerSignalerImpl
2025-02-17 12:45:49 [main] INFO  org.quartz.core.QuartzScheduler - Quartz Scheduler v.2.3.2 created.
2025-02-17 12:45:49 [main] INFO  org.quartz.simpl.RAMJobStore - RAMJobStore initialized.
2025-02-17 12:45:49 [main] INFO  org.quartz.core.QuartzScheduler - Scheduler meta-data: Quartz Scheduler (v2.3.2) 'MeetingScheduler' with instanceId 'NON_CLUSTERED'
  Scheduler class: 'org.quartz.core.QuartzScheduler' - running locally.
  NOT STARTED.
  Currently in standby mode.
  Number of jobs executed: 0
  Using thread pool 'org.quartz.simpl.SimpleThreadPool' - with 10 threads.
  Using job-store 'org.quartz.simpl.RAMJobStore' - which does not support persistence. and is not clustered.

2025-02-17 12:45:49 [main] INFO  org.quartz.impl.StdSchedulerFactory - Quartz scheduler 'MeetingScheduler' initialized from an externally provided properties instance.
2025-02-17 12:45:49 [main] INFO  org.quartz.impl.StdSchedulerFactory - Quartz scheduler version: 2.3.2
2025-02-17 12:45:49 [main] INFO  org.quartz.core.QuartzScheduler - JobFactory set to: org.springframework.scheduling.quartz.SpringBeanJobFactory@22781286
2025-02-17 12:45:49 [main] INFO  o.s.s.web.DefaultSecurityFilterChain - Will secure any request with [org.springframework.security.web.session.DisableEncodeUrlFilter@bda4cbe, org.springframework.security.web.context.request.async.WebAsyncManagerIntegrationFilter@24df4805, org.springframework.security.web.context.SecurityContextHolderFilter@58f259bd, org.springframework.security.web.header.HeaderWriterFilter@5232cec1, org.springframework.security.web.authentication.logout.LogoutFilter@5ed6a36a, com.shiel.campaignapi.config.JwtAuthenticationFilter@4807b2b7, org.springframework.security.web.savedrequest.RequestCacheAwareFilter@4075c0d8, org.springframework.security.web.servletapi.SecurityContextHolderAwareRequestFilter@2cc9a5a2, org.springframework.security.web.authentication.AnonymousAuthenticationFilter@3bbc8c82, org.springframework.security.web.session.SessionManagementFilter@24c94e95, org.springframework.security.web.access.ExceptionTranslationFilter@1e11d73c, org.springframework.security.web.access.intercept.AuthorizationFilter@2591477f]
2025-02-17 12:45:49 [main] INFO  o.a.coyote.http11.Http11NioProtocol - Starting ProtocolHandler ["http-nio-8080"]
2025-02-17 12:45:49 [main] INFO  o.s.b.w.e.tomcat.TomcatWebServer - Tomcat started on port(s): 8080 (http) with context path '/api'
2025-02-17 12:45:49 [main] INFO  o.s.s.quartz.SchedulerFactoryBean - Starting Quartz Scheduler now
2025-02-17 12:45:49 [main] INFO  org.quartz.core.QuartzScheduler - Scheduler MeetingScheduler_$_NON_CLUSTERED started.
2025-02-17 12:45:49 [main] INFO  c.s.c.CampaignApiApplication - Started CampaignApiApplication in 5.735 seconds (process running for 6.623)
2025-02-17 12:46:02 [http-nio-8080-exec-1] INFO  o.a.c.c.C.[.[localhost].[/api] - Initializing Spring DispatcherServlet 'dispatcherServlet'
2025-02-17 12:46:02 [http-nio-8080-exec-1] INFO  o.s.web.servlet.DispatcherServlet - Initializing Servlet 'dispatcherServlet'
2025-02-17 12:46:02 [http-nio-8080-exec-1] INFO  o.s.web.servlet.DispatcherServlet - Completed initialization in 3 ms
2025-02-17 12:46:02 [http-nio-8080-exec-1] INFO  c.s.campaignapi.service.UserService - Updating user with ID: 4
2025-02-17 12:46:10 [http-nio-8080-exec-3] INFO  c.s.campaignapi.service.UserService - Updating user with ID: 4
2025-02-17 12:49:06 [background-preinit] INFO  o.h.validator.internal.util.Version - HV000001: Hibernate Validator 7.0.0.Final
2025-02-17 12:49:06 [main] INFO  c.s.c.CampaignApiApplication - Starting CampaignApiApplication using Java 17.0.8.1 with PID 12664 (D:\project\camp-api\campaignapi\target\classes started by shibi in D:\project\camp-api\campaignapi)
2025-02-17 12:49:06 [main] INFO  c.s.c.CampaignApiApplication - No active profile set, falling back to 1 default profile: "default"
2025-02-17 12:49:06 [main] INFO  o.s.d.r.c.RepositoryConfigurationDelegate - Bootstrapping Spring Data JPA repositories in DEFAULT mode.
2025-02-17 12:49:07 [main] INFO  o.s.d.r.c.RepositoryConfigurationDelegate - Finished Spring Data repository scanning in 99 ms. Found 9 JPA repository interfaces.
2025-02-17 12:49:07 [main] INFO  o.s.b.w.e.tomcat.TomcatWebServer - Tomcat initialized with port(s): 8080 (http)
2025-02-17 12:49:07 [main] INFO  o.a.coyote.http11.Http11NioProtocol - Initializing ProtocolHandler ["http-nio-8080"]
2025-02-17 12:49:07 [main] INFO  o.a.catalina.core.StandardService - Starting service [Tomcat]
2025-02-17 12:49:07 [main] INFO  o.a.catalina.core.StandardEngine - Starting Servlet engine: [Apache Tomcat/10.1.13]
2025-02-17 12:49:07 [main] INFO  o.a.c.c.C.[.[localhost].[/api] - Initializing Spring embedded WebApplicationContext
2025-02-17 12:49:07 [main] INFO  o.s.b.w.s.c.ServletWebServerApplicationContext - Root WebApplicationContext: initialization completed in 1576 ms
2025-02-17 12:49:07 [main] INFO  o.h.jpa.internal.util.LogHelper - HHH000204: Processing PersistenceUnitInfo [name: default]
2025-02-17 12:49:07 [main] INFO  org.hibernate.Version - HHH000412: Hibernate ORM core version 6.2.9.Final
2025-02-17 12:49:07 [main] INFO  org.hibernate.cfg.Environment - HHH000406: Using bytecode reflection optimizer
2025-02-17 12:49:08 [main] INFO  o.h.b.i.BytecodeProviderInitiator - HHH000021: Bytecode provider name : bytebuddy
2025-02-17 12:49:08 [main] INFO  o.s.o.j.p.SpringPersistenceUnitInfo - No LoadTimeWeaver setup: ignoring JPA class transformer
2025-02-17 12:49:08 [main] INFO  com.zaxxer.hikari.HikariDataSource - HikariPool-1 - Starting...
2025-02-17 12:49:08 [main] INFO  com.zaxxer.hikari.pool.HikariPool - HikariPool-1 - Added connection com.mysql.cj.jdbc.ConnectionImpl@716ae973
2025-02-17 12:49:08 [main] INFO  com.zaxxer.hikari.HikariDataSource - HikariPool-1 - Start completed.
2025-02-17 12:49:08 [main] INFO  o.h.b.i.BytecodeProviderInitiator - HHH000021: Bytecode provider name : bytebuddy
2025-02-17 12:49:09 [main] INFO  o.h.e.t.j.p.i.JtaPlatformInitiator - HHH000490: Using JtaPlatform implementation: [org.hibernate.engine.transaction.jta.platform.internal.NoJtaPlatform]
2025-02-17 12:49:09 [main] INFO  o.s.o.j.LocalContainerEntityManagerFactoryBean - Initialized JPA EntityManagerFactory for persistence unit 'default'
2025-02-17 12:49:10 [main] INFO  c.s.c.config.FirebaseConfig - Firebase initialized successfully.
2025-02-17 12:49:10 [main] INFO  c.s.c.service.AuthenticationService - AuthenticationService initialized.
2025-02-17 12:49:10 [main] INFO  o.s.b.f.a.AutowiredAnnotationBeanPostProcessor - Autowired annotation is not supported on static fields: private static final org.slf4j.Logger com.shiel.campaignapi.service.BookingService.logger
2025-02-17 12:49:10 [main] INFO  org.quartz.impl.StdSchedulerFactory - Using default implementation for ThreadExecutor
2025-02-17 12:49:10 [main] INFO  o.quartz.core.SchedulerSignalerImpl - Initialized Scheduler Signaller of type: class org.quartz.core.SchedulerSignalerImpl
2025-02-17 12:49:10 [main] INFO  org.quartz.core.QuartzScheduler - Quartz Scheduler v.2.3.2 created.
2025-02-17 12:49:10 [main] INFO  org.quartz.simpl.RAMJobStore - RAMJobStore initialized.
2025-02-17 12:49:10 [main] INFO  org.quartz.core.QuartzScheduler - Scheduler meta-data: Quartz Scheduler (v2.3.2) 'MeetingScheduler' with instanceId 'NON_CLUSTERED'
  Scheduler class: 'org.quartz.core.QuartzScheduler' - running locally.
  NOT STARTED.
  Currently in standby mode.
  Number of jobs executed: 0
  Using thread pool 'org.quartz.simpl.SimpleThreadPool' - with 10 threads.
  Using job-store 'org.quartz.simpl.RAMJobStore' - which does not support persistence. and is not clustered.

2025-02-17 12:49:10 [main] INFO  org.quartz.impl.StdSchedulerFactory - Quartz scheduler 'MeetingScheduler' initialized from an externally provided properties instance.
2025-02-17 12:49:10 [main] INFO  org.quartz.impl.StdSchedulerFactory - Quartz scheduler version: 2.3.2
2025-02-17 12:49:10 [main] INFO  org.quartz.core.QuartzScheduler - JobFactory set to: org.springframework.scheduling.quartz.SpringBeanJobFactory@639d808a
2025-02-17 12:49:10 [main] INFO  o.s.s.web.DefaultSecurityFilterChain - Will secure any request with [org.springframework.security.web.session.DisableEncodeUrlFilter@1150b923, org.springframework.security.web.context.request.async.WebAsyncManagerIntegrationFilter@54c2cfc9, org.springframework.security.web.context.SecurityContextHolderFilter@2c5e2a44, org.springframework.security.web.header.HeaderWriterFilter@28ab7ffb, org.springframework.security.web.authentication.logout.LogoutFilter@524945e2, com.shiel.campaignapi.config.JwtAuthenticationFilter@5b9ca528, org.springframework.security.web.savedrequest.RequestCacheAwareFilter@4caca86d, org.springframework.security.web.servletapi.SecurityContextHolderAwareRequestFilter@d8f65a1, org.springframework.security.web.authentication.AnonymousAuthenticationFilter@3d9dc84d, org.springframework.security.web.session.SessionManagementFilter@ac71bd7, org.springframework.security.web.access.ExceptionTranslationFilter@3aa4d595, org.springframework.security.web.access.intercept.AuthorizationFilter@200cbb63]
2025-02-17 12:49:11 [main] INFO  o.a.coyote.http11.Http11NioProtocol - Starting ProtocolHandler ["http-nio-8080"]
2025-02-17 12:49:11 [main] INFO  o.s.b.w.e.tomcat.TomcatWebServer - Tomcat started on port(s): 8080 (http) with context path '/api'
2025-02-17 12:49:11 [main] INFO  o.s.s.quartz.SchedulerFactoryBean - Starting Quartz Scheduler now
2025-02-17 12:49:11 [main] INFO  org.quartz.core.QuartzScheduler - Scheduler MeetingScheduler_$_NON_CLUSTERED started.
2025-02-17 12:49:11 [main] INFO  c.s.c.CampaignApiApplication - Started CampaignApiApplication in 5.67 seconds (process running for 6.566)
2025-02-17 12:49:24 [http-nio-8080-exec-1] INFO  o.a.c.c.C.[.[localhost].[/api] - Initializing Spring DispatcherServlet 'dispatcherServlet'
2025-02-17 12:49:24 [http-nio-8080-exec-1] INFO  o.s.web.servlet.DispatcherServlet - Initializing Servlet 'dispatcherServlet'
2025-02-17 12:49:24 [http-nio-8080-exec-1] INFO  o.s.web.servlet.DispatcherServlet - Completed initialization in 2 ms
2025-02-17 12:49:24 [http-nio-8080-exec-1] INFO  c.s.campaignapi.service.UserService - Updating user with ID: 4
2025-02-17 12:51:13 [http-nio-8080-exec-7] INFO  c.s.campaignapi.service.UserService - Updating user with ID: 4
2025-02-17 12:52:29 [background-preinit] INFO  o.h.validator.internal.util.Version - HV000001: Hibernate Validator 7.0.0.Final
2025-02-17 12:52:29 [main] INFO  c.s.c.CampaignApiApplication - Starting CampaignApiApplication using Java 17.0.8.1 with PID 10764 (D:\project\camp-api\campaignapi\target\classes started by shibi in D:\project\camp-api\campaignapi)
2025-02-17 12:52:29 [main] INFO  c.s.c.CampaignApiApplication - No active profile set, falling back to 1 default profile: "default"
2025-02-17 12:52:30 [main] INFO  o.s.d.r.c.RepositoryConfigurationDelegate - Bootstrapping Spring Data JPA repositories in DEFAULT mode.
2025-02-17 12:52:30 [main] INFO  o.s.d.r.c.RepositoryConfigurationDelegate - Finished Spring Data repository scanning in 96 ms. Found 9 JPA repository interfaces.
2025-02-17 12:52:31 [main] INFO  o.s.b.w.e.tomcat.TomcatWebServer - Tomcat initialized with port(s): 8080 (http)
2025-02-17 12:52:31 [main] INFO  o.a.coyote.http11.Http11NioProtocol - Initializing ProtocolHandler ["http-nio-8080"]
2025-02-17 12:52:31 [main] INFO  o.a.catalina.core.StandardService - Starting service [Tomcat]
2025-02-17 12:52:31 [main] INFO  o.a.catalina.core.StandardEngine - Starting Servlet engine: [Apache Tomcat/10.1.13]
2025-02-17 12:52:31 [main] INFO  o.a.c.c.C.[.[localhost].[/api] - Initializing Spring embedded WebApplicationContext
2025-02-17 12:52:31 [main] INFO  o.s.b.w.s.c.ServletWebServerApplicationContext - Root WebApplicationContext: initialization completed in 1788 ms
2025-02-17 12:52:31 [main] INFO  o.h.jpa.internal.util.LogHelper - HHH000204: Processing PersistenceUnitInfo [name: default]
2025-02-17 12:52:31 [main] INFO  org.hibernate.Version - HHH000412: Hibernate ORM core version 6.2.9.Final
2025-02-17 12:52:31 [main] INFO  org.hibernate.cfg.Environment - HHH000406: Using bytecode reflection optimizer
2025-02-17 12:52:31 [main] INFO  o.h.b.i.BytecodeProviderInitiator - HHH000021: Bytecode provider name : bytebuddy
2025-02-17 12:52:31 [main] INFO  o.s.o.j.p.SpringPersistenceUnitInfo - No LoadTimeWeaver setup: ignoring JPA class transformer
2025-02-17 12:52:31 [main] INFO  com.zaxxer.hikari.HikariDataSource - HikariPool-1 - Starting...
2025-02-17 12:52:32 [main] INFO  com.zaxxer.hikari.pool.HikariPool - HikariPool-1 - Added connection com.mysql.cj.jdbc.ConnectionImpl@19f497aa
2025-02-17 12:52:32 [main] INFO  com.zaxxer.hikari.HikariDataSource - HikariPool-1 - Start completed.
2025-02-17 12:52:32 [main] INFO  o.h.b.i.BytecodeProviderInitiator - HHH000021: Bytecode provider name : bytebuddy
2025-02-17 12:52:33 [main] INFO  o.h.e.t.j.p.i.JtaPlatformInitiator - HHH000490: Using JtaPlatform implementation: [org.hibernate.engine.transaction.jta.platform.internal.NoJtaPlatform]
2025-02-17 12:52:33 [main] INFO  o.s.o.j.LocalContainerEntityManagerFactoryBean - Initialized JPA EntityManagerFactory for persistence unit 'default'
2025-02-17 12:52:34 [main] INFO  c.s.c.config.FirebaseConfig - Firebase initialized successfully.
2025-02-17 12:52:34 [main] INFO  c.s.c.service.AuthenticationService - AuthenticationService initialized.
2025-02-17 12:52:34 [main] INFO  o.s.b.f.a.AutowiredAnnotationBeanPostProcessor - Autowired annotation is not supported on static fields: private static final org.slf4j.Logger com.shiel.campaignapi.service.BookingService.logger
2025-02-17 12:52:34 [main] INFO  org.quartz.impl.StdSchedulerFactory - Using default implementation for ThreadExecutor
2025-02-17 12:52:34 [main] INFO  o.quartz.core.SchedulerSignalerImpl - Initialized Scheduler Signaller of type: class org.quartz.core.SchedulerSignalerImpl
2025-02-17 12:52:34 [main] INFO  org.quartz.core.QuartzScheduler - Quartz Scheduler v.2.3.2 created.
2025-02-17 12:52:34 [main] INFO  org.quartz.simpl.RAMJobStore - RAMJobStore initialized.
2025-02-17 12:52:34 [main] INFO  org.quartz.core.QuartzScheduler - Scheduler meta-data: Quartz Scheduler (v2.3.2) 'MeetingScheduler' with instanceId 'NON_CLUSTERED'
  Scheduler class: 'org.quartz.core.QuartzScheduler' - running locally.
  NOT STARTED.
  Currently in standby mode.
  Number of jobs executed: 0
  Using thread pool 'org.quartz.simpl.SimpleThreadPool' - with 10 threads.
  Using job-store 'org.quartz.simpl.RAMJobStore' - which does not support persistence. and is not clustered.

2025-02-17 12:52:34 [main] INFO  org.quartz.impl.StdSchedulerFactory - Quartz scheduler 'MeetingScheduler' initialized from an externally provided properties instance.
2025-02-17 12:52:34 [main] INFO  org.quartz.impl.StdSchedulerFactory - Quartz scheduler version: 2.3.2
2025-02-17 12:52:34 [main] INFO  org.quartz.core.QuartzScheduler - JobFactory set to: org.springframework.scheduling.quartz.SpringBeanJobFactory@1b079e81
2025-02-17 12:52:35 [main] INFO  o.s.s.web.DefaultSecurityFilterChain - Will secure any request with [org.springframework.security.web.session.DisableEncodeUrlFilter@6ee34fe4, org.springframework.security.web.context.request.async.WebAsyncManagerIntegrationFilter@5aa0e9c6, org.springframework.security.web.context.SecurityContextHolderFilter@32cfd722, org.springframework.security.web.header.HeaderWriterFilter@7e3b101b, org.springframework.security.web.authentication.logout.LogoutFilter@58052571, com.shiel.campaignapi.config.JwtAuthenticationFilter@430dbcb0, org.springframework.security.web.savedrequest.RequestCacheAwareFilter@4ff3ca23, org.springframework.security.web.servletapi.SecurityContextHolderAwareRequestFilter@1b5a3bba, org.springframework.security.web.authentication.AnonymousAuthenticationFilter@57dd4bc9, org.springframework.security.web.session.SessionManagementFilter@25bfc558, org.springframework.security.web.access.ExceptionTranslationFilter@440d45c5, org.springframework.security.web.access.intercept.AuthorizationFilter@6965c32]
2025-02-17 12:52:35 [main] INFO  o.a.coyote.http11.Http11NioProtocol - Starting ProtocolHandler ["http-nio-8080"]
2025-02-17 12:52:35 [main] INFO  o.s.b.w.e.tomcat.TomcatWebServer - Tomcat started on port(s): 8080 (http) with context path '/api'
2025-02-17 12:52:35 [main] INFO  o.s.s.quartz.SchedulerFactoryBean - Starting Quartz Scheduler now
2025-02-17 12:52:35 [main] INFO  org.quartz.core.QuartzScheduler - Scheduler MeetingScheduler_$_NON_CLUSTERED started.
2025-02-17 12:52:35 [main] INFO  c.s.c.CampaignApiApplication - Started CampaignApiApplication in 6.427 seconds (process running for 7.874)
2025-02-17 12:52:47 [background-preinit] INFO  o.h.validator.internal.util.Version - HV000001: Hibernate Validator 7.0.0.Final
2025-02-17 12:52:47 [main] INFO  c.s.c.CampaignApiApplication - Starting CampaignApiApplication using Java 17.0.8.1 with PID 10728 (D:\project\camp-api\campaignapi\target\classes started by shibi in D:\project\camp-api\campaignapi)
2025-02-17 12:52:47 [main] INFO  c.s.c.CampaignApiApplication - No active profile set, falling back to 1 default profile: "default"
2025-02-17 12:52:48 [main] INFO  o.s.d.r.c.RepositoryConfigurationDelegate - Bootstrapping Spring Data JPA repositories in DEFAULT mode.
2025-02-17 12:52:48 [main] INFO  o.s.d.r.c.RepositoryConfigurationDelegate - Finished Spring Data repository scanning in 96 ms. Found 9 JPA repository interfaces.
2025-02-17 12:52:49 [main] INFO  o.s.b.w.e.tomcat.TomcatWebServer - Tomcat initialized with port(s): 8080 (http)
2025-02-17 12:52:49 [main] INFO  o.a.coyote.http11.Http11NioProtocol - Initializing ProtocolHandler ["http-nio-8080"]
2025-02-17 12:52:49 [main] INFO  o.a.catalina.core.StandardService - Starting service [Tomcat]
2025-02-17 12:52:49 [main] INFO  o.a.catalina.core.StandardEngine - Starting Servlet engine: [Apache Tomcat/10.1.13]
2025-02-17 12:52:49 [main] INFO  o.a.c.c.C.[.[localhost].[/api] - Initializing Spring embedded WebApplicationContext
2025-02-17 12:52:49 [main] INFO  o.s.b.w.s.c.ServletWebServerApplicationContext - Root WebApplicationContext: initialization completed in 1710 ms
2025-02-17 12:52:49 [main] INFO  o.h.jpa.internal.util.LogHelper - HHH000204: Processing PersistenceUnitInfo [name: default]
2025-02-17 12:52:49 [main] INFO  org.hibernate.Version - HHH000412: Hibernate ORM core version 6.2.9.Final
2025-02-17 12:52:49 [main] INFO  org.hibernate.cfg.Environment - HHH000406: Using bytecode reflection optimizer
2025-02-17 12:52:49 [main] INFO  o.h.b.i.BytecodeProviderInitiator - HHH000021: Bytecode provider name : bytebuddy
2025-02-17 12:52:49 [main] INFO  o.s.o.j.p.SpringPersistenceUnitInfo - No LoadTimeWeaver setup: ignoring JPA class transformer
2025-02-17 12:52:49 [main] INFO  com.zaxxer.hikari.HikariDataSource - HikariPool-1 - Starting...
2025-02-17 12:52:49 [main] INFO  com.zaxxer.hikari.pool.HikariPool - HikariPool-1 - Added connection com.mysql.cj.jdbc.ConnectionImpl@9147ba2
2025-02-17 12:52:49 [main] INFO  com.zaxxer.hikari.HikariDataSource - HikariPool-1 - Start completed.
2025-02-17 12:52:50 [main] INFO  o.h.b.i.BytecodeProviderInitiator - HHH000021: Bytecode provider name : bytebuddy
2025-02-17 12:52:51 [main] INFO  o.h.e.t.j.p.i.JtaPlatformInitiator - HHH000490: Using JtaPlatform implementation: [org.hibernate.engine.transaction.jta.platform.internal.NoJtaPlatform]
2025-02-17 12:52:51 [main] INFO  o.s.o.j.LocalContainerEntityManagerFactoryBean - Initialized JPA EntityManagerFactory for persistence unit 'default'
2025-02-17 12:52:52 [main] INFO  c.s.c.config.FirebaseConfig - Firebase initialized successfully.
2025-02-17 12:52:52 [main] INFO  c.s.c.service.AuthenticationService - AuthenticationService initialized.
2025-02-17 12:52:52 [main] INFO  o.s.b.f.a.AutowiredAnnotationBeanPostProcessor - Autowired annotation is not supported on static fields: private static final org.slf4j.Logger com.shiel.campaignapi.service.BookingService.logger
2025-02-17 12:52:52 [main] INFO  org.quartz.impl.StdSchedulerFactory - Using default implementation for ThreadExecutor
2025-02-17 12:52:52 [main] INFO  o.quartz.core.SchedulerSignalerImpl - Initialized Scheduler Signaller of type: class org.quartz.core.SchedulerSignalerImpl
2025-02-17 12:52:52 [main] INFO  org.quartz.core.QuartzScheduler - Quartz Scheduler v.2.3.2 created.
2025-02-17 12:52:52 [main] INFO  org.quartz.simpl.RAMJobStore - RAMJobStore initialized.
2025-02-17 12:52:52 [main] INFO  org.quartz.core.QuartzScheduler - Scheduler meta-data: Quartz Scheduler (v2.3.2) 'MeetingScheduler' with instanceId 'NON_CLUSTERED'
  Scheduler class: 'org.quartz.core.QuartzScheduler' - running locally.
  NOT STARTED.
  Currently in standby mode.
  Number of jobs executed: 0
  Using thread pool 'org.quartz.simpl.SimpleThreadPool' - with 10 threads.
  Using job-store 'org.quartz.simpl.RAMJobStore' - which does not support persistence. and is not clustered.

2025-02-17 12:52:52 [main] INFO  org.quartz.impl.StdSchedulerFactory - Quartz scheduler 'MeetingScheduler' initialized from an externally provided properties instance.
2025-02-17 12:52:52 [main] INFO  org.quartz.impl.StdSchedulerFactory - Quartz scheduler version: 2.3.2
2025-02-17 12:52:52 [main] INFO  org.quartz.core.QuartzScheduler - JobFactory set to: org.springframework.scheduling.quartz.SpringBeanJobFactory@87cb1d8
2025-02-17 12:52:52 [main] INFO  o.s.s.web.DefaultSecurityFilterChain - Will secure any request with [org.springframework.security.web.session.DisableEncodeUrlFilter@33e19be9, org.springframework.security.web.context.request.async.WebAsyncManagerIntegrationFilter@6ed2aa8a, org.springframework.security.web.context.SecurityContextHolderFilter@29422e61, org.springframework.security.web.header.HeaderWriterFilter@301c0aae, org.springframework.security.web.authentication.logout.LogoutFilter@54c9c09c, com.shiel.campaignapi.config.JwtAuthenticationFilter@2f403d0a, org.springframework.security.web.savedrequest.RequestCacheAwareFilter@1b5a3bba, org.springframework.security.web.servletapi.SecurityContextHolderAwareRequestFilter@4867f5cf, org.springframework.security.web.authentication.AnonymousAuthenticationFilter@53ec379a, org.springframework.security.web.session.SessionManagementFilter@69815126, org.springframework.security.web.access.ExceptionTranslationFilter@4ca50bb9, org.springframework.security.web.access.intercept.AuthorizationFilter@5aa0e9c6]
2025-02-17 12:52:53 [main] INFO  o.a.coyote.http11.Http11NioProtocol - Starting ProtocolHandler ["http-nio-8080"]
2025-02-17 12:52:53 [main] INFO  o.s.b.w.e.tomcat.TomcatWebServer - Tomcat started on port(s): 8080 (http) with context path '/api'
2025-02-17 12:52:53 [main] INFO  o.s.s.quartz.SchedulerFactoryBean - Starting Quartz Scheduler now
2025-02-17 12:52:53 [main] INFO  org.quartz.core.QuartzScheduler - Scheduler MeetingScheduler_$_NON_CLUSTERED started.
2025-02-17 12:52:53 [main] INFO  c.s.c.CampaignApiApplication - Started CampaignApiApplication in 6.411 seconds (process running for 7.672)
2025-02-17 12:52:56 [http-nio-8080-exec-2] INFO  o.a.c.c.C.[.[localhost].[/api] - Initializing Spring DispatcherServlet 'dispatcherServlet'
2025-02-17 12:52:56 [http-nio-8080-exec-2] INFO  o.s.web.servlet.DispatcherServlet - Initializing Servlet 'dispatcherServlet'
2025-02-17 12:52:56 [http-nio-8080-exec-2] INFO  o.s.web.servlet.DispatcherServlet - Completed initialization in 1 ms
2025-02-17 12:52:56 [http-nio-8080-exec-2] INFO  c.s.campaignapi.service.UserService - Updating user with ID: 4
2025-02-17 12:53:30 [http-nio-8080-exec-4] INFO  c.s.campaignapi.service.UserService - Updating user with ID: 4
2025-02-17 12:57:09 [background-preinit] INFO  o.h.validator.internal.util.Version - HV000001: Hibernate Validator 7.0.0.Final
2025-02-17 12:57:09 [main] INFO  c.s.c.CampaignApiApplication - Starting CampaignApiApplication using Java 17.0.8.1 with PID 11544 (D:\project\camp-api\campaignapi\target\classes started by shibi in D:\project\camp-api\campaignapi)
2025-02-17 12:57:09 [main] INFO  c.s.c.CampaignApiApplication - No active profile set, falling back to 1 default profile: "default"
2025-02-17 12:57:10 [main] INFO  o.s.d.r.c.RepositoryConfigurationDelegate - Bootstrapping Spring Data JPA repositories in DEFAULT mode.
2025-02-17 12:57:10 [main] INFO  o.s.d.r.c.RepositoryConfigurationDelegate - Finished Spring Data repository scanning in 81 ms. Found 9 JPA repository interfaces.
2025-02-17 12:57:11 [main] INFO  o.s.b.w.e.tomcat.TomcatWebServer - Tomcat initialized with port(s): 8080 (http)
2025-02-17 12:57:11 [main] INFO  o.a.coyote.http11.Http11NioProtocol - Initializing ProtocolHandler ["http-nio-8080"]
2025-02-17 12:57:11 [main] INFO  o.a.catalina.core.StandardService - Starting service [Tomcat]
2025-02-17 12:57:11 [main] INFO  o.a.catalina.core.StandardEngine - Starting Servlet engine: [Apache Tomcat/10.1.13]
2025-02-17 12:57:11 [main] INFO  o.a.c.c.C.[.[localhost].[/api] - Initializing Spring embedded WebApplicationContext
2025-02-17 12:57:11 [main] INFO  o.s.b.w.s.c.ServletWebServerApplicationContext - Root WebApplicationContext: initialization completed in 1603 ms
2025-02-17 12:57:11 [main] INFO  o.h.jpa.internal.util.LogHelper - HHH000204: Processing PersistenceUnitInfo [name: default]
2025-02-17 12:57:11 [main] INFO  org.hibernate.Version - HHH000412: Hibernate ORM core version 6.2.9.Final
2025-02-17 12:57:11 [main] INFO  org.hibernate.cfg.Environment - HHH000406: Using bytecode reflection optimizer
2025-02-17 12:57:11 [main] INFO  o.h.b.i.BytecodeProviderInitiator - HHH000021: Bytecode provider name : bytebuddy
2025-02-17 12:57:12 [main] INFO  o.s.o.j.p.SpringPersistenceUnitInfo - No LoadTimeWeaver setup: ignoring JPA class transformer
2025-02-17 12:57:12 [main] INFO  com.zaxxer.hikari.HikariDataSource - HikariPool-1 - Starting...
2025-02-17 12:57:12 [main] INFO  com.zaxxer.hikari.pool.HikariPool - HikariPool-1 - Added connection com.mysql.cj.jdbc.ConnectionImpl@5f2b9da8
2025-02-17 12:57:12 [main] INFO  com.zaxxer.hikari.HikariDataSource - HikariPool-1 - Start completed.
2025-02-17 12:57:12 [main] INFO  o.h.b.i.BytecodeProviderInitiator - HHH000021: Bytecode provider name : bytebuddy
2025-02-17 12:57:13 [main] INFO  o.h.e.t.j.p.i.JtaPlatformInitiator - HHH000490: Using JtaPlatform implementation: [org.hibernate.engine.transaction.jta.platform.internal.NoJtaPlatform]
2025-02-17 12:57:13 [main] INFO  o.s.o.j.LocalContainerEntityManagerFactoryBean - Initialized JPA EntityManagerFactory for persistence unit 'default'
2025-02-17 12:57:14 [main] INFO  c.s.c.config.FirebaseConfig - Firebase initialized successfully.
2025-02-17 12:57:14 [main] INFO  c.s.c.service.AuthenticationService - AuthenticationService initialized.
2025-02-17 12:57:14 [main] INFO  o.s.b.f.a.AutowiredAnnotationBeanPostProcessor - Autowired annotation is not supported on static fields: private static final org.slf4j.Logger com.shiel.campaignapi.service.BookingService.logger
2025-02-17 12:57:14 [main] INFO  org.quartz.impl.StdSchedulerFactory - Using default implementation for ThreadExecutor
2025-02-17 12:57:14 [main] INFO  o.quartz.core.SchedulerSignalerImpl - Initialized Scheduler Signaller of type: class org.quartz.core.SchedulerSignalerImpl
2025-02-17 12:57:14 [main] INFO  org.quartz.core.QuartzScheduler - Quartz Scheduler v.2.3.2 created.
2025-02-17 12:57:14 [main] INFO  org.quartz.simpl.RAMJobStore - RAMJobStore initialized.
2025-02-17 12:57:14 [main] INFO  org.quartz.core.QuartzScheduler - Scheduler meta-data: Quartz Scheduler (v2.3.2) 'MeetingScheduler' with instanceId 'NON_CLUSTERED'
  Scheduler class: 'org.quartz.core.QuartzScheduler' - running locally.
  NOT STARTED.
  Currently in standby mode.
  Number of jobs executed: 0
  Using thread pool 'org.quartz.simpl.SimpleThreadPool' - with 10 threads.
  Using job-store 'org.quartz.simpl.RAMJobStore' - which does not support persistence. and is not clustered.

2025-02-17 12:57:14 [main] INFO  org.quartz.impl.StdSchedulerFactory - Quartz scheduler 'MeetingScheduler' initialized from an externally provided properties instance.
2025-02-17 12:57:14 [main] INFO  org.quartz.impl.StdSchedulerFactory - Quartz scheduler version: 2.3.2
2025-02-17 12:57:14 [main] INFO  org.quartz.core.QuartzScheduler - JobFactory set to: org.springframework.scheduling.quartz.SpringBeanJobFactory@11564455
2025-02-17 12:57:14 [main] INFO  o.s.s.web.DefaultSecurityFilterChain - Will secure any request with [org.springframework.security.web.session.DisableEncodeUrlFilter@bda4cbe, org.springframework.security.web.context.request.async.WebAsyncManagerIntegrationFilter@24df4805, org.springframework.security.web.context.SecurityContextHolderFilter@58f259bd, org.springframework.security.web.header.HeaderWriterFilter@5232cec1, org.springframework.security.web.authentication.logout.LogoutFilter@5ed6a36a, com.shiel.campaignapi.config.JwtAuthenticationFilter@71eead09, org.springframework.security.web.savedrequest.RequestCacheAwareFilter@4075c0d8, org.springframework.security.web.servletapi.SecurityContextHolderAwareRequestFilter@2cc9a5a2, org.springframework.security.web.authentication.AnonymousAuthenticationFilter@3bbc8c82, org.springframework.security.web.session.SessionManagementFilter@24c94e95, org.springframework.security.web.access.ExceptionTranslationFilter@1e11d73c, org.springframework.security.web.access.intercept.AuthorizationFilter@2591477f]
2025-02-17 12:57:15 [main] INFO  o.a.coyote.http11.Http11NioProtocol - Starting ProtocolHandler ["http-nio-8080"]
2025-02-17 12:57:15 [main] INFO  o.s.b.w.e.tomcat.TomcatWebServer - Tomcat started on port(s): 8080 (http) with context path '/api'
2025-02-17 12:57:15 [main] INFO  o.s.s.quartz.SchedulerFactoryBean - Starting Quartz Scheduler now
2025-02-17 12:57:15 [main] INFO  org.quartz.core.QuartzScheduler - Scheduler MeetingScheduler_$_NON_CLUSTERED started.
2025-02-17 12:57:15 [main] INFO  c.s.c.CampaignApiApplication - Started CampaignApiApplication in 5.857 seconds (process running for 6.785)
2025-02-17 12:57:17 [http-nio-8080-exec-2] INFO  o.a.c.c.C.[.[localhost].[/api] - Initializing Spring DispatcherServlet 'dispatcherServlet'
2025-02-17 12:57:17 [http-nio-8080-exec-2] INFO  o.s.web.servlet.DispatcherServlet - Initializing Servlet 'dispatcherServlet'
2025-02-17 12:57:17 [http-nio-8080-exec-2] INFO  o.s.web.servlet.DispatcherServlet - Completed initialization in 2 ms
2025-02-17 12:57:18 [http-nio-8080-exec-2] INFO  c.s.campaignapi.service.UserService - Updating user with ID: 4
2025-02-17 13:10:55 [background-preinit] INFO  o.h.validator.internal.util.Version - HV000001: Hibernate Validator 7.0.0.Final
2025-02-17 13:10:55 [main] INFO  c.s.c.CampaignApiApplication - Starting CampaignApiApplication using Java 17.0.8.1 with PID 4004 (D:\project\camp-api\campaignapi\target\classes started by shibi in D:\project\camp-api\campaignapi)
2025-02-17 13:10:55 [main] INFO  c.s.c.CampaignApiApplication - No active profile set, falling back to 1 default profile: "default"
2025-02-17 13:10:56 [main] INFO  o.s.d.r.c.RepositoryConfigurationDelegate - Bootstrapping Spring Data JPA repositories in DEFAULT mode.
2025-02-17 13:10:56 [main] INFO  o.s.d.r.c.RepositoryConfigurationDelegate - Finished Spring Data repository scanning in 79 ms. Found 9 JPA repository interfaces.
2025-02-17 13:10:56 [main] INFO  o.s.b.w.e.tomcat.TomcatWebServer - Tomcat initialized with port(s): 8080 (http)
2025-02-17 13:10:56 [main] INFO  o.a.coyote.http11.Http11NioProtocol - Initializing ProtocolHandler ["http-nio-8080"]
2025-02-17 13:10:56 [main] INFO  o.a.catalina.core.StandardService - Starting service [Tomcat]
2025-02-17 13:10:56 [main] INFO  o.a.catalina.core.StandardEngine - Starting Servlet engine: [Apache Tomcat/10.1.13]
2025-02-17 13:10:57 [main] INFO  o.a.c.c.C.[.[localhost].[/api] - Initializing Spring embedded WebApplicationContext
2025-02-17 13:10:57 [main] INFO  o.s.b.w.s.c.ServletWebServerApplicationContext - Root WebApplicationContext: initialization completed in 1581 ms
2025-02-17 13:10:57 [main] INFO  o.h.jpa.internal.util.LogHelper - HHH000204: Processing PersistenceUnitInfo [name: default]
2025-02-17 13:10:57 [main] INFO  org.hibernate.Version - HHH000412: Hibernate ORM core version 6.2.9.Final
2025-02-17 13:10:57 [main] INFO  org.hibernate.cfg.Environment - HHH000406: Using bytecode reflection optimizer
2025-02-17 13:10:57 [main] INFO  o.h.b.i.BytecodeProviderInitiator - HHH000021: Bytecode provider name : bytebuddy
2025-02-17 13:10:57 [main] INFO  o.s.o.j.p.SpringPersistenceUnitInfo - No LoadTimeWeaver setup: ignoring JPA class transformer
2025-02-17 13:10:57 [main] INFO  com.zaxxer.hikari.HikariDataSource - HikariPool-1 - Starting...
2025-02-17 13:10:57 [main] INFO  com.zaxxer.hikari.pool.HikariPool - HikariPool-1 - Added connection com.mysql.cj.jdbc.ConnectionImpl@32f308c6
2025-02-17 13:10:57 [main] INFO  com.zaxxer.hikari.HikariDataSource - HikariPool-1 - Start completed.
2025-02-17 13:10:58 [main] INFO  o.h.b.i.BytecodeProviderInitiator - HHH000021: Bytecode provider name : bytebuddy
2025-02-17 13:10:58 [main] INFO  o.h.e.t.j.p.i.JtaPlatformInitiator - HHH000490: Using JtaPlatform implementation: [org.hibernate.engine.transaction.jta.platform.internal.NoJtaPlatform]
2025-02-17 13:10:59 [main] INFO  o.s.o.j.LocalContainerEntityManagerFactoryBean - Initialized JPA EntityManagerFactory for persistence unit 'default'
2025-02-17 13:10:59 [main] INFO  c.s.c.config.FirebaseConfig - Firebase initialized successfully.
2025-02-17 13:10:59 [main] INFO  c.s.c.service.AuthenticationService - AuthenticationService initialized.
2025-02-17 13:10:59 [main] INFO  o.s.b.f.a.AutowiredAnnotationBeanPostProcessor - Autowired annotation is not supported on static fields: private static final org.slf4j.Logger com.shiel.campaignapi.service.BookingService.logger
2025-02-17 13:11:00 [main] INFO  org.quartz.impl.StdSchedulerFactory - Using default implementation for ThreadExecutor
2025-02-17 13:11:00 [main] INFO  o.quartz.core.SchedulerSignalerImpl - Initialized Scheduler Signaller of type: class org.quartz.core.SchedulerSignalerImpl
2025-02-17 13:11:00 [main] INFO  org.quartz.core.QuartzScheduler - Quartz Scheduler v.2.3.2 created.
2025-02-17 13:11:00 [main] INFO  org.quartz.simpl.RAMJobStore - RAMJobStore initialized.
2025-02-17 13:11:00 [main] INFO  org.quartz.core.QuartzScheduler - Scheduler meta-data: Quartz Scheduler (v2.3.2) 'MeetingScheduler' with instanceId 'NON_CLUSTERED'
  Scheduler class: 'org.quartz.core.QuartzScheduler' - running locally.
  NOT STARTED.
  Currently in standby mode.
  Number of jobs executed: 0
  Using thread pool 'org.quartz.simpl.SimpleThreadPool' - with 10 threads.
  Using job-store 'org.quartz.simpl.RAMJobStore' - which does not support persistence. and is not clustered.

2025-02-17 13:11:00 [main] INFO  org.quartz.impl.StdSchedulerFactory - Quartz scheduler 'MeetingScheduler' initialized from an externally provided properties instance.
2025-02-17 13:11:00 [main] INFO  org.quartz.impl.StdSchedulerFactory - Quartz scheduler version: 2.3.2
2025-02-17 13:11:00 [main] INFO  org.quartz.core.QuartzScheduler - JobFactory set to: org.springframework.scheduling.quartz.SpringBeanJobFactory@22781286
2025-02-17 13:11:00 [main] INFO  o.s.s.web.DefaultSecurityFilterChain - Will secure any request with [org.springframework.security.web.session.DisableEncodeUrlFilter@bda4cbe, org.springframework.security.web.context.request.async.WebAsyncManagerIntegrationFilter@24df4805, org.springframework.security.web.context.SecurityContextHolderFilter@58f259bd, org.springframework.security.web.header.HeaderWriterFilter@5232cec1, org.springframework.security.web.authentication.logout.LogoutFilter@5ed6a36a, com.shiel.campaignapi.config.JwtAuthenticationFilter@4807b2b7, org.springframework.security.web.savedrequest.RequestCacheAwareFilter@4075c0d8, org.springframework.security.web.servletapi.SecurityContextHolderAwareRequestFilter@2cc9a5a2, org.springframework.security.web.authentication.AnonymousAuthenticationFilter@3bbc8c82, org.springframework.security.web.session.SessionManagementFilter@24c94e95, org.springframework.security.web.access.ExceptionTranslationFilter@1e11d73c, org.springframework.security.web.access.intercept.AuthorizationFilter@2591477f]
2025-02-17 13:11:00 [main] INFO  o.a.coyote.http11.Http11NioProtocol - Starting ProtocolHandler ["http-nio-8080"]
2025-02-17 13:11:00 [main] INFO  o.s.b.w.e.tomcat.TomcatWebServer - Tomcat started on port(s): 8080 (http) with context path '/api'
2025-02-17 13:11:00 [main] INFO  o.s.s.quartz.SchedulerFactoryBean - Starting Quartz Scheduler now
2025-02-17 13:11:00 [main] INFO  org.quartz.core.QuartzScheduler - Scheduler MeetingScheduler_$_NON_CLUSTERED started.
2025-02-17 13:11:00 [main] INFO  c.s.c.CampaignApiApplication - Started CampaignApiApplication in 5.711 seconds (process running for 6.599)
2025-02-17 13:11:03 [http-nio-8080-exec-2] INFO  o.a.c.c.C.[.[localhost].[/api] - Initializing Spring DispatcherServlet 'dispatcherServlet'
2025-02-17 13:11:03 [http-nio-8080-exec-2] INFO  o.s.web.servlet.DispatcherServlet - Initializing Servlet 'dispatcherServlet'
2025-02-17 13:11:03 [http-nio-8080-exec-2] INFO  o.s.web.servlet.DispatcherServlet - Completed initialization in 1 ms
2025-02-17 13:11:04 [http-nio-8080-exec-2] INFO  c.s.campaignapi.service.UserService - Updating user with ID: 4
2025-02-17 13:29:05 [background-preinit] INFO  o.h.validator.internal.util.Version - HV000001: Hibernate Validator 7.0.0.Final
2025-02-17 13:29:05 [main] INFO  c.s.c.CampaignApiApplication - Starting CampaignApiApplication using Java 17.0.8.1 with PID 13804 (D:\project\camp-api\campaignapi\target\classes started by shibi in D:\project\camp-api\campaignapi)
2025-02-17 13:29:05 [main] INFO  c.s.c.CampaignApiApplication - No active profile set, falling back to 1 default profile: "default"
2025-02-17 13:29:05 [main] INFO  o.s.d.r.c.RepositoryConfigurationDelegate - Bootstrapping Spring Data JPA repositories in DEFAULT mode.
2025-02-17 13:29:05 [main] INFO  o.s.d.r.c.RepositoryConfigurationDelegate - Finished Spring Data repository scanning in 57 ms. Found 9 JPA repository interfaces.
2025-02-17 13:29:06 [main] INFO  o.s.b.w.e.tomcat.TomcatWebServer - Tomcat initialized with port(s): 8080 (http)
2025-02-17 13:29:06 [main] INFO  o.a.coyote.http11.Http11NioProtocol - Initializing ProtocolHandler ["http-nio-8080"]
2025-02-17 13:29:06 [main] INFO  o.a.catalina.core.StandardService - Starting service [Tomcat]
2025-02-17 13:29:06 [main] INFO  o.a.catalina.core.StandardEngine - Starting Servlet engine: [Apache Tomcat/10.1.13]
2025-02-17 13:29:06 [main] INFO  o.a.c.c.C.[.[localhost].[/api] - Initializing Spring embedded WebApplicationContext
2025-02-17 13:29:06 [main] INFO  o.s.b.w.s.c.ServletWebServerApplicationContext - Root WebApplicationContext: initialization completed in 1152 ms
2025-02-17 13:29:06 [main] INFO  o.h.jpa.internal.util.LogHelper - HHH000204: Processing PersistenceUnitInfo [name: default]
2025-02-17 13:29:06 [main] INFO  org.hibernate.Version - HHH000412: Hibernate ORM core version 6.2.9.Final
2025-02-17 13:29:06 [main] INFO  org.hibernate.cfg.Environment - HHH000406: Using bytecode reflection optimizer
2025-02-17 13:29:06 [main] INFO  o.h.b.i.BytecodeProviderInitiator - HHH000021: Bytecode provider name : bytebuddy
2025-02-17 13:29:06 [main] INFO  o.s.o.j.p.SpringPersistenceUnitInfo - No LoadTimeWeaver setup: ignoring JPA class transformer
2025-02-17 13:29:06 [main] INFO  com.zaxxer.hikari.HikariDataSource - HikariPool-1 - Starting...
2025-02-17 13:29:06 [main] INFO  com.zaxxer.hikari.pool.HikariPool - HikariPool-1 - Added connection com.mysql.cj.jdbc.ConnectionImpl@1218e12
2025-02-17 13:29:06 [main] INFO  com.zaxxer.hikari.HikariDataSource - HikariPool-1 - Start completed.
2025-02-17 13:29:07 [main] INFO  o.h.b.i.BytecodeProviderInitiator - HHH000021: Bytecode provider name : bytebuddy
2025-02-17 13:29:07 [main] INFO  o.h.e.t.j.p.i.JtaPlatformInitiator - HHH000490: Using JtaPlatform implementation: [org.hibernate.engine.transaction.jta.platform.internal.NoJtaPlatform]
2025-02-17 13:29:07 [main] INFO  o.s.o.j.LocalContainerEntityManagerFactoryBean - Initialized JPA EntityManagerFactory for persistence unit 'default'
2025-02-17 13:29:08 [main] INFO  c.s.c.config.FirebaseConfig - Firebase initialized successfully.
2025-02-17 13:29:08 [main] INFO  c.s.c.service.AuthenticationService - AuthenticationService initialized.
2025-02-17 13:29:08 [main] INFO  o.s.b.f.a.AutowiredAnnotationBeanPostProcessor - Autowired annotation is not supported on static fields: private static final org.slf4j.Logger com.shiel.campaignapi.service.BookingService.logger
2025-02-17 13:29:08 [main] INFO  org.quartz.impl.StdSchedulerFactory - Using default implementation for ThreadExecutor
2025-02-17 13:29:08 [main] INFO  o.quartz.core.SchedulerSignalerImpl - Initialized Scheduler Signaller of type: class org.quartz.core.SchedulerSignalerImpl
2025-02-17 13:29:08 [main] INFO  org.quartz.core.QuartzScheduler - Quartz Scheduler v.2.3.2 created.
2025-02-17 13:29:08 [main] INFO  org.quartz.simpl.RAMJobStore - RAMJobStore initialized.
2025-02-17 13:29:08 [main] INFO  org.quartz.core.QuartzScheduler - Scheduler meta-data: Quartz Scheduler (v2.3.2) 'MeetingScheduler' with instanceId 'NON_CLUSTERED'
  Scheduler class: 'org.quartz.core.QuartzScheduler' - running locally.
  NOT STARTED.
  Currently in standby mode.
  Number of jobs executed: 0
  Using thread pool 'org.quartz.simpl.SimpleThreadPool' - with 10 threads.
  Using job-store 'org.quartz.simpl.RAMJobStore' - which does not support persistence. and is not clustered.

2025-02-17 13:29:08 [main] INFO  org.quartz.impl.StdSchedulerFactory - Quartz scheduler 'MeetingScheduler' initialized from an externally provided properties instance.
2025-02-17 13:29:08 [main] INFO  org.quartz.impl.StdSchedulerFactory - Quartz scheduler version: 2.3.2
2025-02-17 13:29:08 [main] INFO  org.quartz.core.QuartzScheduler - JobFactory set to: org.springframework.scheduling.quartz.SpringBeanJobFactory@21bf1b1f
2025-02-17 13:29:08 [main] INFO  o.s.s.web.DefaultSecurityFilterChain - Will secure any request with [org.springframework.security.web.session.DisableEncodeUrlFilter@21d30ba5, org.springframework.security.web.context.request.async.WebAsyncManagerIntegrationFilter@1b68e626, org.springframework.security.web.context.SecurityContextHolderFilter@729a98e9, org.springframework.security.web.header.HeaderWriterFilter@25192b6e, org.springframework.security.web.authentication.logout.LogoutFilter@4a9c188f, com.shiel.campaignapi.config.JwtAuthenticationFilter@4778c085, org.springframework.security.web.savedrequest.RequestCacheAwareFilter@3aa4d595, org.springframework.security.web.servletapi.SecurityContextHolderAwareRequestFilter@5b3427c4, org.springframework.security.web.authentication.AnonymousAuthenticationFilter@7671922b, org.springframework.security.web.session.SessionManagementFilter@6f999cf4, org.springframework.security.web.access.ExceptionTranslationFilter@7f39bcb5, org.springframework.security.web.access.intercept.AuthorizationFilter@10770c1]
2025-02-17 13:29:09 [main] INFO  o.a.coyote.http11.Http11NioProtocol - Starting ProtocolHandler ["http-nio-8080"]
2025-02-17 13:29:09 [main] INFO  o.s.b.w.e.tomcat.TomcatWebServer - Tomcat started on port(s): 8080 (http) with context path '/api'
2025-02-17 13:29:09 [main] INFO  o.s.s.quartz.SchedulerFactoryBean - Starting Quartz Scheduler now
2025-02-17 13:29:09 [main] INFO  org.quartz.core.QuartzScheduler - Scheduler MeetingScheduler_$_NON_CLUSTERED started.
2025-02-17 13:29:09 [main] INFO  c.s.c.CampaignApiApplication - Started CampaignApiApplication in 4.395 seconds (process running for 5.062)
2025-02-17 13:29:26 [http-nio-8080-exec-2] INFO  o.a.c.c.C.[.[localhost].[/api] - Initializing Spring DispatcherServlet 'dispatcherServlet'
2025-02-17 13:29:26 [http-nio-8080-exec-2] INFO  o.s.web.servlet.DispatcherServlet - Initializing Servlet 'dispatcherServlet'
2025-02-17 13:29:26 [http-nio-8080-exec-2] INFO  o.s.web.servlet.DispatcherServlet - Completed initialization in 0 ms
2025-02-17 13:45:35 [http-nio-8080-exec-5] INFO  c.s.c.service.MeetingService - Save meeting: com.shiel.campaignapi.dto.MeetingDto@46f87d3d
2025-02-17 13:46:47 [http-nio-8080-exec-8] INFO  c.s.c.service.MeetingService - Deleting meeting by ID: 2
2025-02-17 14:01:43 [http-nio-8080-exec-1] INFO  c.s.c.service.MeetingService - Save meeting: com.shiel.campaignapi.dto.MeetingDto@64e7c06d
2025-02-17 14:03:19 [http-nio-8080-exec-3] INFO  c.s.c.service.MeetingService - Deleting meeting by ID: 3
2025-02-17 14:04:48 [http-nio-8080-exec-7] INFO  c.s.c.service.MeetingService - Save meeting: com.shiel.campaignapi.dto.MeetingDto@4099b355
2025-02-17 14:11:04 [http-nio-8080-exec-10] INFO  c.s.c.service.MeetingService - Deleting meeting by ID: 4
2025-02-17 14:11:09 [http-nio-8080-exec-1] INFO  c.s.c.service.MeetingService - Save meeting: com.shiel.campaignapi.dto.MeetingDto@19d13656
2025-02-17 14:11:56 [http-nio-8080-exec-3] INFO  c.s.c.service.MeetingService - Deleting meeting by ID: 5
2025-02-17 14:17:21 [http-nio-8080-exec-5] INFO  c.s.c.service.MeetingService - Save meeting: com.shiel.campaignapi.dto.MeetingDto@23c5339e
2025-02-17 14:17:42 [http-nio-8080-exec-8] INFO  c.s.c.service.MeetingService - Deleting meeting by ID: 5
2025-02-17 14:17:44 [http-nio-8080-exec-9] INFO  c.s.c.service.MeetingService - Deleting meeting by ID: 5
2025-02-17 14:17:57 [http-nio-8080-exec-10] INFO  c.s.c.service.MeetingService - Deleting meeting by ID: 6
2025-02-17 14:23:22 [http-nio-8080-exec-6] INFO  c.s.c.service.MeetingService - Save meeting: com.shiel.campaignapi.dto.MeetingDto@89e7331
2025-02-17 14:50:47 [HikariPool-1 housekeeper] WARN  com.zaxxer.hikari.pool.HikariPool - HikariPool-1 - Thread starvation or clock leap detected (housekeeper delta=25m10s144ms373µs400ns).
2025-02-17 16:08:58 [background-preinit] INFO  o.h.validator.internal.util.Version - HV000001: Hibernate Validator 7.0.0.Final
2025-02-17 16:08:58 [background-preinit] INFO  o.h.validator.internal.util.Version - HV000001: Hibernate Validator 7.0.0.Final
2025-02-17 16:08:58 [main] INFO  c.s.c.CampaignApiApplication - Starting CampaignApiApplication using Java 17.0.8.1 with PID 5056 (D:\project\camp-api\campaignapi\target\classes started by shibi in D:\project\camp-api\campaignapi)
2025-02-17 16:08:58 [main] INFO  c.s.c.CampaignApiApplication - No active profile set, falling back to 1 default profile: "default"
2025-02-17 16:08:58 [main] INFO  c.s.c.CampaignApiApplication - Starting CampaignApiApplication using Java 17.0.8.1 with PID 9740 (D:\project\camp-api\campaignapi\target\classes started by shibi in D:\project\camp-api\campaignapi)
2025-02-17 16:08:58 [main] INFO  c.s.c.CampaignApiApplication - No active profile set, falling back to 1 default profile: "default"
2025-02-17 16:08:59 [main] INFO  o.s.d.r.c.RepositoryConfigurationDelegate - Bootstrapping Spring Data JPA repositories in DEFAULT mode.
2025-02-17 16:08:59 [main] INFO  o.s.d.r.c.RepositoryConfigurationDelegate - Bootstrapping Spring Data JPA repositories in DEFAULT mode.
2025-02-17 16:08:59 [main] INFO  o.s.d.r.c.RepositoryConfigurationDelegate - Finished Spring Data repository scanning in 66 ms. Found 9 JPA repository interfaces.
2025-02-17 16:08:59 [main] INFO  o.s.d.r.c.RepositoryConfigurationDelegate - Finished Spring Data repository scanning in 64 ms. Found 9 JPA repository interfaces.
2025-02-17 16:09:00 [main] INFO  o.s.b.w.e.tomcat.TomcatWebServer - Tomcat initialized with port(s): 8080 (http)
2025-02-17 16:09:00 [main] INFO  o.a.coyote.http11.Http11NioProtocol - Initializing ProtocolHandler ["http-nio-8080"]
2025-02-17 16:09:00 [main] INFO  o.a.catalina.core.StandardService - Starting service [Tomcat]
2025-02-17 16:09:00 [main] INFO  o.a.catalina.core.StandardEngine - Starting Servlet engine: [Apache Tomcat/10.1.13]
2025-02-17 16:09:00 [main] INFO  o.s.b.w.e.tomcat.TomcatWebServer - Tomcat initialized with port(s): 8080 (http)
2025-02-17 16:09:00 [main] INFO  o.a.coyote.http11.Http11NioProtocol - Initializing ProtocolHandler ["http-nio-8080"]
2025-02-17 16:09:00 [main] INFO  o.a.catalina.core.StandardService - Starting service [Tomcat]
2025-02-17 16:09:00 [main] INFO  o.a.catalina.core.StandardEngine - Starting Servlet engine: [Apache Tomcat/10.1.13]
2025-02-17 16:09:00 [main] INFO  o.a.c.c.C.[.[localhost].[/api] - Initializing Spring embedded WebApplicationContext
2025-02-17 16:09:00 [main] INFO  o.s.b.w.s.c.ServletWebServerApplicationContext - Root WebApplicationContext: initialization completed in 1737 ms
2025-02-17 16:09:00 [main] INFO  o.a.c.c.C.[.[localhost].[/api] - Initializing Spring embedded WebApplicationContext
2025-02-17 16:09:00 [main] INFO  o.s.b.w.s.c.ServletWebServerApplicationContext - Root WebApplicationContext: initialization completed in 1746 ms
2025-02-17 16:09:00 [main] INFO  o.h.jpa.internal.util.LogHelper - HHH000204: Processing PersistenceUnitInfo [name: default]
2025-02-17 16:09:00 [main] INFO  o.h.jpa.internal.util.LogHelper - HHH000204: Processing PersistenceUnitInfo [name: default]
2025-02-17 16:09:00 [main] INFO  org.hibernate.Version - HHH000412: Hibernate ORM core version 6.2.9.Final
2025-02-17 16:09:00 [main] INFO  org.hibernate.cfg.Environment - HHH000406: Using bytecode reflection optimizer
2025-02-17 16:09:00 [main] INFO  org.hibernate.Version - HHH000412: Hibernate ORM core version 6.2.9.Final
2025-02-17 16:09:00 [main] INFO  org.hibernate.cfg.Environment - HHH000406: Using bytecode reflection optimizer
2025-02-17 16:09:00 [main] INFO  o.h.b.i.BytecodeProviderInitiator - HHH000021: Bytecode provider name : bytebuddy
2025-02-17 16:09:00 [main] INFO  o.h.b.i.BytecodeProviderInitiator - HHH000021: Bytecode provider name : bytebuddy
2025-02-17 16:09:00 [main] INFO  o.s.o.j.p.SpringPersistenceUnitInfo - No LoadTimeWeaver setup: ignoring JPA class transformer
2025-02-17 16:09:00 [main] INFO  o.s.o.j.p.SpringPersistenceUnitInfo - No LoadTimeWeaver setup: ignoring JPA class transformer
2025-02-17 16:09:00 [main] INFO  com.zaxxer.hikari.HikariDataSource - HikariPool-1 - Starting...
2025-02-17 16:09:00 [main] INFO  com.zaxxer.hikari.HikariDataSource - HikariPool-1 - Starting...
2025-02-17 16:09:01 [main] INFO  com.zaxxer.hikari.pool.HikariPool - HikariPool-1 - Added connection com.mysql.cj.jdbc.ConnectionImpl@32f308c6
2025-02-17 16:09:01 [main] INFO  com.zaxxer.hikari.pool.HikariPool - HikariPool-1 - Added connection com.mysql.cj.jdbc.ConnectionImpl@61c4cebd
2025-02-17 16:09:01 [main] INFO  com.zaxxer.hikari.HikariDataSource - HikariPool-1 - Start completed.
2025-02-17 16:09:01 [main] INFO  com.zaxxer.hikari.HikariDataSource - HikariPool-1 - Start completed.
2025-02-17 16:09:01 [main] INFO  o.h.b.i.BytecodeProviderInitiator - HHH000021: Bytecode provider name : bytebuddy
2025-02-17 16:09:01 [main] INFO  o.h.b.i.BytecodeProviderInitiator - HHH000021: Bytecode provider name : bytebuddy
2025-02-17 16:09:02 [main] INFO  o.h.e.t.j.p.i.JtaPlatformInitiator - HHH000490: Using JtaPlatform implementation: [org.hibernate.engine.transaction.jta.platform.internal.NoJtaPlatform]
2025-02-17 16:09:02 [main] INFO  o.h.e.t.j.p.i.JtaPlatformInitiator - HHH000490: Using JtaPlatform implementation: [org.hibernate.engine.transaction.jta.platform.internal.NoJtaPlatform]
2025-02-17 16:09:02 [main] INFO  o.s.o.j.LocalContainerEntityManagerFactoryBean - Initialized JPA EntityManagerFactory for persistence unit 'default'
2025-02-17 16:09:02 [main] INFO  o.s.o.j.LocalContainerEntityManagerFactoryBean - Initialized JPA EntityManagerFactory for persistence unit 'default'
2025-02-17 16:09:02 [main] INFO  c.s.c.config.FirebaseConfig - Firebase initialized successfully.
2025-02-17 16:09:02 [main] INFO  c.s.c.config.FirebaseConfig - Firebase initialized successfully.
2025-02-17 16:09:02 [main] INFO  c.s.c.service.AuthenticationService - AuthenticationService initialized.
2025-02-17 16:09:02 [main] INFO  c.s.c.service.AuthenticationService - AuthenticationService initialized.
2025-02-17 16:09:02 [main] INFO  o.s.b.f.a.AutowiredAnnotationBeanPostProcessor - Autowired annotation is not supported on static fields: private static final org.slf4j.Logger com.shiel.campaignapi.service.BookingService.logger
2025-02-17 16:09:02 [main] INFO  o.s.b.f.a.AutowiredAnnotationBeanPostProcessor - Autowired annotation is not supported on static fields: private static final org.slf4j.Logger com.shiel.campaignapi.service.BookingService.logger
2025-02-17 16:09:02 [main] INFO  org.quartz.impl.StdSchedulerFactory - Using default implementation for ThreadExecutor
2025-02-17 16:09:02 [main] INFO  org.quartz.impl.StdSchedulerFactory - Using default implementation for ThreadExecutor
2025-02-17 16:09:02 [main] INFO  o.quartz.core.SchedulerSignalerImpl - Initialized Scheduler Signaller of type: class org.quartz.core.SchedulerSignalerImpl
2025-02-17 16:09:02 [main] INFO  org.quartz.core.QuartzScheduler - Quartz Scheduler v.2.3.2 created.
2025-02-17 16:09:02 [main] INFO  org.quartz.simpl.RAMJobStore - RAMJobStore initialized.
2025-02-17 16:09:03 [main] INFO  org.quartz.core.QuartzScheduler - Scheduler meta-data: Quartz Scheduler (v2.3.2) 'MeetingScheduler' with instanceId 'NON_CLUSTERED'
  Scheduler class: 'org.quartz.core.QuartzScheduler' - running locally.
  NOT STARTED.
  Currently in standby mode.
  Number of jobs executed: 0
  Using thread pool 'org.quartz.simpl.SimpleThreadPool' - with 10 threads.
  Using job-store 'org.quartz.simpl.RAMJobStore' - which does not support persistence. and is not clustered.

2025-02-17 16:09:03 [main] INFO  org.quartz.impl.StdSchedulerFactory - Quartz scheduler 'MeetingScheduler' initialized from an externally provided properties instance.
2025-02-17 16:09:03 [main] INFO  org.quartz.impl.StdSchedulerFactory - Quartz scheduler version: 2.3.2
2025-02-17 16:09:03 [main] INFO  org.quartz.core.QuartzScheduler - JobFactory set to: org.springframework.scheduling.quartz.SpringBeanJobFactory@7e474bd
2025-02-17 16:09:03 [main] INFO  o.quartz.core.SchedulerSignalerImpl - Initialized Scheduler Signaller of type: class org.quartz.core.SchedulerSignalerImpl
2025-02-17 16:09:03 [main] INFO  org.quartz.core.QuartzScheduler - Quartz Scheduler v.2.3.2 created.
2025-02-17 16:09:03 [main] INFO  org.quartz.simpl.RAMJobStore - RAMJobStore initialized.
2025-02-17 16:09:03 [main] INFO  org.quartz.core.QuartzScheduler - Scheduler meta-data: Quartz Scheduler (v2.3.2) 'MeetingScheduler' with instanceId 'NON_CLUSTERED'
  Scheduler class: 'org.quartz.core.QuartzScheduler' - running locally.
  NOT STARTED.
  Currently in standby mode.
  Number of jobs executed: 0
  Using thread pool 'org.quartz.simpl.SimpleThreadPool' - with 10 threads.
  Using job-store 'org.quartz.simpl.RAMJobStore' - which does not support persistence. and is not clustered.

2025-02-17 16:09:03 [main] INFO  org.quartz.impl.StdSchedulerFactory - Quartz scheduler 'MeetingScheduler' initialized from an externally provided properties instance.
2025-02-17 16:09:03 [main] INFO  org.quartz.impl.StdSchedulerFactory - Quartz scheduler version: 2.3.2
2025-02-17 16:09:03 [main] INFO  org.quartz.core.QuartzScheduler - JobFactory set to: org.springframework.scheduling.quartz.SpringBeanJobFactory@22781286
2025-02-17 16:09:03 [main] INFO  o.s.s.web.DefaultSecurityFilterChain - Will secure any request with [org.springframework.security.web.session.DisableEncodeUrlFilter@200cbb63, org.springframework.security.web.context.request.async.WebAsyncManagerIntegrationFilter@35ab83a7, org.springframework.security.web.context.SecurityContextHolderFilter@ac71bd7, org.springframework.security.web.header.HeaderWriterFilter@51c7d472, org.springframework.security.web.authentication.logout.LogoutFilter@519e0814, com.shiel.campaignapi.config.JwtAuthenticationFilter@3985175e, org.springframework.security.web.savedrequest.RequestCacheAwareFilter@5e6b2641, org.springframework.security.web.servletapi.SecurityContextHolderAwareRequestFilter@4bf2c697, org.springframework.security.web.authentication.AnonymousAuthenticationFilter@7a7698f4, org.springframework.security.web.session.SessionManagementFilter@388ad8aa, org.springframework.security.web.access.ExceptionTranslationFilter@79c9a128, org.springframework.security.web.access.intercept.AuthorizationFilter@378456cb]
2025-02-17 16:09:03 [main] INFO  o.s.s.web.DefaultSecurityFilterChain - Will secure any request with [org.springframework.security.web.session.DisableEncodeUrlFilter@172f2717, org.springframework.security.web.context.request.async.WebAsyncManagerIntegrationFilter@bda4cbe, org.springframework.security.web.context.SecurityContextHolderFilter@5014ccf9, org.springframework.security.web.header.HeaderWriterFilter@62a09668, org.springframework.security.web.authentication.logout.LogoutFilter@5295779, com.shiel.campaignapi.config.JwtAuthenticationFilter@4807b2b7, org.springframework.security.web.savedrequest.RequestCacheAwareFilter@362109d0, org.springframework.security.web.servletapi.SecurityContextHolderAwareRequestFilter@42d4de20, org.springframework.security.web.authentication.AnonymousAuthenticationFilter@24df4805, org.springframework.security.web.session.SessionManagementFilter@16a3d9a7, org.springframework.security.web.access.ExceptionTranslationFilter@6461c673, org.springframework.security.web.access.intercept.AuthorizationFilter@676f70dc]
2025-02-17 16:09:03 [main] INFO  o.a.coyote.http11.Http11NioProtocol - Starting ProtocolHandler ["http-nio-8080"]
2025-02-17 16:09:03 [main] INFO  o.a.coyote.http11.Http11NioProtocol - Starting ProtocolHandler ["http-nio-8080"]
2025-02-17 16:09:03 [main] WARN  o.s.b.w.s.c.AnnotationConfigServletWebServerApplicationContext - Exception encountered during context initialization - cancelling refresh attempt: org.springframework.context.ApplicationContextException: Failed to start bean 'webServerStartStop'
2025-02-17 16:09:03 [main] INFO  o.s.s.quartz.SchedulerFactoryBean - Shutting down Quartz Scheduler
2025-02-17 16:09:03 [main] INFO  org.quartz.core.QuartzScheduler - Scheduler MeetingScheduler_$_NON_CLUSTERED shutting down.
2025-02-17 16:09:03 [main] INFO  org.quartz.core.QuartzScheduler - Scheduler MeetingScheduler_$_NON_CLUSTERED paused.
2025-02-17 16:09:03 [main] INFO  org.quartz.core.QuartzScheduler - Scheduler MeetingScheduler_$_NON_CLUSTERED shutdown complete.
2025-02-17 16:09:03 [main] INFO  o.s.o.j.LocalContainerEntityManagerFactoryBean - Closing JPA EntityManagerFactory for persistence unit 'default'
2025-02-17 16:09:03 [main] INFO  com.zaxxer.hikari.HikariDataSource - HikariPool-1 - Shutdown initiated...
2025-02-17 16:09:03 [main] INFO  com.zaxxer.hikari.HikariDataSource - HikariPool-1 - Shutdown completed.
2025-02-17 16:09:03 [main] INFO  o.a.coyote.http11.Http11NioProtocol - Pausing ProtocolHandler ["http-nio-8080"]
2025-02-17 16:09:03 [main] INFO  o.a.catalina.core.StandardService - Stopping service [Tomcat]
2025-02-17 16:09:03 [main] INFO  o.a.coyote.http11.Http11NioProtocol - Stopping ProtocolHandler ["http-nio-8080"]
2025-02-17 16:09:03 [main] INFO  o.a.coyote.http11.Http11NioProtocol - Destroying ProtocolHandler ["http-nio-8080"]
2025-02-17 16:09:03 [main] INFO  o.s.b.w.e.tomcat.TomcatWebServer - Tomcat started on port(s): 8080 (http) with context path '/api'
2025-02-17 16:09:03 [main] INFO  o.s.s.quartz.SchedulerFactoryBean - Starting Quartz Scheduler now
2025-02-17 16:09:03 [main] INFO  org.quartz.core.QuartzScheduler - Scheduler MeetingScheduler_$_NON_CLUSTERED started.
2025-02-17 16:09:03 [main] INFO  o.s.b.a.l.ConditionEvaluationReportLogger - 

Error starting ApplicationContext. To display the condition evaluation report re-run your application with 'debug' enabled.
2025-02-17 16:09:03 [main] INFO  c.s.c.CampaignApiApplication - Started CampaignApiApplication in 5.127 seconds (process running for 6.072)
2025-02-17 16:09:03 [main] ERROR o.s.b.d.LoggingFailureAnalysisReporter - 

***************************
APPLICATION FAILED TO START
***************************

Description:

Web server failed to start. Port 8080 was already in use.

Action:

Identify and stop the process that's listening on port 8080 or configure this application to listen on another port.

2025-02-17 16:13:19 [http-nio-8080-exec-1] INFO  o.a.c.c.C.[.[localhost].[/api] - Initializing Spring DispatcherServlet 'dispatcherServlet'
2025-02-17 16:13:19 [http-nio-8080-exec-1] INFO  o.s.web.servlet.DispatcherServlet - Initializing Servlet 'dispatcherServlet'
2025-02-17 16:13:19 [http-nio-8080-exec-1] INFO  o.s.web.servlet.DispatcherServlet - Completed initialization in 3 ms
2025-02-17 16:13:19 [http-nio-8080-exec-1] INFO  c.s.c.service.AuthenticationService - Attempting authentication for identifier: a@gmail.com
2025-02-17 16:18:14 [http-nio-8080-exec-4] INFO  c.s.c.service.AuthenticationService - Attempting authentication for identifier: a@gmail.com
2025-02-17 16:19:08 [http-nio-8080-exec-6] INFO  c.s.c.service.AuthenticationService - Attempting authentication for identifier: shibinshibu7078@gmail.com
2025-02-17 16:19:08 [http-nio-8080-exec-6] INFO  c.s.c.service.AuthenticationService - Authentication successful for user with email: shibinshibu7078@gmail.com
2025-02-17 16:22:07 [http-nio-8080-exec-9] INFO  c.s.c.service.ZoomMeetingService - Saving Zoom Meetings
2025-02-17 16:22:07 [http-nio-8080-exec-9] ERROR c.s.c.service.ZoomMeetingService - Error occurred while saving Zoom meeting
java.lang.NullPointerException: zoneId
	at java.base/java.util.Objects.requireNonNull(Objects.java:235)
	at java.base/java.time.ZoneId.of(ZoneId.java:402)
	at java.base/java.time.ZoneId.of(ZoneId.java:358)
	at com.shiel.campaignapi.service.ZoomMeetingService.saveMeeting(ZoomMeetingService.java:44)
	at com.shiel.campaignapi.controller.ZoomMeetingController.addMeeting(ZoomMeetingController.java:35)
	at java.base/jdk.internal.reflect.NativeMethodAccessorImpl.invoke0(Native Method)
	at java.base/jdk.internal.reflect.NativeMethodAccessorImpl.invoke(NativeMethodAccessorImpl.java:77)
	at java.base/jdk.internal.reflect.DelegatingMethodAccessorImpl.invoke(DelegatingMethodAccessorImpl.java:43)
	at java.base/java.lang.reflect.Method.invoke(Method.java:568)
	at org.springframework.web.method.support.InvocableHandlerMethod.doInvoke(InvocableHandlerMethod.java:205)
	at org.springframework.web.method.support.InvocableHandlerMethod.invokeForRequest(InvocableHandlerMethod.java:150)
	at org.springframework.web.servlet.mvc.method.annotation.ServletInvocableHandlerMethod.invokeAndHandle(ServletInvocableHandlerMethod.java:118)
	at org.springframework.web.servlet.mvc.method.annotation.RequestMappingHandlerAdapter.invokeHandlerMethod(RequestMappingHandlerAdapter.java:884)
	at org.springframework.web.servlet.mvc.method.annotation.RequestMappingHandlerAdapter.handleInternal(RequestMappingHandlerAdapter.java:797)
	at org.springframework.web.servlet.mvc.method.AbstractHandlerMethodAdapter.handle(AbstractHandlerMethodAdapter.java:87)
	at org.springframework.web.servlet.DispatcherServlet.doDispatch(DispatcherServlet.java:1081)
	at org.springframework.web.servlet.DispatcherServlet.doService(DispatcherServlet.java:974)
	at org.springframework.web.servlet.FrameworkServlet.processRequest(FrameworkServlet.java:1011)
	at org.springframework.web.servlet.FrameworkServlet.doPost(FrameworkServlet.java:914)
	at jakarta.servlet.http.HttpServlet.service(HttpServlet.java:590)
	at org.springframework.web.servlet.FrameworkServlet.service(FrameworkServlet.java:885)
	at jakarta.servlet.http.HttpServlet.service(HttpServlet.java:658)
	at org.apache.catalina.core.ApplicationFilterChain.internalDoFilter(ApplicationFilterChain.java:205)
	at org.apache.catalina.core.ApplicationFilterChain.doFilter(ApplicationFilterChain.java:149)
	at org.apache.tomcat.websocket.server.WsFilter.doFilter(WsFilter.java:51)
	at org.apache.catalina.core.ApplicationFilterChain.internalDoFilter(ApplicationFilterChain.java:174)
	at org.apache.catalina.core.ApplicationFilterChain.doFilter(ApplicationFilterChain.java:149)
	at org.springframework.web.filter.OncePerRequestFilter.doFilter(OncePerRequestFilter.java:110)
	at org.apache.catalina.core.ApplicationFilterChain.internalDoFilter(ApplicationFilterChain.java:174)
	at org.apache.catalina.core.ApplicationFilterChain.doFilter(ApplicationFilterChain.java:149)
	at org.springframework.security.web.FilterChainProxy.lambda$doFilterInternal$3(FilterChainProxy.java:231)
	at org.springframework.security.web.FilterChainProxy$VirtualFilterChain.doFilter(FilterChainProxy.java:365)
	at org.springframework.security.web.access.intercept.AuthorizationFilter.doFilter(AuthorizationFilter.java:100)
	at org.springframework.security.web.FilterChainProxy$VirtualFilterChain.doFilter(FilterChainProxy.java:374)
	at org.springframework.security.web.access.ExceptionTranslationFilter.doFilter(ExceptionTranslationFilter.java:126)
	at org.springframework.security.web.access.ExceptionTranslationFilter.doFilter(ExceptionTranslationFilter.java:120)
	at org.springframework.security.web.FilterChainProxy$VirtualFilterChain.doFilter(FilterChainProxy.java:374)
	at org.springframework.security.web.session.SessionManagementFilter.doFilter(SessionManagementFilter.java:131)
	at org.springframework.security.web.session.SessionManagementFilter.doFilter(SessionManagementFilter.java:85)
	at org.springframework.security.web.FilterChainProxy$VirtualFilterChain.doFilter(FilterChainProxy.java:374)
	at org.springframework.security.web.authentication.AnonymousAuthenticationFilter.doFilter(AnonymousAuthenticationFilter.java:100)
	at org.springframework.security.web.FilterChainProxy$VirtualFilterChain.doFilter(FilterChainProxy.java:374)
	at org.springframework.security.web.servletapi.SecurityContextHolderAwareRequestFilter.doFilter(SecurityContextHolderAwareRequestFilter.java:179)
	at org.springframework.security.web.FilterChainProxy$VirtualFilterChain.doFilter(FilterChainProxy.java:374)
	at org.springframework.security.web.savedrequest.RequestCacheAwareFilter.doFilter(RequestCacheAwareFilter.java:63)
	at org.springframework.security.web.FilterChainProxy$VirtualFilterChain.doFilter(FilterChainProxy.java:374)
	at com.shiel.campaignapi.config.JwtAuthenticationFilter.doFilterInternal(JwtAuthenticationFilter.java:91)
	at org.springframework.web.filter.OncePerRequestFilter.doFilter(OncePerRequestFilter.java:116)
	at org.springframework.security.web.FilterChainProxy$VirtualFilterChain.doFilter(FilterChainProxy.java:374)
	at org.springframework.security.web.authentication.logout.LogoutFilter.doFilter(LogoutFilter.java:107)
	at org.springframework.security.web.authentication.logout.LogoutFilter.doFilter(LogoutFilter.java:93)
	at org.springframework.security.web.FilterChainProxy$VirtualFilterChain.doFilter(FilterChainProxy.java:374)
	at org.springframework.security.web.header.HeaderWriterFilter.doHeadersAfter(HeaderWriterFilter.java:90)
	at org.springframework.security.web.header.HeaderWriterFilter.doFilterInternal(HeaderWriterFilter.java:75)
	at org.springframework.web.filter.OncePerRequestFilter.doFilter(OncePerRequestFilter.java:116)
	at org.springframework.security.web.FilterChainProxy$VirtualFilterChain.doFilter(FilterChainProxy.java:374)
	at org.springframework.security.web.context.SecurityContextHolderFilter.doFilter(SecurityContextHolderFilter.java:82)
	at org.springframework.security.web.context.SecurityContextHolderFilter.doFilter(SecurityContextHolderFilter.java:69)
	at org.springframework.security.web.FilterChainProxy$VirtualFilterChain.doFilter(FilterChainProxy.java:374)
	at org.springframework.security.web.context.request.async.WebAsyncManagerIntegrationFilter.doFilterInternal(WebAsyncManagerIntegrationFilter.java:62)
	at org.springframework.web.filter.OncePerRequestFilter.doFilter(OncePerRequestFilter.java:116)
	at org.springframework.security.web.FilterChainProxy$VirtualFilterChain.doFilter(FilterChainProxy.java:374)
	at org.springframework.security.web.session.DisableEncodeUrlFilter.doFilterInternal(DisableEncodeUrlFilter.java:42)
	at org.springframework.web.filter.OncePerRequestFilter.doFilter(OncePerRequestFilter.java:116)
	at org.springframework.security.web.FilterChainProxy$VirtualFilterChain.doFilter(FilterChainProxy.java:374)
	at org.springframework.security.web.FilterChainProxy.doFilterInternal(FilterChainProxy.java:233)
	at org.springframework.security.web.FilterChainProxy.doFilter(FilterChainProxy.java:191)
	at org.springframework.web.filter.DelegatingFilterProxy.invokeDelegate(DelegatingFilterProxy.java:352)
	at org.springframework.web.filter.DelegatingFilterProxy.doFilter(DelegatingFilterProxy.java:268)
	at org.apache.catalina.core.ApplicationFilterChain.internalDoFilter(ApplicationFilterChain.java:174)
	at org.apache.catalina.core.ApplicationFilterChain.doFilter(ApplicationFilterChain.java:149)
	at org.springframework.web.filter.RequestContextFilter.doFilterInternal(RequestContextFilter.java:100)
	at org.springframework.web.filter.OncePerRequestFilter.doFilter(OncePerRequestFilter.java:116)
	at org.apache.catalina.core.ApplicationFilterChain.internalDoFilter(ApplicationFilterChain.java:174)
	at org.apache.catalina.core.ApplicationFilterChain.doFilter(ApplicationFilterChain.java:149)
	at org.springframework.web.filter.FormContentFilter.doFilterInternal(FormContentFilter.java:93)
	at org.springframework.web.filter.OncePerRequestFilter.doFilter(OncePerRequestFilter.java:116)
	at org.apache.catalina.core.ApplicationFilterChain.internalDoFilter(ApplicationFilterChain.java:174)
	at org.apache.catalina.core.ApplicationFilterChain.doFilter(ApplicationFilterChain.java:149)
	at org.springframework.web.filter.CharacterEncodingFilter.doFilterInternal(CharacterEncodingFilter.java:201)
	at org.springframework.web.filter.OncePerRequestFilter.doFilter(OncePerRequestFilter.java:116)
	at org.apache.catalina.core.ApplicationFilterChain.internalDoFilter(ApplicationFilterChain.java:174)
	at org.apache.catalina.core.ApplicationFilterChain.doFilter(ApplicationFilterChain.java:149)
	at org.apache.catalina.core.StandardWrapperValve.invoke(StandardWrapperValve.java:167)
	at org.apache.catalina.core.StandardContextValve.invoke(StandardContextValve.java:90)
	at org.apache.catalina.authenticator.AuthenticatorBase.invoke(AuthenticatorBase.java:482)
	at org.apache.catalina.core.StandardHostValve.invoke(StandardHostValve.java:115)
	at org.apache.catalina.valves.ErrorReportValve.invoke(ErrorReportValve.java:93)
	at org.apache.catalina.core.StandardEngineValve.invoke(StandardEngineValve.java:74)
	at org.apache.catalina.connector.CoyoteAdapter.service(CoyoteAdapter.java:341)
	at org.apache.coyote.http11.Http11Processor.service(Http11Processor.java:391)
	at org.apache.coyote.AbstractProcessorLight.process(AbstractProcessorLight.java:63)
	at org.apache.coyote.AbstractProtocol$ConnectionHandler.process(AbstractProtocol.java:894)
	at org.apache.tomcat.util.net.NioEndpoint$SocketProcessor.doRun(NioEndpoint.java:1740)
	at org.apache.tomcat.util.net.SocketProcessorBase.run(SocketProcessorBase.java:52)
	at org.apache.tomcat.util.threads.ThreadPoolExecutor.runWorker(ThreadPoolExecutor.java:1191)
	at org.apache.tomcat.util.threads.ThreadPoolExecutor$Worker.run(ThreadPoolExecutor.java:659)
	at org.apache.tomcat.util.threads.TaskThread$WrappingRunnable.run(TaskThread.java:61)
	at java.base/java.lang.Thread.run(Thread.java:833)
2025-02-17 16:47:28 [background-preinit] INFO  o.h.validator.internal.util.Version - HV000001: Hibernate Validator 7.0.0.Final
2025-02-17 16:47:28 [main] INFO  c.s.c.CampaignApiApplication - Starting CampaignApiApplication using Java 17.0.8.1 with PID 1460 (D:\project\camp-api\campaignapi\target\classes started by shibi in D:\project\camp-api\campaignapi)
2025-02-17 16:47:28 [main] INFO  c.s.c.CampaignApiApplication - No active profile set, falling back to 1 default profile: "default"
2025-02-17 16:47:28 [background-preinit] INFO  o.h.validator.internal.util.Version - HV000001: Hibernate Validator 7.0.0.Final
2025-02-17 16:47:28 [main] INFO  c.s.c.CampaignApiApplication - Starting CampaignApiApplication using Java 17.0.8.1 with PID 16404 (D:\project\camp-api\campaignapi\target\classes started by shibi in D:\project\camp-api\campaignapi)
2025-02-17 16:47:28 [main] INFO  c.s.c.CampaignApiApplication - No active profile set, falling back to 1 default profile: "default"
2025-02-17 16:47:29 [main] INFO  o.s.d.r.c.RepositoryConfigurationDelegate - Bootstrapping Spring Data JPA repositories in DEFAULT mode.
2025-02-17 16:47:29 [main] INFO  o.s.d.r.c.RepositoryConfigurationDelegate - Bootstrapping Spring Data JPA repositories in DEFAULT mode.
2025-02-17 16:47:29 [main] INFO  o.s.d.r.c.RepositoryConfigurationDelegate - Finished Spring Data repository scanning in 67 ms. Found 9 JPA repository interfaces.
2025-02-17 16:47:29 [main] INFO  o.s.d.r.c.RepositoryConfigurationDelegate - Finished Spring Data repository scanning in 67 ms. Found 9 JPA repository interfaces.
2025-02-17 16:47:29 [main] INFO  o.s.b.w.e.tomcat.TomcatWebServer - Tomcat initialized with port(s): 8080 (http)
2025-02-17 16:47:29 [main] INFO  o.a.coyote.http11.Http11NioProtocol - Initializing ProtocolHandler ["http-nio-8080"]
2025-02-17 16:47:29 [main] INFO  o.a.catalina.core.StandardService - Starting service [Tomcat]
2025-02-17 16:47:29 [main] INFO  o.a.catalina.core.StandardEngine - Starting Servlet engine: [Apache Tomcat/10.1.13]
2025-02-17 16:47:29 [main] INFO  o.s.b.w.e.tomcat.TomcatWebServer - Tomcat initialized with port(s): 8080 (http)
2025-02-17 16:47:29 [main] INFO  o.a.coyote.http11.Http11NioProtocol - Initializing ProtocolHandler ["http-nio-8080"]
2025-02-17 16:47:29 [main] INFO  o.a.catalina.core.StandardService - Starting service [Tomcat]
2025-02-17 16:47:29 [main] INFO  o.a.catalina.core.StandardEngine - Starting Servlet engine: [Apache Tomcat/10.1.13]
2025-02-17 16:47:29 [main] INFO  o.a.c.c.C.[.[localhost].[/api] - Initializing Spring embedded WebApplicationContext
2025-02-17 16:47:29 [main] INFO  o.s.b.w.s.c.ServletWebServerApplicationContext - Root WebApplicationContext: initialization completed in 1568 ms
2025-02-17 16:47:29 [main] INFO  o.a.c.c.C.[.[localhost].[/api] - Initializing Spring embedded WebApplicationContext
2025-02-17 16:47:29 [main] INFO  o.s.b.w.s.c.ServletWebServerApplicationContext - Root WebApplicationContext: initialization completed in 1288 ms
2025-02-17 16:47:29 [main] INFO  o.h.jpa.internal.util.LogHelper - HHH000204: Processing PersistenceUnitInfo [name: default]
2025-02-17 16:47:29 [main] INFO  o.h.jpa.internal.util.LogHelper - HHH000204: Processing PersistenceUnitInfo [name: default]
2025-02-17 16:47:29 [main] INFO  org.hibernate.Version - HHH000412: Hibernate ORM core version 6.2.9.Final
2025-02-17 16:47:29 [main] INFO  org.hibernate.cfg.Environment - HHH000406: Using bytecode reflection optimizer
2025-02-17 16:47:29 [main] INFO  org.hibernate.Version - HHH000412: Hibernate ORM core version 6.2.9.Final
2025-02-17 16:47:29 [main] INFO  org.hibernate.cfg.Environment - HHH000406: Using bytecode reflection optimizer
2025-02-17 16:47:30 [main] INFO  o.h.b.i.BytecodeProviderInitiator - HHH000021: Bytecode provider name : bytebuddy
2025-02-17 16:47:30 [main] INFO  o.h.b.i.BytecodeProviderInitiator - HHH000021: Bytecode provider name : bytebuddy
2025-02-17 16:47:30 [main] INFO  o.s.o.j.p.SpringPersistenceUnitInfo - No LoadTimeWeaver setup: ignoring JPA class transformer
2025-02-17 16:47:30 [main] INFO  o.s.o.j.p.SpringPersistenceUnitInfo - No LoadTimeWeaver setup: ignoring JPA class transformer
2025-02-17 16:47:30 [main] INFO  com.zaxxer.hikari.HikariDataSource - HikariPool-1 - Starting...
2025-02-17 16:47:30 [main] INFO  com.zaxxer.hikari.HikariDataSource - HikariPool-1 - Starting...
2025-02-17 16:47:30 [main] INFO  com.zaxxer.hikari.pool.HikariPool - HikariPool-1 - Added connection com.mysql.cj.jdbc.ConnectionImpl@655909e2
2025-02-17 16:47:30 [main] INFO  com.zaxxer.hikari.pool.HikariPool - HikariPool-1 - Added connection com.mysql.cj.jdbc.ConnectionImpl@4489f60f
2025-02-17 16:47:30 [main] INFO  com.zaxxer.hikari.HikariDataSource - HikariPool-1 - Start completed.
2025-02-17 16:47:30 [main] INFO  com.zaxxer.hikari.HikariDataSource - HikariPool-1 - Start completed.
2025-02-17 16:47:30 [main] INFO  o.h.b.i.BytecodeProviderInitiator - HHH000021: Bytecode provider name : bytebuddy
2025-02-17 16:47:30 [main] INFO  o.h.b.i.BytecodeProviderInitiator - HHH000021: Bytecode provider name : bytebuddy
2025-02-17 16:47:31 [main] INFO  o.h.e.t.j.p.i.JtaPlatformInitiator - HHH000490: Using JtaPlatform implementation: [org.hibernate.engine.transaction.jta.platform.internal.NoJtaPlatform]
2025-02-17 16:47:31 [main] INFO  o.h.e.t.j.p.i.JtaPlatformInitiator - HHH000490: Using JtaPlatform implementation: [org.hibernate.engine.transaction.jta.platform.internal.NoJtaPlatform]
2025-02-17 16:47:31 [main] INFO  o.s.o.j.LocalContainerEntityManagerFactoryBean - Initialized JPA EntityManagerFactory for persistence unit 'default'
2025-02-17 16:47:31 [main] INFO  o.s.o.j.LocalContainerEntityManagerFactoryBean - Initialized JPA EntityManagerFactory for persistence unit 'default'
2025-02-17 16:47:32 [main] INFO  c.s.c.config.FirebaseConfig - Firebase initialized successfully.
2025-02-17 16:47:32 [main] INFO  c.s.c.config.FirebaseConfig - Firebase initialized successfully.
2025-02-17 16:47:32 [main] INFO  c.s.c.service.AuthenticationService - AuthenticationService initialized.
2025-02-17 16:47:32 [main] INFO  c.s.c.service.AuthenticationService - AuthenticationService initialized.
2025-02-17 16:47:32 [main] INFO  o.s.b.f.a.AutowiredAnnotationBeanPostProcessor - Autowired annotation is not supported on static fields: private static final org.slf4j.Logger com.shiel.campaignapi.service.BookingService.logger
2025-02-17 16:47:32 [main] INFO  o.s.b.f.a.AutowiredAnnotationBeanPostProcessor - Autowired annotation is not supported on static fields: private static final org.slf4j.Logger com.shiel.campaignapi.service.BookingService.logger
2025-02-17 16:47:32 [main] INFO  org.quartz.impl.StdSchedulerFactory - Using default implementation for ThreadExecutor
2025-02-17 16:47:32 [main] INFO  org.quartz.impl.StdSchedulerFactory - Using default implementation for ThreadExecutor
2025-02-17 16:47:32 [main] INFO  o.quartz.core.SchedulerSignalerImpl - Initialized Scheduler Signaller of type: class org.quartz.core.SchedulerSignalerImpl
2025-02-17 16:47:32 [main] INFO  org.quartz.core.QuartzScheduler - Quartz Scheduler v.2.3.2 created.
2025-02-17 16:47:32 [main] INFO  o.quartz.core.SchedulerSignalerImpl - Initialized Scheduler Signaller of type: class org.quartz.core.SchedulerSignalerImpl
2025-02-17 16:47:32 [main] INFO  org.quartz.core.QuartzScheduler - Quartz Scheduler v.2.3.2 created.
2025-02-17 16:47:32 [main] INFO  org.quartz.simpl.RAMJobStore - RAMJobStore initialized.
2025-02-17 16:47:32 [main] INFO  org.quartz.simpl.RAMJobStore - RAMJobStore initialized.
2025-02-17 16:47:32 [main] INFO  org.quartz.core.QuartzScheduler - Scheduler meta-data: Quartz Scheduler (v2.3.2) 'MeetingScheduler' with instanceId 'NON_CLUSTERED'
  Scheduler class: 'org.quartz.core.QuartzScheduler' - running locally.
  NOT STARTED.
  Currently in standby mode.
  Number of jobs executed: 0
  Using thread pool 'org.quartz.simpl.SimpleThreadPool' - with 10 threads.
  Using job-store 'org.quartz.simpl.RAMJobStore' - which does not support persistence. and is not clustered.

2025-02-17 16:47:32 [main] INFO  org.quartz.impl.StdSchedulerFactory - Quartz scheduler 'MeetingScheduler' initialized from an externally provided properties instance.
2025-02-17 16:47:32 [main] INFO  org.quartz.impl.StdSchedulerFactory - Quartz scheduler version: 2.3.2
2025-02-17 16:47:32 [main] INFO  org.quartz.core.QuartzScheduler - JobFactory set to: org.springframework.scheduling.quartz.SpringBeanJobFactory@324ee3ca
2025-02-17 16:47:32 [main] INFO  org.quartz.core.QuartzScheduler - Scheduler meta-data: Quartz Scheduler (v2.3.2) 'MeetingScheduler' with instanceId 'NON_CLUSTERED'
  Scheduler class: 'org.quartz.core.QuartzScheduler' - running locally.
  NOT STARTED.
  Currently in standby mode.
  Number of jobs executed: 0
  Using thread pool 'org.quartz.simpl.SimpleThreadPool' - with 10 threads.
  Using job-store 'org.quartz.simpl.RAMJobStore' - which does not support persistence. and is not clustered.

2025-02-17 16:47:32 [main] INFO  org.quartz.impl.StdSchedulerFactory - Quartz scheduler 'MeetingScheduler' initialized from an externally provided properties instance.
2025-02-17 16:47:32 [main] INFO  org.quartz.impl.StdSchedulerFactory - Quartz scheduler version: 2.3.2
2025-02-17 16:47:32 [main] INFO  org.quartz.core.QuartzScheduler - JobFactory set to: org.springframework.scheduling.quartz.SpringBeanJobFactory@28df2da8
2025-02-17 16:47:32 [main] INFO  o.s.s.web.DefaultSecurityFilterChain - Will secure any request with [org.springframework.security.web.session.DisableEncodeUrlFilter@7a7698f4, org.springframework.security.web.context.request.async.WebAsyncManagerIntegrationFilter@1150b923, org.springframework.security.web.context.SecurityContextHolderFilter@5e6b2641, org.springframework.security.web.header.HeaderWriterFilter@e50e308, org.springframework.security.web.authentication.logout.LogoutFilter@7701b695, com.shiel.campaignapi.config.JwtAuthenticationFilter@d91e8c7, org.springframework.security.web.savedrequest.RequestCacheAwareFilter@1ef585bb, org.springframework.security.web.servletapi.SecurityContextHolderAwareRequestFilter@24c94e95, org.springframework.security.web.authentication.AnonymousAuthenticationFilter@54c2cfc9, org.springframework.security.web.session.SessionManagementFilter@4ec78008, org.springframework.security.web.access.ExceptionTranslationFilter@51c7d472, org.springframework.security.web.access.intercept.AuthorizationFilter@5ed6a36a]
2025-02-17 16:47:32 [main] INFO  o.s.s.web.DefaultSecurityFilterChain - Will secure any request with [org.springframework.security.web.session.DisableEncodeUrlFilter@70c68e4e, org.springframework.security.web.context.request.async.WebAsyncManagerIntegrationFilter@64a74723, org.springframework.security.web.context.SecurityContextHolderFilter@1ff35ee7, org.springframework.security.web.header.HeaderWriterFilter@2c5e2a44, org.springframework.security.web.authentication.logout.LogoutFilter@73625632, com.shiel.campaignapi.config.JwtAuthenticationFilter@7ceb7a60, org.springframework.security.web.savedrequest.RequestCacheAwareFilter@2e5dea22, org.springframework.security.web.servletapi.SecurityContextHolderAwareRequestFilter@21e60eed, org.springframework.security.web.authentication.AnonymousAuthenticationFilter@21a14c45, org.springframework.security.web.session.SessionManagementFilter@7c8537e9, org.springframework.security.web.access.ExceptionTranslationFilter@64e6cdad, org.springframework.security.web.access.intercept.AuthorizationFilter@ca31ad7]
2025-02-17 16:47:32 [main] INFO  o.a.coyote.http11.Http11NioProtocol - Starting ProtocolHandler ["http-nio-8080"]
2025-02-17 16:47:32 [main] INFO  o.a.coyote.http11.Http11NioProtocol - Starting ProtocolHandler ["http-nio-8080"]
2025-02-17 16:47:32 [main] WARN  o.s.b.w.s.c.AnnotationConfigServletWebServerApplicationContext - Exception encountered during context initialization - cancelling refresh attempt: org.springframework.context.ApplicationContextException: Failed to start bean 'webServerStartStop'
2025-02-17 16:47:32 [main] INFO  o.s.s.quartz.SchedulerFactoryBean - Shutting down Quartz Scheduler
2025-02-17 16:47:32 [main] INFO  org.quartz.core.QuartzScheduler - Scheduler MeetingScheduler_$_NON_CLUSTERED shutting down.
2025-02-17 16:47:32 [main] INFO  org.quartz.core.QuartzScheduler - Scheduler MeetingScheduler_$_NON_CLUSTERED paused.
2025-02-17 16:47:32 [main] INFO  org.quartz.core.QuartzScheduler - Scheduler MeetingScheduler_$_NON_CLUSTERED shutdown complete.
2025-02-17 16:47:32 [main] INFO  o.s.o.j.LocalContainerEntityManagerFactoryBean - Closing JPA EntityManagerFactory for persistence unit 'default'
2025-02-17 16:47:32 [main] INFO  com.zaxxer.hikari.HikariDataSource - HikariPool-1 - Shutdown initiated...
2025-02-17 16:47:32 [main] INFO  o.s.b.w.e.tomcat.TomcatWebServer - Tomcat started on port(s): 8080 (http) with context path '/api'
2025-02-17 16:47:32 [main] INFO  o.s.s.quartz.SchedulerFactoryBean - Starting Quartz Scheduler now
2025-02-17 16:47:32 [main] INFO  org.quartz.core.QuartzScheduler - Scheduler MeetingScheduler_$_NON_CLUSTERED started.
2025-02-17 16:47:32 [main] INFO  com.zaxxer.hikari.HikariDataSource - HikariPool-1 - Shutdown completed.
2025-02-17 16:47:32 [main] INFO  o.a.coyote.http11.Http11NioProtocol - Pausing ProtocolHandler ["http-nio-8080"]
2025-02-17 16:47:32 [main] INFO  o.a.catalina.core.StandardService - Stopping service [Tomcat]
2025-02-17 16:47:32 [main] INFO  o.a.coyote.http11.Http11NioProtocol - Stopping ProtocolHandler ["http-nio-8080"]
2025-02-17 16:47:32 [main] INFO  o.a.coyote.http11.Http11NioProtocol - Destroying ProtocolHandler ["http-nio-8080"]
2025-02-17 16:47:32 [main] INFO  c.s.c.CampaignApiApplication - Started CampaignApiApplication in 5.129 seconds (process running for 6.062)
2025-02-17 16:47:32 [main] INFO  o.s.b.a.l.ConditionEvaluationReportLogger - 

Error starting ApplicationContext. To display the condition evaluation report re-run your application with 'debug' enabled.
2025-02-17 16:47:32 [main] ERROR o.s.b.d.LoggingFailureAnalysisReporter - 

***************************
APPLICATION FAILED TO START
***************************

Description:

Web server failed to start. Port 8080 was already in use.

Action:

Identify and stop the process that's listening on port 8080 or configure this application to listen on another port.

2025-02-17 16:47:51 [http-nio-8080-exec-2] INFO  o.a.c.c.C.[.[localhost].[/api] - Initializing Spring DispatcherServlet 'dispatcherServlet'
2025-02-17 16:47:51 [http-nio-8080-exec-2] INFO  o.s.web.servlet.DispatcherServlet - Initializing Servlet 'dispatcherServlet'
2025-02-17 16:47:51 [http-nio-8080-exec-2] INFO  o.s.web.servlet.DispatcherServlet - Completed initialization in 1 ms
2025-02-17 16:47:51 [http-nio-8080-exec-2] INFO  c.s.c.service.ZoomMeetingService - Saving Zoom Meetings
2025-02-17 16:47:51 [http-nio-8080-exec-2] ERROR c.s.c.service.ZoomMeetingService - Error occurred while saving Zoom meeting
java.lang.NullPointerException: zoneId
	at java.base/java.util.Objects.requireNonNull(Objects.java:235)
	at java.base/java.time.ZoneId.of(ZoneId.java:402)
	at java.base/java.time.ZoneId.of(ZoneId.java:358)
	at com.shiel.campaignapi.service.ZoomMeetingService.saveMeeting(ZoomMeetingService.java:47)
	at com.shiel.campaignapi.controller.ZoomMeetingController.addMeeting(ZoomMeetingController.java:35)
	at java.base/jdk.internal.reflect.NativeMethodAccessorImpl.invoke0(Native Method)
	at java.base/jdk.internal.reflect.NativeMethodAccessorImpl.invoke(NativeMethodAccessorImpl.java:77)
	at java.base/jdk.internal.reflect.DelegatingMethodAccessorImpl.invoke(DelegatingMethodAccessorImpl.java:43)
	at java.base/java.lang.reflect.Method.invoke(Method.java:568)
	at org.springframework.web.method.support.InvocableHandlerMethod.doInvoke(InvocableHandlerMethod.java:205)
	at org.springframework.web.method.support.InvocableHandlerMethod.invokeForRequest(InvocableHandlerMethod.java:150)
	at org.springframework.web.servlet.mvc.method.annotation.ServletInvocableHandlerMethod.invokeAndHandle(ServletInvocableHandlerMethod.java:118)
	at org.springframework.web.servlet.mvc.method.annotation.RequestMappingHandlerAdapter.invokeHandlerMethod(RequestMappingHandlerAdapter.java:884)
	at org.springframework.web.servlet.mvc.method.annotation.RequestMappingHandlerAdapter.handleInternal(RequestMappingHandlerAdapter.java:797)
	at org.springframework.web.servlet.mvc.method.AbstractHandlerMethodAdapter.handle(AbstractHandlerMethodAdapter.java:87)
	at org.springframework.web.servlet.DispatcherServlet.doDispatch(DispatcherServlet.java:1081)
	at org.springframework.web.servlet.DispatcherServlet.doService(DispatcherServlet.java:974)
	at org.springframework.web.servlet.FrameworkServlet.processRequest(FrameworkServlet.java:1011)
	at org.springframework.web.servlet.FrameworkServlet.doPost(FrameworkServlet.java:914)
	at jakarta.servlet.http.HttpServlet.service(HttpServlet.java:590)
	at org.springframework.web.servlet.FrameworkServlet.service(FrameworkServlet.java:885)
	at jakarta.servlet.http.HttpServlet.service(HttpServlet.java:658)
	at org.apache.catalina.core.ApplicationFilterChain.internalDoFilter(ApplicationFilterChain.java:205)
	at org.apache.catalina.core.ApplicationFilterChain.doFilter(ApplicationFilterChain.java:149)
	at org.apache.tomcat.websocket.server.WsFilter.doFilter(WsFilter.java:51)
	at org.apache.catalina.core.ApplicationFilterChain.internalDoFilter(ApplicationFilterChain.java:174)
	at org.apache.catalina.core.ApplicationFilterChain.doFilter(ApplicationFilterChain.java:149)
	at org.springframework.web.filter.OncePerRequestFilter.doFilter(OncePerRequestFilter.java:110)
	at org.apache.catalina.core.ApplicationFilterChain.internalDoFilter(ApplicationFilterChain.java:174)
	at org.apache.catalina.core.ApplicationFilterChain.doFilter(ApplicationFilterChain.java:149)
	at org.springframework.security.web.FilterChainProxy.lambda$doFilterInternal$3(FilterChainProxy.java:231)
	at org.springframework.security.web.FilterChainProxy$VirtualFilterChain.doFilter(FilterChainProxy.java:365)
	at org.springframework.security.web.access.intercept.AuthorizationFilter.doFilter(AuthorizationFilter.java:100)
	at org.springframework.security.web.FilterChainProxy$VirtualFilterChain.doFilter(FilterChainProxy.java:374)
	at org.springframework.security.web.access.ExceptionTranslationFilter.doFilter(ExceptionTranslationFilter.java:126)
	at org.springframework.security.web.access.ExceptionTranslationFilter.doFilter(ExceptionTranslationFilter.java:120)
	at org.springframework.security.web.FilterChainProxy$VirtualFilterChain.doFilter(FilterChainProxy.java:374)
	at org.springframework.security.web.session.SessionManagementFilter.doFilter(SessionManagementFilter.java:131)
	at org.springframework.security.web.session.SessionManagementFilter.doFilter(SessionManagementFilter.java:85)
	at org.springframework.security.web.FilterChainProxy$VirtualFilterChain.doFilter(FilterChainProxy.java:374)
	at org.springframework.security.web.authentication.AnonymousAuthenticationFilter.doFilter(AnonymousAuthenticationFilter.java:100)
	at org.springframework.security.web.FilterChainProxy$VirtualFilterChain.doFilter(FilterChainProxy.java:374)
	at org.springframework.security.web.servletapi.SecurityContextHolderAwareRequestFilter.doFilter(SecurityContextHolderAwareRequestFilter.java:179)
	at org.springframework.security.web.FilterChainProxy$VirtualFilterChain.doFilter(FilterChainProxy.java:374)
	at org.springframework.security.web.savedrequest.RequestCacheAwareFilter.doFilter(RequestCacheAwareFilter.java:63)
	at org.springframework.security.web.FilterChainProxy$VirtualFilterChain.doFilter(FilterChainProxy.java:374)
	at com.shiel.campaignapi.config.JwtAuthenticationFilter.doFilterInternal(JwtAuthenticationFilter.java:91)
	at org.springframework.web.filter.OncePerRequestFilter.doFilter(OncePerRequestFilter.java:116)
	at org.springframework.security.web.FilterChainProxy$VirtualFilterChain.doFilter(FilterChainProxy.java:374)
	at org.springframework.security.web.authentication.logout.LogoutFilter.doFilter(LogoutFilter.java:107)
	at org.springframework.security.web.authentication.logout.LogoutFilter.doFilter(LogoutFilter.java:93)
	at org.springframework.security.web.FilterChainProxy$VirtualFilterChain.doFilter(FilterChainProxy.java:374)
	at org.springframework.security.web.header.HeaderWriterFilter.doHeadersAfter(HeaderWriterFilter.java:90)
	at org.springframework.security.web.header.HeaderWriterFilter.doFilterInternal(HeaderWriterFilter.java:75)
	at org.springframework.web.filter.OncePerRequestFilter.doFilter(OncePerRequestFilter.java:116)
	at org.springframework.security.web.FilterChainProxy$VirtualFilterChain.doFilter(FilterChainProxy.java:374)
	at org.springframework.security.web.context.SecurityContextHolderFilter.doFilter(SecurityContextHolderFilter.java:82)
	at org.springframework.security.web.context.SecurityContextHolderFilter.doFilter(SecurityContextHolderFilter.java:69)
	at org.springframework.security.web.FilterChainProxy$VirtualFilterChain.doFilter(FilterChainProxy.java:374)
	at org.springframework.security.web.context.request.async.WebAsyncManagerIntegrationFilter.doFilterInternal(WebAsyncManagerIntegrationFilter.java:62)
	at org.springframework.web.filter.OncePerRequestFilter.doFilter(OncePerRequestFilter.java:116)
	at org.springframework.security.web.FilterChainProxy$VirtualFilterChain.doFilter(FilterChainProxy.java:374)
	at org.springframework.security.web.session.DisableEncodeUrlFilter.doFilterInternal(DisableEncodeUrlFilter.java:42)
	at org.springframework.web.filter.OncePerRequestFilter.doFilter(OncePerRequestFilter.java:116)
	at org.springframework.security.web.FilterChainProxy$VirtualFilterChain.doFilter(FilterChainProxy.java:374)
	at org.springframework.security.web.FilterChainProxy.doFilterInternal(FilterChainProxy.java:233)
	at org.springframework.security.web.FilterChainProxy.doFilter(FilterChainProxy.java:191)
	at org.springframework.web.filter.DelegatingFilterProxy.invokeDelegate(DelegatingFilterProxy.java:352)
	at org.springframework.web.filter.DelegatingFilterProxy.doFilter(DelegatingFilterProxy.java:268)
	at org.apache.catalina.core.ApplicationFilterChain.internalDoFilter(ApplicationFilterChain.java:174)
	at org.apache.catalina.core.ApplicationFilterChain.doFilter(ApplicationFilterChain.java:149)
	at org.springframework.web.filter.RequestContextFilter.doFilterInternal(RequestContextFilter.java:100)
	at org.springframework.web.filter.OncePerRequestFilter.doFilter(OncePerRequestFilter.java:116)
	at org.apache.catalina.core.ApplicationFilterChain.internalDoFilter(ApplicationFilterChain.java:174)
	at org.apache.catalina.core.ApplicationFilterChain.doFilter(ApplicationFilterChain.java:149)
	at org.springframework.web.filter.FormContentFilter.doFilterInternal(FormContentFilter.java:93)
	at org.springframework.web.filter.OncePerRequestFilter.doFilter(OncePerRequestFilter.java:116)
	at org.apache.catalina.core.ApplicationFilterChain.internalDoFilter(ApplicationFilterChain.java:174)
	at org.apache.catalina.core.ApplicationFilterChain.doFilter(ApplicationFilterChain.java:149)
	at org.springframework.web.filter.CharacterEncodingFilter.doFilterInternal(CharacterEncodingFilter.java:201)
	at org.springframework.web.filter.OncePerRequestFilter.doFilter(OncePerRequestFilter.java:116)
	at org.apache.catalina.core.ApplicationFilterChain.internalDoFilter(ApplicationFilterChain.java:174)
	at org.apache.catalina.core.ApplicationFilterChain.doFilter(ApplicationFilterChain.java:149)
	at org.apache.catalina.core.StandardWrapperValve.invoke(StandardWrapperValve.java:167)
	at org.apache.catalina.core.StandardContextValve.invoke(StandardContextValve.java:90)
	at org.apache.catalina.authenticator.AuthenticatorBase.invoke(AuthenticatorBase.java:482)
	at org.apache.catalina.core.StandardHostValve.invoke(StandardHostValve.java:115)
	at org.apache.catalina.valves.ErrorReportValve.invoke(ErrorReportValve.java:93)
	at org.apache.catalina.core.StandardEngineValve.invoke(StandardEngineValve.java:74)
	at org.apache.catalina.connector.CoyoteAdapter.service(CoyoteAdapter.java:341)
	at org.apache.coyote.http11.Http11Processor.service(Http11Processor.java:391)
	at org.apache.coyote.AbstractProcessorLight.process(AbstractProcessorLight.java:63)
	at org.apache.coyote.AbstractProtocol$ConnectionHandler.process(AbstractProtocol.java:894)
	at org.apache.tomcat.util.net.NioEndpoint$SocketProcessor.doRun(NioEndpoint.java:1740)
	at org.apache.tomcat.util.net.SocketProcessorBase.run(SocketProcessorBase.java:52)
	at org.apache.tomcat.util.threads.ThreadPoolExecutor.runWorker(ThreadPoolExecutor.java:1191)
	at org.apache.tomcat.util.threads.ThreadPoolExecutor$Worker.run(ThreadPoolExecutor.java:659)
	at org.apache.tomcat.util.threads.TaskThread$WrappingRunnable.run(TaskThread.java:61)
	at java.base/java.lang.Thread.run(Thread.java:833)
2025-02-17 16:52:22 [http-nio-8080-exec-5] INFO  c.s.c.service.ZoomMeetingService - Saving Zoom Meetings
2025-02-17 16:52:22 [http-nio-8080-exec-5] INFO  c.s.c.service.ZoomMeetingService - Next meeting scheduled for: 2025-02-23T21:00+05:30[Asia/Kolkata]
2025-02-17 17:12:12 [http-nio-8080-exec-9] INFO  c.s.c.service.AuthenticationService - Attempting authentication for identifier: shibinshibu7078@gmail.com
2025-02-17 17:12:12 [http-nio-8080-exec-9] INFO  c.s.c.service.AuthenticationService - Authentication successful for user with email: shibinshibu7078@gmail.com
2025-02-17 17:13:14 [http-nio-8080-exec-2] INFO  c.s.campaignapi.service.EventService - Validating dates: startDate=Fri Mar 07 05:30:00 IST 2025, endDate=Mon Mar 10 05:30:00 IST 2025
2025-02-17 17:13:14 [http-nio-8080-exec-2] INFO  c.s.campaignapi.service.EventService - Updating event: com.shiel.campaignapi.dto.EventDto@1a7ef488
